Event_ID,League_Code,Team_A_Code,Team_B_Code,Match_Date,Stadium_Code,City_Code,Seat_Category_Code,Ticket_Price,Sale_Date,Days_Before_Match,Quantity,Weather_Code,Day_of_Week_Code,Demand_Level_Code
436,7,64,70,2025-05-21,8,8,3,15000,2024-12-22,150,5,2,3,2
192,2,17,13,2024-04-19,10,10,4,11059,2024-04-04,15,3,4,5,2
485,3,28,30,2025-02-15,10,10,1,11935,2024-10-08,130,4,4,6,2
431,8,79,80,2024-12-03,2,2,2,15000,2024-10-20,44,2,2,2,3
462,8,74,78,2023-08-05,9,9,1,9060,2023-07-21,15,1,1,6,3
492,1,2,5,2023-10-16,5,5,2,8123,2023-09-05,41,7,1,1,2
407,7,62,67,2024-09-04,3,3,1,7680,2024-08-30,5,10,3,3,2
42,10,96,100,2023-08-19,4,4,1,7383,2023-03-12,160,7,3,6,2
170,2,11,13,2023-07-09,1,1,1,9753,2023-03-10,121,9,4,7,1
198,7,64,70,2024-03-17,4,4,4,15000,2024-02-07,39,2,3,7,1
81,8,78,73,2025-12-12,10,10,4,15000,2025-07-05,160,7,4,5,1
255,1,10,7,2023-07-06,6,6,4,15000,2023-04-04,93,3,4,4,1
346,3,26,22,2025-05-21,1,1,3,15000,2024-11-24,178,7,2,3,1
112,10,95,93,2024-03-28,5,5,4,15000,2024-03-19,9,9,3,4,2
404,3,29,25,2023-09-11,3,3,4,15000,2023-06-04,99,9,5,1,1
194,2,19,12,2025-03-26,4,4,4,15000,2024-11-18,128,8,3,3,2
470,3,21,24,2023-01-27,2,2,1,7192,2022-12-28,30,1,4,5,2
317,5,48,46,2025-12-05,5,5,2,1518,2025-08-28,99,9,5,5,3
95,5,42,49,2023-05-08,2,2,1,4965,2023-03-15,54,10,3,1,2
288,2,20,11,2023-09-03,7,7,1,15000,2023-03-17,170,7,2,7,3
13,8,76,73,2024-10-15,3,3,3,15000,2024-05-25,143,2,2,2,2
51,6,55,53,2025-12-13,5,5,1,229,2025-12-05,8,5,4,6,1
196,7,68,62,2024-09-27,10,10,2,15000,2024-05-03,147,1,3,5,2
229,10,93,92,2024-09-25,1,1,3,15000,2024-08-22,34,6,1,3,2
192,7,68,61,2024-11-27,5,5,3,15000,2024-08-25,94,4,5,3,2
432,10,99,98,2025-03-12,4,4,3,15000,2024-10-25,138,10,3,3,2
325,8,75,76,2024-11-20,3,3,4,15000,2024-10-18,33,1,5,3,2
65,3,26,29,2024-05-13,2,2,3,15000,2024-02-22,81,10,5,1,3
115,2,16,18,2024-12-29,5,5,1,15000,2024-07-18,164,10,5,7,2
177,3,28,30,2023-10-06,9,9,3,15000,2023-06-23,105,1,1,5,2
342,9,82,87,2024-12-18,4,4,3,15000,2024-08-29,111,5,5,3,1
379,4,39,33,2025-07-23,10,10,1,7043,2025-02-10,163,7,5,3,1
74,9,83,89,2025-08-03,10,10,2,15000,2025-07-29,5,5,3,7,2
342,1,6,3,2024-03-20,6,6,3,15000,2023-12-20,91,10,2,3,1
220,2,18,12,2023-07-09,9,9,3,1007,2023-03-18,113,9,1,7,1
44,10,92,91,2023-02-16,9,9,1,4538,2023-02-02,14,1,5,4,2
441,7,61,63,2024-11-06,10,10,4,15000,2024-09-07,60,2,4,3,1
192,4,32,33,2024-01-25,2,2,3,15000,2023-12-09,47,9,2,4,1
251,2,14,20,2025-05-02,10,10,3,15000,2025-02-05,86,1,5,5,1
385,3,29,22,2025-02-09,5,5,3,15000,2024-12-18,53,5,2,7,3
78,5,46,48,2024-05-02,2,2,4,15000,2024-01-28,95,8,2,4,2
259,6,58,60,2025-02-05,7,7,3,15000,2024-11-12,85,2,3,3,1
294,2,11,14,2023-09-06,6,6,1,3615,2023-06-19,79,7,2,3,3
138,4,33,40,2023-02-22,2,2,1,7786,2022-10-19,126,3,1,3,2
400,6,52,56,2023-04-03,2,2,1,8748,2022-12-02,122,3,3,1,3
317,10,98,93,2024-06-29,1,1,2,13346,2024-05-15,45,9,2,6,2
239,6,57,60,2024-12-19,8,8,2,15000,2024-12-05,14,10,4,4,1
365,2,14,12,2025-03-16,3,3,3,4038,2025-03-01,15,9,5,7,1
273,9,83,88,2023-01-25,4,4,2,15000,2022-11-19,67,9,5,3,2
34,6,56,55,2024-11-22,10,10,4,12661,2024-09-24,59,6,5,5,3
277,6,51,55,2025-04-02,9,9,3,15000,2024-11-22,131,3,5,3,3
322,6,53,55,2024-07-27,9,9,2,15000,2024-05-09,79,8,2,6,1
410,6,52,55,2023-03-31,6,6,1,4770,2022-11-25,126,4,5,5,2
178,6,56,53,2023-11-17,5,5,1,13252,2023-10-31,17,9,3,5,2
94,3,23,28,2024-08-10,3,3,3,15000,2024-08-09,1,8,4,6,3
229,9,81,87,2023-05-12,9,9,1,14911,2023-03-31,42,9,2,5,3
14,8,72,80,2024-05-17,2,2,2,15000,2024-03-25,53,8,3,5,2
67,6,59,56,2025-07-11,4,4,1,1416,2025-06-03,38,9,1,5,2
254,1,9,10,2025-03-16,4,4,1,14021,2024-09-17,180,8,5,7,2
332,4,35,31,2023-01-11,10,10,4,15000,2022-12-04,38,6,2,3,3
141,10,95,99,2023-05-07,10,10,1,8971,2023-02-04,92,10,1,7,2
297,8,78,73,2025-09-09,9,9,1,3544,2025-07-08,63,6,3,2,2
309,9,87,86,2024-06-20,10,10,3,15000,2024-05-13,38,2,2,4,2
128,1,2,10,2023-10-12,6,6,2,12424,2023-05-09,156,2,5,4,2
361,4,32,33,2025-09-16,7,7,3,8822,2025-05-16,123,8,3,2,1
429,1,7,4,2024-05-16,1,1,2,15000,2023-12-02,166,3,4,4,1
131,7,65,67,2025-10-28,1,1,1,10618,2025-08-22,67,8,3,2,2
249,6,57,56,2025-03-24,4,4,4,6169,2024-10-10,165,6,5,1,2
7,2,12,16,2024-11-30,2,2,2,3242,2024-07-24,129,5,4,6,1
471,3,23,29,2025-05-03,8,8,1,6676,2024-11-26,158,8,3,6,3
370,1,8,4,2024-05-08,4,4,2,15000,2024-04-09,29,2,5,3,1
42,5,50,43,2024-08-10,7,7,1,852,2024-04-26,106,6,5,6,1
98,8,73,74,2024-12-02,10,10,2,15000,2024-09-29,64,2,4,1,3
181,3,21,28,2024-11-06,1,1,3,15000,2024-09-28,39,8,3,3,3
246,8,80,77,2025-08-15,2,2,1,2559,2025-03-14,154,2,5,5,1
129,1,5,4,2023-06-21,3,3,2,15000,2023-03-11,102,2,4,3,1
445,1,2,8,2024-01-09,6,6,4,15000,2023-12-15,25,2,1,2,2
489,10,93,98,2023-12-01,5,5,3,6164,2023-07-17,137,3,2,5,2
223,2,20,15,2025-09-21,2,2,3,15000,2025-08-15,37,8,2,7,2
15,7,63,70,2023-01-16,10,10,4,15000,2022-09-12,126,2,3,1,3
269,7,68,65,2024-04-21,5,5,4,15000,2024-04-05,16,8,4,7,3
359,9,90,89,2023-11-20,2,2,2,15000,2023-10-14,37,9,1,1,3
399,9,86,85,2025-07-27,6,6,3,15000,2025-05-25,63,8,3,7,3
199,9,87,82,2023-08-14,9,9,2,9765,2023-02-26,169,1,2,1,2
261,5,45,50,2024-02-23,2,2,2,15000,2023-12-23,62,1,3,5,3
381,8,78,77,2024-09-26,9,9,3,15000,2024-04-26,153,2,4,4,1
25,8,77,80,2024-03-29,5,5,4,15000,2023-10-05,176,5,5,5,3
186,3,26,27,2023-08-04,3,3,4,14365,2023-02-17,168,1,3,5,3
181,9,82,85,2024-07-10,10,10,1,6922,2024-06-09,31,7,2,3,1
158,5,48,50,2025-12-05,1,1,1,15000,2025-11-18,17,8,2,5,2
496,3,29,25,2024-07-25,5,5,1,1837,2024-07-03,22,4,4,4,2
219,4,35,33,2023-07-29,2,2,2,5286,2023-02-04,175,4,3,6,1
29,7,70,64,2025-01-07,4,4,1,8760,2024-09-30,99,9,5,2,2
175,2,20,19,2023-10-30,5,5,3,15000,2023-08-07,84,6,3,1,1
58,1,7,8,2024-05-06,8,8,4,15000,2023-11-14,174,9,1,1,1
500,2,11,16,2024-06-10,9,9,2,15000,2024-05-24,17,4,4,1,2
117,6,57,60,2023-12-04,6,6,4,15000,2023-11-23,11,9,1,1,3
267,8,75,79,2024-08-14,6,6,2,15000,2024-05-14,92,4,1,3,2
353,2,14,13,2023-07-13,6,6,3,15000,2023-04-14,90,10,2,4,1
360,1,5,10,2023-04-21,7,7,3,3985,2023-01-27,84,4,2,5,2
127,3,30,23,2023-05-02,3,3,3,15000,2023-01-22,100,8,5,2,2
300,3,28,27,2025-07-12,10,10,3,15000,2025-06-07,35,6,1,6,3
159,5,41,43,2025-08-13,8,8,2,14073,2025-02-17,177,3,1,3,2
66,4,31,39,2024-09-28,3,3,1,14320,2024-09-10,18,8,5,6,2
8,10,95,99,2025-10-01,9,9,2,9794,2025-08-02,60,8,1,3,2
145,6,57,58,2024-04-04,8,8,4,6355,2024-02-19,45,7,3,4,3
93,10,92,97,2024-07-29,6,6,4,15000,2024-07-01,28,9,3,1,2
305,5,45,42,2023-11-30,2,2,1,6636,2023-10-24,37,4,2,4,1
198,3,27,24,2024-05-04,4,4,1,11787,2024-03-22,43,2,1,6,2
223,7,65,61,2023-11-04,2,2,2,15000,2023-07-03,124,7,2,6,1
157,8,79,78,2024-03-02,10,10,2,1519,2023-11-09,114,2,1,6,3
369,8,75,72,2025-12-12,5,5,1,939,2025-09-13,90,2,2,5,2
161,9,82,84,2025-08-28,4,4,2,9079,2025-04-25,125,6,4,4,2
397,2,20,16,2024-03-30,9,9,1,2888,2023-11-08,143,1,4,6,2
403,5,46,47,2025-05-16,8,8,2,15000,2025-03-03,74,2,1,5,1
304,8,73,79,2023-10-31,5,5,3,15000,2023-09-17,44,4,3,2,2
364,2,16,12,2024-12-15,3,3,3,15000,2024-10-08,68,5,5,7,1
496,4,31,38,2024-10-31,2,2,2,7502,2024-05-07,177,4,2,4,1
351,7,64,63,2023-02-05,4,4,4,15000,2022-10-10,118,7,1,7,1
47,10,93,100,2023-01-10,8,8,2,3057,2022-09-11,121,10,1,2,1
50,4,35,37,2025-09-19,7,7,2,15000,2025-07-12,69,1,3,5,3
149,7,70,62,2025-08-26,9,9,2,15000,2025-03-26,153,2,3,2,2
42,3,29,25,2024-07-07,7,7,1,15000,2024-06-01,36,8,5,7,3
136,9,89,83,2024-05-31,5,5,4,15000,2024-04-11,50,3,4,5,1
326,6,58,55,2023-04-26,8,8,2,15000,2023-03-13,44,10,4,3,3
311,9,86,82,2023-08-25,7,7,4,15000,2023-05-02,115,8,5,5,2
121,1,9,3,2025-01-07,4,4,1,543,2024-08-09,151,2,5,2,1
475,2,18,15,2023-11-07,6,6,3,15000,2023-06-10,150,6,4,2,3
42,1,1,7,2025-12-26,7,7,4,15000,2025-12-12,14,9,5,5,1
419,2,13,15,2023-06-13,1,1,2,5528,2023-03-25,80,6,5,2,1
390,9,87,86,2025-11-01,4,4,2,15000,2025-09-02,60,6,5,6,1
467,7,68,69,2024-11-20,8,8,3,4186,2024-08-29,83,9,3,3,1
263,3,28,22,2024-02-24,6,6,3,3500,2023-08-30,178,5,4,6,2
7,3,21,24,2024-02-09,6,6,2,15000,2023-11-22,79,5,2,5,2
389,7,63,64,2023-06-22,4,4,1,13210,2023-02-03,139,5,4,4,1
196,10,95,96,2024-07-07,5,5,2,6830,2024-02-17,141,1,1,7,1
425,9,86,83,2023-08-20,5,5,4,15000,2023-07-17,34,8,3,7,2
444,1,2,6,2025-10-28,8,8,1,11910,2025-08-02,87,1,5,2,3
17,8,77,71,2024-05-13,3,3,3,15000,2024-05-08,5,5,2,1,1
223,1,4,5,2025-04-15,9,9,1,3979,2024-12-14,122,7,2,2,1
258,8,80,71,2023-09-30,8,8,2,15000,2023-04-30,153,8,3,6,2
278,2,12,16,2023-05-02,7,7,3,15000,2023-04-20,12,9,2,2,2
126,5,41,45,2023-08-23,9,9,2,9619,2023-05-23,92,2,2,3,1
283,4,40,36,2024-11-26,3,3,3,15000,2024-07-31,118,3,5,2,1
128,9,87,90,2025-05-23,2,2,3,7784,2025-05-13,10,5,3,5,1
500,9,85,83,2025-11-09,3,3,3,10858,2025-08-31,70,8,3,7,3
20,4,37,34,2025-05-20,5,5,2,15000,2025-04-12,38,4,4,2,2
71,7,61,69,2023-06-11,2,2,3,15000,2023-01-03,159,3,1,7,2
152,6,58,52,2023-07-02,1,1,3,15000,2023-02-06,146,4,1,7,2
118,9,88,89,2023-03-19,7,7,1,10348,2022-12-19,90,5,1,7,2
259,2,12,14,2024-06-30,10,10,3,15000,2024-04-22,69,5,4,7,3
356,5,45,48,2025-03-19,6,6,2,15000,2025-01-18,60,9,4,3,2
414,5,41,49,2023-07-24,6,6,4,12656,2023-05-12,73,4,3,1,1
21,9,88,85,2025-08-01,7,7,1,7827,2025-02-12,170,10,4,5,2
165,9,87,86,2024-01-06,9,9,1,7603,2023-08-31,128,9,5,6,1
196,5,42,43,2023-01-28,10,10,3,15000,2022-08-12,169,7,1,6,2
98,6,58,53,2024-03-10,7,7,2,1641,2023-12-25,76,8,4,7,1
319,3,23,30,2024-01-11,8,8,1,11769,2023-10-24,79,6,4,4,3
168,9,85,88,2025-10-08,3,3,2,11560,2025-04-24,167,4,1,3,1
197,3,27,30,2025-12-31,7,7,1,13230,2025-11-14,47,8,2,3,1
268,6,54,51,2023-02-09,6,6,1,1072,2022-10-03,129,7,5,4,2
260,5,47,49,2024-07-28,7,7,1,2717,2024-07-07,21,2,4,7,3
128,7,70,68,2025-10-18,5,5,3,15000,2025-10-09,9,4,2,6,1
431,2,11,20,2023-06-05,8,8,2,15000,2022-12-26,161,5,3,1,1
431,3,28,30,2025-07-19,1,1,4,15000,2025-03-16,125,2,2,6,1
454,7,65,66,2023-05-23,5,5,3,15000,2023-03-27,57,5,5,2,2
39,1,7,8,2023-08-07,7,7,3,15000,2023-05-08,91,2,4,1,1
30,3,30,25,2025-06-17,10,10,3,15000,2025-05-20,28,4,5,2,3
251,9,90,82,2023-09-22,1,1,4,15000,2023-08-01,52,9,3,5,1
196,9,89,86,2024-11-25,1,1,4,15000,2024-06-20,158,3,3,1,3
255,5,42,46,2025-11-24,1,1,2,4013,2025-09-20,65,8,5,1,2
76,6,51,57,2024-05-19,3,3,4,15000,2024-03-25,55,7,4,7,1
342,3,25,29,2023-08-02,9,9,2,15000,2023-03-10,145,6,2,3,3
449,10,92,97,2024-12-01,6,6,1,7505,2024-10-16,46,1,3,7,3
341,7,70,69,2025-03-27,9,9,1,579,2024-12-29,88,5,3,4,3
39,9,82,86,2024-03-20,1,1,1,7302,2023-12-21,90,7,4,3,3
347,9,88,83,2025-09-16,1,1,3,15000,2025-04-05,164,2,5,2,1
84,8,78,75,2023-04-15,10,10,2,15000,2023-02-23,51,10,2,6,1
28,7,67,69,2023-10-23,2,2,1,9874,2023-05-07,169,3,3,1,2
357,10,93,94,2024-02-24,3,3,1,15000,2023-10-28,119,9,5,6,3
288,2,15,16,2024-11-09,2,2,4,15000,2024-06-06,156,5,4,6,1
47,1,8,1,2025-10-03,1,1,1,15000,2025-08-26,38,5,2,5,3
321,6,57,59,2023-12-29,10,10,3,13892,2023-11-09,50,6,3,5,1
485,10,91,97,2025-02-24,9,9,1,7604,2025-01-26,29,4,1,1,1
68,6,53,54,2023-12-09,3,3,3,1658,2023-10-28,42,2,5,6,1
300,5,42,46,2025-05-15,4,4,3,15000,2025-04-28,17,3,4,4,1
152,9,82,89,2023-06-13,6,6,3,6976,2023-04-10,64,5,2,2,2
149,6,59,53,2025-06-01,3,3,2,15000,2025-04-14,48,4,2,7,2
446,1,4,5,2025-08-31,2,2,4,15000,2025-03-05,179,4,5,7,2
328,9,90,86,2024-03-18,5,5,1,4368,2023-09-25,175,7,2,1,2
171,6,60,51,2024-11-26,9,9,2,6211,2024-10-10,47,3,3,2,1
488,1,2,8,2023-05-21,8,8,4,15000,2023-01-08,133,9,1,7,3
23,8,71,80,2023-07-07,2,2,1,8209,2023-05-07,61,3,3,5,3
145,8,71,73,2025-11-02,8,8,3,15000,2025-05-27,159,2,3,7,3
382,8,73,72,2024-03-12,5,5,3,15000,2024-01-19,53,3,1,2,2
183,1,1,3,2024-02-16,4,4,1,5828,2023-09-17,152,6,4,5,1
466,8,80,76,2025-09-17,1,1,2,15000,2025-06-16,93,10,2,3,1
343,1,3,9,2024-10-29,9,9,1,7150,2024-07-14,107,3,1,2,3
100,4,40,38,2024-04-15,10,10,1,4020,2023-11-06,161,9,2,1,1
235,5,42,50,2024-06-16,4,4,3,15000,2024-01-28,140,5,2,7,1
28,7,65,68,2025-11-02,2,2,1,4656,2025-06-14,141,4,2,7,1
459,6,52,59,2023-06-11,9,9,4,15000,2023-06-03,8,7,4,7,2
492,6,52,60,2023-02-18,6,6,2,15000,2022-10-03,138,5,4,6,1
102,5,45,50,2023-04-21,6,6,1,13712,2023-04-09,12,6,4,5,1
228,9,85,83,2023-06-24,9,9,2,12873,2023-01-10,165,6,5,6,1
7,10,92,98,2024-09-14,3,3,1,14450,2024-04-07,160,8,1,6,2
45,8,79,77,2024-02-16,7,7,4,15000,2024-02-12,4,10,1,5,1
434,4,35,38,2023-01-26,9,9,2,15000,2022-12-12,45,3,3,4,3
68,8,72,75,2024-05-03,2,2,2,15000,2024-01-10,114,5,4,5,2
54,8,77,74,2024-03-28,6,6,2,15000,2024-01-26,62,6,2,4,2
478,3,30,22,2023-11-27,2,2,3,15000,2023-08-24,95,6,1,1,1
320,8,78,76,2023-11-07,6,6,2,15000,2023-06-06,154,6,4,2,3
273,2,11,13,2024-05-09,1,1,3,15000,2024-03-31,39,1,3,4,3
93,6,53,51,2023-06-20,5,5,4,15000,2023-01-01,170,8,2,2,2
101,6,60,56,2024-10-28,2,2,3,15000,2024-06-21,129,9,5,1,2
404,4,36,34,2024-11-15,4,4,1,15000,2024-08-16,91,2,4,5,3
154,10,98,95,2023-12-20,8,8,1,3707,2023-07-04,169,4,5,3,2
149,3,27,28,2024-04-06,4,4,3,13675,2023-12-22,106,4,2,6,1
41,8,79,75,2024-02-25,1,1,3,15000,2023-11-06,111,8,3,7,3
482,4,35,36,2024-09-19,7,7,1,4090,2024-07-12,69,5,1,4,1
326,6,54,58,2023-12-08,4,4,4,15000,2023-09-23,76,6,3,5,2
453,9,89,90,2023-07-25,9,9,2,15000,2023-03-24,123,6,4,2,3
213,6,57,54,2025-02-05,9,9,1,5921,2024-09-19,139,10,1,3,1
111,4,32,34,2024-05-03,8,8,2,15000,2024-01-20,104,7,3,5,3
378,7,70,66,2024-08-04,6,6,4,15000,2024-06-13,52,5,3,7,1
192,7,65,68,2023-02-12,4,4,3,15000,2022-11-26,78,10,1,7,3
388,7,62,65,2023-07-12,5,5,3,15000,2023-04-23,80,6,5,3,3
147,3,21,25,2025-11-11,3,3,1,15000,2025-08-31,72,7,3,2,3
179,3,23,25,2023-11-27,5,5,3,15000,2023-07-10,140,1,1,1,2
118,5,44,45,2024-07-12,7,7,4,15000,2024-06-09,33,4,3,5,2
404,8,75,73,2023-07-21,1,1,2,15000,2023-07-15,6,10,5,5,3
82,5,42,45,2024-01-22,10,10,2,15000,2023-10-25,89,3,2,1,1
22,6,56,52,2023-05-28,3,3,4,15000,2023-02-06,111,2,5,7,1
73,10,95,98,2025-12-24,3,3,2,15000,2025-12-14,10,5,3,3,2
379,5,47,43,2023-10-28,4,4,3,15000,2023-09-09,49,9,4,6,3
73,4,37,34,2024-11-20,3,3,4,15000,2024-08-27,85,9,4,3,3
411,9,85,82,2023-07-31,8,8,3,15000,2023-04-09,113,5,4,1,1
366,1,1,4,2023-11-27,2,2,2,15000,2023-10-10,48,7,2,1,3
164,3,27,24,2024-05-04,1,1,1,4702,2023-12-22,134,9,1,6,3
37,6,57,54,2023-05-03,6,6,2,14167,2022-11-16,168,4,2,3,2
354,2,11,17,2025-09-14,1,1,3,8817,2025-09-11,3,6,2,7,2
341,6,56,59,2023-10-30,4,4,3,7365,2023-09-25,35,4,5,1,1
234,8,76,73,2024-06-27,7,7,4,15000,2024-02-15,133,4,2,4,1
336,7,62,64,2024-10-23,9,9,2,15000,2024-10-18,5,10,1,3,1
414,3,28,23,2024-05-09,7,7,1,10919,2023-12-16,145,7,5,4,2
94,2,15,17,2025-08-31,10,10,2,15000,2025-05-08,115,4,2,7,2
247,7,62,61,2023-05-17,1,1,2,13381,2023-04-28,19,3,2,3,2
413,1,8,4,2023-08-27,1,1,1,6810,2023-06-24,64,7,2,7,2
282,5,49,48,2024-06-12,9,9,3,15000,2024-02-02,131,5,3,3,2
310,9,84,83,2025-08-04,6,6,1,15000,2025-02-28,157,3,3,1,3
139,3,21,26,2024-12-16,9,9,4,15000,2024-11-10,36,4,1,1,3
333,2,17,19,2023-01-03,6,6,2,15000,2022-10-31,64,8,3,2,2
331,4,35,38,2024-12-19,9,9,4,15000,2024-08-05,136,9,2,4,2
480,7,62,66,2024-08-05,9,9,3,3596,2024-03-24,134,10,1,1,1
277,3,23,21,2023-09-24,6,6,4,15000,2023-09-16,8,8,3,7,1
94,2,15,19,2024-10-19,1,1,4,14860,2024-08-18,62,6,1,6,1
222,3,30,28,2025-09-25,5,5,3,15000,2025-05-16,132,7,4,4,2
28,1,2,4,2025-04-07,8,8,2,15000,2024-10-11,178,6,1,1,3
232,8,79,71,2025-06-11,6,6,4,15000,2025-05-15,27,4,4,3,1
451,10,97,92,2024-05-22,5,5,3,15000,2024-02-26,86,6,2,3,2
207,7,64,61,2023-03-09,3,3,3,15000,2022-12-25,74,9,4,4,2
139,8,78,80,2023-06-19,4,4,2,15000,2023-01-17,153,2,3,1,2
471,8,74,76,2025-07-06,3,3,1,993,2025-05-03,64,7,4,7,2
214,6,59,53,2024-01-10,8,8,2,15000,2023-12-21,20,6,3,3,2
293,2,20,15,2024-10-21,8,8,1,15000,2024-09-11,40,10,1,1,2
144,7,66,62,2024-04-09,7,7,1,15000,2024-04-01,8,5,4,2,1
268,7,64,69,2025-12-30,10,10,2,15000,2025-12-10,20,2,2,2,1
84,5,49,48,2024-07-21,10,10,3,15000,2024-06-23,28,1,4,7,2
282,5,45,41,2023-04-06,5,5,4,15000,2023-03-27,10,8,3,4,1
145,7,64,65,2023-07-03,2,2,1,15000,2023-06-11,22,9,2,1,2
399,1,3,8,2025-09-07,2,2,1,517,2025-06-23,76,6,3,7,2
400,2,12,19,2025-09-05,9,9,4,15000,2025-06-07,90,6,4,5,3
333,9,82,81,2025-01-27,2,2,4,15000,2024-08-30,150,6,1,1,2
394,3,24,28,2023-10-14,5,5,2,15000,2023-07-22,84,7,4,6,1
114,10,92,93,2025-12-17,8,8,2,15000,2025-08-30,109,7,3,3,1
229,7,64,68,2025-05-20,2,2,1,2239,2025-02-15,94,2,5,2,2
337,7,65,66,2024-04-15,4,4,2,15000,2023-11-06,161,9,4,1,3
44,1,10,6,2025-08-10,8,8,4,15000,2025-03-08,155,1,3,7,3
171,7,64,67,2024-01-25,6,6,2,15000,2023-10-15,102,5,5,4,3
233,8,74,76,2023-04-14,3,3,3,3777,2022-11-09,156,1,3,5,1
38,2,16,19,2023-02-27,4,4,2,15000,2023-01-26,32,1,1,1,1
186,3,25,27,2024-08-31,8,8,4,15000,2024-05-09,114,4,4,6,1
76,8,80,74,2024-05-24,6,6,2,15000,2024-03-12,73,10,4,5,2
323,3,29,27,2023-04-15,5,5,4,15000,2023-03-20,26,2,2,6,3
87,4,34,35,2025-05-01,1,1,4,2717,2025-01-05,116,6,5,4,2
463,4,34,33,2024-04-15,4,4,3,15000,2024-03-28,18,5,4,1,3
192,7,67,65,2024-07-26,5,5,2,12621,2024-06-01,55,5,3,5,3
73,5,49,50,2024-12-17,8,8,3,12265,2024-08-14,125,6,4,2,3
223,7,66,63,2023-10-05,8,8,1,7100,2023-06-16,111,1,1,4,1
405,10,94,97,2024-10-18,6,6,1,9777,2024-08-01,78,6,3,5,1
445,8,80,78,2024-07-23,1,1,3,14141,2024-02-12,162,10,5,2,1
59,6,59,56,2023-01-19,3,3,1,10015,2022-08-09,163,3,4,4,2
432,10,94,97,2025-03-10,4,4,1,15000,2025-01-11,58,5,4,1,2
429,4,39,34,2025-08-19,8,8,3,15000,2025-05-03,108,3,2,2,1
286,3,24,27,2023-06-20,7,7,1,7037,2023-03-18,94,6,2,2,1
93,4,35,33,2025-10-26,8,8,3,15000,2025-08-20,67,10,3,7,2
447,4,36,40,2023-05-30,7,7,3,15000,2023-05-27,3,9,4,2,1
18,1,6,4,2025-12-06,4,4,4,15000,2025-11-06,30,9,4,6,1
74,9,83,84,2023-04-26,2,2,2,15000,2023-01-17,99,5,5,3,3
209,7,67,64,2024-04-27,5,5,3,15000,2024-01-28,90,6,1,6,2
76,10,98,91,2023-03-13,7,7,3,7224,2022-11-22,111,7,4,1,2
63,1,3,10,2023-03-17,5,5,2,4843,2022-10-17,151,10,5,5,3
285,5,45,48,2023-03-05,5,5,3,15000,2023-01-09,55,4,5,7,1
386,4,31,39,2024-10-14,6,6,1,1713,2024-07-06,100,6,4,1,3
231,9,89,82,2024-01-23,2,2,2,15000,2024-01-18,5,4,3,2,1
477,4,35,31,2024-01-19,3,3,1,5441,2023-10-26,85,3,5,5,2
138,4,37,39,2023-05-09,7,7,1,13948,2023-05-05,4,7,2,2,2
225,1,10,9,2025-03-28,3,3,4,15000,2025-03-01,27,1,2,5,2
30,6,57,53,2025-04-24,8,8,1,1766,2024-12-27,118,10,5,4,2
185,6,57,56,2023-01-12,8,8,1,13305,2022-10-28,76,10,1,4,2
176,2,15,16,2024-07-22,2,2,1,14248,2024-07-07,15,5,4,1,1
405,8,71,73,2023-02-05,4,4,2,15000,2022-10-01,127,4,1,7,1
148,4,40,31,2024-10-22,8,8,3,11620,2024-06-04,140,1,5,2,3
46,7,65,63,2024-01-07,7,7,4,15000,2023-09-06,123,1,5,7,2
110,3,22,29,2023-11-22,9,9,3,14010,2023-10-31,22,2,5,3,3
72,9,90,85,2024-06-11,3,3,4,15000,2024-04-26,46,3,1,2,1
337,1,10,7,2023-07-31,4,4,1,9016,2023-02-14,167,4,3,1,2
86,9,81,88,2024-09-18,10,10,3,11047,2024-08-06,43,9,4,3,2
435,7,69,65,2023-11-24,4,4,2,15000,2023-06-02,175,8,3,5,3
396,9,85,82,2024-08-22,9,9,1,15000,2024-05-25,89,6,1,4,3
7,1,9,8,2023-11-09,10,10,1,3154,2023-09-16,54,3,1,4,2
286,3,22,29,2024-09-13,8,8,1,8349,2024-03-18,179,6,2,5,2
244,6,54,59,2025-10-05,9,9,2,12703,2025-05-20,138,9,5,7,1
161,4,39,37,2024-12-30,4,4,1,12400,2024-10-20,71,2,1,1,1
467,8,75,71,2024-05-22,3,3,3,14242,2024-04-21,31,4,5,3,1
432,10,91,95,2024-11-23,7,7,1,15000,2024-11-22,1,10,2,6,3
70,6,54,51,2023-02-02,10,10,1,1591,2023-01-21,12,6,3,4,1
332,5,50,49,2023-06-21,6,6,2,1987,2023-06-18,3,7,3,3,2
186,5,48,46,2023-01-22,2,2,4,15000,2022-09-17,127,6,2,7,2
55,5,44,49,2024-12-27,5,5,2,9913,2024-11-04,53,10,3,5,2
413,7,61,67,2024-08-11,3,3,3,15000,2024-03-28,136,8,2,7,1
85,3,26,29,2025-10-13,7,7,3,15000,2025-08-03,71,6,2,1,1
485,1,5,3,2025-07-25,4,4,1,9154,2025-07-02,23,6,5,5,3
315,2,17,12,2025-03-24,9,9,2,15000,2025-01-16,67,10,5,1,1
338,6,51,56,2024-05-09,2,2,3,15000,2023-12-14,147,3,5,4,2
45,6,60,54,2024-11-29,1,1,3,15000,2024-11-01,28,4,5,5,1
99,10,91,99,2024-06-23,3,3,4,14851,2024-01-02,173,8,4,7,2
282,5,42,46,2025-07-07,2,2,3,15000,2025-02-08,149,9,3,1,2
371,8,75,71,2024-10-10,5,5,1,15000,2024-08-14,57,5,2,4,2
343,1,3,2,2023-02-27,2,2,1,7568,2022-10-16,134,9,5,1,2
168,2,18,14,2025-06-11,8,8,1,12762,2025-05-07,35,1,4,3,1
345,2,15,20,2024-04-25,2,2,4,15000,2024-01-12,104,7,2,4,1
21,6,59,57,2025-01-25,2,2,4,15000,2024-10-29,88,4,5,6,3
191,4,36,40,2025-12-28,7,7,1,11206,2025-12-08,20,2,2,7,3
109,10,94,97,2024-04-29,10,10,1,15000,2023-11-17,164,8,5,1,2
73,8,79,78,2023-06-28,5,5,3,15000,2023-03-31,89,2,4,3,1
153,2,11,18,2025-06-04,4,4,4,5544,2025-03-27,69,3,3,3,1
361,8,75,78,2024-04-11,1,1,1,10217,2023-11-19,144,6,3,4,1
83,4,39,36,2024-06-01,8,8,2,15000,2024-01-19,134,9,1,6,2
383,10,91,98,2024-11-18,5,5,2,12107,2024-08-07,103,8,3,1,3
393,7,70,62,2023-08-25,8,8,3,15000,2023-07-29,27,1,3,5,1
41,7,67,66,2023-07-28,3,3,4,15000,2023-03-17,133,3,4,5,3
270,4,40,33,2025-11-16,2,2,4,6654,2025-11-08,8,3,5,7,1
352,8,78,73,2024-05-16,7,7,1,13955,2023-12-09,159,9,3,4,1
56,9,90,87,2024-09-16,1,1,4,15000,2024-05-09,130,4,5,1,2
81,6,60,52,2024-12-09,10,10,1,12323,2024-10-04,66,9,3,1,3
162,6,55,54,2023-04-07,1,1,4,9602,2022-11-26,132,4,5,5,1
284,1,1,6,2024-04-16,8,8,1,8343,2024-04-03,13,8,2,2,2
171,5,49,45,2025-04-05,4,4,3,15000,2025-01-24,71,8,2,6,3
470,6,55,57,2025-07-05,10,10,2,15000,2025-06-26,9,10,3,6,1
472,4,32,35,2023-03-24,6,6,3,15000,2023-01-23,60,3,5,5,3
425,3,24,28,2024-02-02,7,7,1,10028,2023-10-15,110,8,3,5,2
428,9,89,88,2023-11-17,3,3,1,11903,2023-10-27,21,5,4,5,2
26,8,78,75,2024-11-23,7,7,4,15000,2024-09-05,79,2,5,6,1
96,7,64,70,2025-03-10,9,9,4,15000,2024-11-01,129,6,5,1,2
390,2,16,20,2025-09-01,4,4,1,1822,2025-07-08,55,9,5,1,1
97,10,98,91,2024-02-17,2,2,1,10003,2023-09-01,169,9,3,6,3
43,2,13,18,2025-10-30,7,7,2,15000,2025-05-25,158,4,5,4,1
74,1,5,2,2023-07-06,2,2,2,11705,2023-02-26,130,4,2,4,3
444,7,67,70,2023-02-10,8,8,4,15000,2022-10-23,110,8,1,5,1
130,9,87,83,2023-06-17,10,10,3,1598,2023-03-24,85,5,2,6,3
365,10,97,93,2025-11-03,1,1,1,9981,2025-06-24,132,2,3,1,2
205,9,86,88,2023-04-02,1,1,2,13808,2022-11-22,131,2,1,7,3
76,1,4,5,2025-05-17,5,5,2,15000,2025-05-10,7,4,5,6,2
25,1,9,1,2025-03-21,10,10,2,1215,2025-01-02,78,7,1,5,2
63,4,31,37,2024-12-30,1,1,1,8832,2024-10-13,78,8,2,1,2
424,4,36,33,2024-07-11,3,3,3,15000,2024-06-29,12,8,2,4,3
162,3,21,25,2025-12-10,8,8,3,15000,2025-10-23,48,3,4,3,3
443,7,68,64,2023-04-03,6,6,1,7121,2022-10-31,154,5,5,1,3
106,8,71,79,2023-04-29,2,2,1,12536,2023-04-19,10,10,1,6,1
257,3,23,29,2025-04-29,5,5,3,15000,2024-12-20,130,1,2,2,2
267,3,26,25,2023-07-31,8,8,4,15000,2023-04-16,106,6,2,1,1
478,2,15,13,2023-03-27,10,10,3,15000,2022-11-25,122,6,1,1,2
266,3,27,24,2025-03-11,2,2,4,12871,2025-01-13,57,4,4,2,1
110,10,95,96,2023-02-26,4,4,4,15000,2022-10-23,126,7,5,7,2
289,8,74,76,2025-05-31,6,6,2,1537,2025-02-10,110,8,5,6,3
343,10,95,98,2024-06-08,8,8,1,6279,2024-04-01,68,10,3,6,2
442,3,23,25,2023-02-26,5,5,2,11226,2022-09-21,158,6,5,7,1
104,10,98,95,2025-08-29,2,2,3,15000,2025-04-16,135,10,2,5,2
424,7,67,66,2024-01-01,2,2,3,15000,2023-09-17,106,8,4,1,2
341,4,35,37,2024-05-10,1,1,3,15000,2023-11-24,168,7,3,5,1
104,4,33,36,2024-06-07,5,5,2,2230,2024-05-10,28,8,3,5,1
333,2,13,12,2023-11-03,10,10,3,13542,2023-07-05,121,6,5,5,1
10,3,25,30,2023-04-11,3,3,1,7109,2023-02-09,61,5,2,2,2
226,9,87,90,2024-08-10,4,4,1,8235,2024-05-04,98,10,1,6,1
419,8,78,75,2025-04-15,7,7,3,15000,2024-12-06,130,1,3,2,2
177,8,71,76,2025-07-14,4,4,3,15000,2025-03-23,113,6,2,1,3
76,1,6,1,2023-07-26,7,7,4,15000,2023-07-10,16,5,5,3,1
333,5,49,41,2025-10-27,9,9,4,15000,2025-07-02,117,4,3,1,3
266,7,61,63,2024-11-21,5,5,4,15000,2024-08-21,92,1,5,4,2
145,9,83,81,2023-05-27,4,4,2,9239,2022-12-17,161,8,1,6,2
292,1,4,9,2025-09-09,4,4,4,15000,2025-08-15,25,5,5,2,2
93,9,87,84,2024-07-05,3,3,1,5800,2024-02-29,127,6,5,5,1
469,2,12,15,2023-07-20,1,1,1,14107,2023-05-15,66,3,3,4,2
42,10,96,95,2024-02-27,2,2,1,3704,2023-12-08,81,7,4,2,1
409,6,57,56,2025-12-16,3,3,4,15000,2025-11-29,17,8,3,2,1
335,1,10,2,2024-12-25,1,1,1,5293,2024-08-18,129,10,3,3,1
380,7,65,61,2025-09-15,2,2,4,8237,2025-07-05,72,6,2,1,1
443,6,55,54,2023-06-07,4,4,3,15000,2023-01-05,153,2,3,3,1
304,7,62,68,2023-05-20,10,10,1,5251,2023-02-01,108,2,2,6,1
146,7,65,70,2024-05-17,7,7,3,15000,2023-12-07,162,6,2,5,2
382,3,21,24,2023-03-15,3,3,3,15000,2022-12-29,76,1,5,3,2
231,10,97,99,2024-12-17,3,3,1,15000,2024-11-23,24,6,4,2,3
324,3,27,22,2025-03-24,6,6,1,2237,2024-10-11,164,8,1,1,1
249,2,15,11,2024-03-14,3,3,3,15000,2023-10-26,140,8,5,4,2
313,9,86,89,2024-05-31,10,10,3,15000,2024-01-26,126,7,5,5,2
162,4,39,31,2024-03-22,4,4,1,5909,2023-09-26,178,9,4,5,1
381,6,55,60,2024-01-04,8,8,1,9313,2023-11-16,49,4,1,4,2
487,5,44,41,2024-11-12,2,2,3,15000,2024-10-27,16,6,3,2,2
464,9,82,83,2024-05-07,10,10,4,15000,2024-04-30,7,10,5,2,1
476,7,66,68,2024-09-28,10,10,3,15000,2024-08-20,39,4,3,6,2
11,4,38,34,2025-12-05,2,2,3,10351,2025-06-24,164,2,3,5,2
159,3,22,28,2023-07-29,10,10,1,5978,2023-07-20,9,2,2,6,2
114,10,100,98,2025-10-02,10,10,1,14435,2025-07-04,90,6,4,4,1
144,1,8,6,2023-06-04,6,6,2,9215,2023-04-03,62,6,1,7,3
117,1,1,10,2023-01-31,2,2,1,5818,2022-10-30,93,9,2,2,2
84,4,38,33,2024-03-07,6,6,3,13577,2024-02-22,14,5,1,4,2
461,8,72,78,2024-07-07,7,7,2,7439,2024-01-25,164,9,3,7,2
73,9,83,90,2023-03-08,6,6,1,15000,2023-01-09,58,6,5,3,2
2,7,62,63,2023-04-27,4,4,1,13575,2023-01-12,105,3,3,4,1
333,10,99,100,2023-08-31,6,6,3,15000,2023-04-09,144,9,2,4,2
115,10,97,91,2023-10-24,10,10,2,4669,2023-08-26,59,7,3,2,1
161,10,93,100,2025-11-17,1,1,4,9934,2025-09-22,56,3,4,1,1
83,10,92,99,2023-03-09,4,4,4,7505,2022-09-12,178,9,2,4,2
384,4,39,34,2024-04-23,1,1,1,7605,2024-04-21,2,4,3,2,2
442,7,69,68,2023-05-20,7,7,2,3455,2023-05-08,12,3,5,6,2
171,10,93,94,2024-11-27,2,2,2,8318,2024-06-27,153,6,2,3,1
82,4,38,37,2025-05-23,6,6,1,6978,2025-02-06,106,2,2,5,1
313,9,83,82,2025-03-22,2,2,4,15000,2024-11-09,133,6,5,6,3
32,10,98,100,2023-09-10,9,9,2,3298,2023-05-03,130,3,4,7,2
300,7,70,64,2024-07-29,2,2,4,7865,2024-05-13,77,5,2,1,1
171,8,74,80,2023-11-09,8,8,1,3425,2023-09-27,43,10,1,4,3
450,4,31,33,2023-10-05,5,5,3,15000,2023-06-13,114,8,2,4,1
276,3,21,22,2023-01-26,3,3,4,15000,2022-08-01,178,10,5,4,2
467,1,9,6,2025-01-01,5,5,1,14887,2024-07-08,177,10,5,3,1
107,1,9,8,2024-07-04,1,1,2,3842,2024-01-10,176,1,1,4,2
46,6,59,55,2024-03-21,10,10,2,15000,2023-10-23,150,6,2,4,2
51,6,53,59,2023-09-08,9,9,3,15000,2023-07-18,52,2,1,5,3
34,10,91,94,2024-12-04,1,1,3,13482,2024-09-28,67,2,1,3,1
139,3,28,22,2023-11-29,9,9,2,15000,2023-10-23,37,8,3,3,2
314,7,68,65,2023-03-05,3,3,2,5087,2022-10-04,152,7,2,7,2
282,8,77,76,2025-03-16,7,7,1,15000,2025-01-10,65,5,3,7,3
44,7,69,66,2025-08-19,8,8,2,15000,2025-03-14,158,5,1,2,3
347,3,29,26,2024-09-08,3,3,2,5935,2024-05-28,103,5,5,7,1
349,5,48,43,2025-01-06,1,1,3,15000,2025-01-01,5,3,4,1,2
291,3,24,28,2025-03-31,4,4,3,15000,2025-01-21,69,8,1,1,1
16,4,38,36,2023-09-13,8,8,4,15000,2023-07-28,47,9,2,3,1
15,2,13,18,2023-05-26,7,7,4,15000,2023-02-25,90,5,4,5,1
466,10,92,93,2023-02-26,1,1,2,13918,2022-10-07,142,4,3,7,2
151,2,13,19,2023-01-17,3,3,3,15000,2022-11-08,70,3,5,2,2
330,4,36,39,2024-08-14,7,7,4,15000,2024-07-29,16,8,4,3,1
427,2,15,12,2024-03-12,6,6,3,13903,2023-11-30,103,1,1,2,3
431,2,15,11,2024-09-09,1,1,2,15000,2024-03-29,164,10,5,1,2
187,9,90,88,2025-07-04,6,6,2,15000,2025-04-09,86,3,5,5,1
496,1,2,1,2024-11-07,2,2,3,15000,2024-06-06,154,2,4,4,3
59,7,66,65,2024-03-14,2,2,2,15000,2023-11-17,118,10,3,4,3
181,3,29,26,2024-07-13,6,6,1,15000,2024-03-19,116,2,5,6,3
9,8,78,74,2023-08-31,1,1,4,15000,2023-06-11,81,2,3,4,3
258,2,13,19,2025-10-02,6,6,3,15000,2025-07-06,88,6,3,4,1
280,8,74,80,2024-10-29,8,8,4,15000,2024-05-31,151,5,2,2,2
116,3,28,23,2023-04-10,5,5,1,13494,2023-02-20,49,2,2,1,1
127,7,61,63,2024-02-13,7,7,2,15000,2023-09-10,156,5,3,2,2
250,10,92,91,2024-03-30,2,2,2,988,2023-11-04,147,10,1,6,2
304,9,82,85,2023-12-01,8,8,2,1003,2023-09-24,68,3,3,5,2
240,1,7,4,2025-02-08,6,6,2,8461,2024-10-24,107,8,4,6,2
201,2,16,13,2025-10-26,8,8,1,8961,2025-06-01,147,1,3,7,1
288,8,80,74,2024-03-12,6,6,4,15000,2024-02-16,25,3,4,2,2
482,8,75,80,2025-04-01,5,5,3,7707,2024-12-30,92,8,2,2,2
161,1,2,3,2024-02-09,10,10,1,348,2024-01-30,10,6,3,5,2
313,4,35,37,2024-11-19,1,1,1,13950,2024-11-08,11,6,4,2,2
312,7,67,69,2025-05-04,4,4,4,15000,2025-02-13,80,7,5,7,3
93,10,95,99,2023-12-20,7,7,3,15000,2023-11-14,36,9,4,3,1
284,2,16,17,2025-05-08,9,9,1,14879,2025-02-12,85,5,2,4,3
371,9,82,84,2025-10-06,6,6,2,15000,2025-05-23,136,1,4,1,2
298,1,6,9,2023-01-20,1,1,4,15000,2023-01-01,19,8,5,5,1
415,10,96,93,2024-02-06,6,6,2,15000,2023-08-19,171,4,3,2,1
249,6,53,57,2024-01-29,8,8,1,12560,2023-11-14,76,5,4,1,2
279,5,45,41,2024-11-20,2,2,3,15000,2024-07-25,118,8,1,3,1
242,2,12,14,2025-12-03,1,1,3,15000,2025-07-18,138,3,4,3,2
228,1,5,10,2025-05-21,6,6,4,15000,2025-04-11,40,3,3,3,2
303,3,27,30,2024-01-31,10,10,3,15000,2023-10-13,110,7,1,3,1
116,5,43,44,2023-08-13,7,7,2,9307,2023-07-20,24,9,4,7,2
220,4,38,36,2025-09-15,2,2,3,15000,2025-08-31,15,9,3,1,2
16,2,18,12,2023-08-17,2,2,1,533,2023-06-17,61,10,1,4,1
194,7,70,68,2025-03-08,7,7,1,3354,2024-10-06,153,1,1,6,2
92,10,97,92,2024-12-18,1,1,3,15000,2024-08-30,110,4,5,3,3
153,6,59,53,2024-08-23,10,10,3,15000,2024-03-09,167,4,1,5,1
149,1,7,2,2024-08-20,10,10,2,15000,2024-03-23,150,1,3,2,2
77,10,95,94,2024-12-03,1,1,4,15000,2024-06-09,177,5,1,2,3
121,9,87,85,2025-03-15,6,6,1,7547,2024-11-01,134,2,1,6,1
456,10,97,94,2023-10-29,4,4,2,13547,2023-05-16,166,10,2,7,2
287,4,34,33,2024-01-21,6,6,3,15000,2024-01-18,3,6,3,7,1
92,4,38,35,2024-08-16,4,4,1,9749,2024-05-20,88,2,4,5,2
422,7,64,69,2024-04-15,5,5,4,7655,2024-02-07,68,6,4,1,1
280,1,1,8,2024-12-06,6,6,2,6195,2024-10-02,65,1,3,5,3
337,5,41,48,2025-06-28,10,10,2,615,2025-01-19,160,10,2,6,2
106,10,98,95,2023-04-20,1,1,1,2143,2023-02-06,73,4,5,4,1
45,8,75,78,2024-10-07,3,3,4,3447,2024-06-03,126,7,5,1,2
487,5,49,50,2025-08-14,1,1,2,15000,2025-07-15,30,4,4,4,1
408,10,93,97,2024-12-06,1,1,2,15000,2024-11-08,28,3,1,5,3
42,1,6,2,2025-07-06,9,9,3,15000,2025-04-26,71,8,4,7,2
375,6,58,57,2025-09-20,9,9,2,15000,2025-06-19,93,10,4,6,1
154,8,71,72,2025-01-11,10,10,1,2276,2024-12-13,29,2,2,6,1
295,1,3,9,2023-04-15,2,2,4,15000,2022-12-26,110,1,2,6,2
340,6,56,52,2024-09-12,1,1,1,4353,2024-06-06,98,10,3,4,2
495,1,4,6,2025-11-09,9,9,2,2684,2025-10-03,37,1,4,7,2
387,9,81,88,2023-12-16,2,2,4,15000,2023-09-01,106,1,5,6,1
428,5,50,44,2025-02-27,2,2,1,3491,2024-09-02,178,10,2,4,1
159,3,21,26,2023-05-25,3,3,1,9389,2022-11-27,179,1,5,4,2
104,9,89,84,2023-01-23,9,9,2,15000,2022-09-01,144,9,4,1,1
416,5,50,47,2024-01-13,5,5,1,2900,2023-10-31,74,7,4,6,2
396,6,54,58,2023-01-20,2,2,1,14704,2022-11-27,54,10,2,5,3
447,9,81,82,2023-08-16,1,1,2,15000,2023-08-07,9,5,4,3,3
291,4,36,31,2023-04-04,5,5,4,15000,2023-01-10,84,4,3,2,1
76,4,37,31,2024-06-23,5,5,2,15000,2024-06-13,10,6,5,7,3
143,4,34,39,2024-09-15,2,2,1,5716,2024-08-03,43,8,4,7,1
16,4,34,40,2025-08-12,2,2,3,15000,2025-05-12,92,7,1,2,3
271,7,62,65,2025-09-11,4,4,2,14941,2025-06-15,88,9,3,4,1
328,1,4,3,2024-09-19,1,1,2,15000,2024-05-11,131,6,4,4,3
49,10,92,95,2023-03-24,9,9,4,15000,2022-12-21,93,3,5,5,1
421,4,35,37,2024-04-13,9,9,1,3907,2023-11-09,156,3,4,6,1
402,1,1,6,2024-02-21,8,8,4,15000,2023-10-16,128,9,2,3,1
365,9,90,83,2023-05-06,2,2,2,15000,2023-02-06,89,3,4,6,2
281,1,4,2,2024-03-09,1,1,2,5216,2024-02-24,14,1,2,6,3
431,10,94,91,2024-05-11,8,8,4,9666,2024-04-18,23,4,5,6,2
384,4,37,33,2024-10-25,8,8,3,15000,2024-10-10,15,10,1,5,3
128,4,33,38,2025-01-12,1,1,2,15000,2024-09-30,104,5,4,7,3
335,4,36,33,2025-12-26,2,2,3,15000,2025-11-04,52,5,4,5,3
362,7,70,61,2023-10-05,1,1,1,3659,2023-08-04,62,2,3,4,2
72,10,98,95,2025-06-23,10,10,3,1403,2025-05-19,35,1,5,1,2
480,2,20,12,2024-02-16,5,5,2,13636,2023-11-29,79,3,3,5,1
73,4,40,33,2025-05-09,10,10,4,15000,2025-04-26,13,3,3,5,3
280,3,23,25,2025-12-03,4,4,2,13640,2025-07-03,153,3,2,3,1
282,6,56,54,2025-03-19,5,5,3,15000,2025-03-04,15,8,2,3,2
359,10,94,95,2023-07-30,4,4,2,11264,2023-07-07,23,8,1,7,2
313,5,49,42,2023-03-14,10,10,4,15000,2022-11-21,113,8,2,2,2
124,7,65,62,2025-02-20,10,10,1,2283,2024-09-30,143,2,4,4,2
486,5,50,42,2024-01-30,10,10,3,15000,2023-11-29,62,1,4,2,3
141,5,48,44,2025-03-15,2,2,4,12774,2024-11-07,128,10,5,6,1
64,2,19,13,2023-08-27,1,1,2,15000,2023-08-02,25,10,5,7,1
383,5,43,45,2025-03-03,1,1,4,15000,2024-10-23,131,1,3,1,2
2,2,12,13,2025-04-23,4,4,2,15000,2024-12-13,131,9,2,3,2
46,5,49,47,2025-01-07,1,1,4,15000,2024-10-11,88,9,4,2,2
27,3,30,24,2024-10-08,4,4,3,15000,2024-08-17,52,7,1,2,2
292,4,34,39,2023-04-27,3,3,3,15000,2023-03-21,37,1,3,4,2
410,5,48,46,2023-03-04,8,8,4,15000,2022-09-13,172,4,3,6,3
166,8,71,76,2023-03-13,10,10,1,13370,2023-01-15,57,1,3,1,1
7,3,24,28,2023-08-30,1,1,2,15000,2023-06-11,80,1,5,3,1
107,5,45,47,2025-04-28,7,7,2,15000,2024-12-31,118,5,3,1,1
314,3,25,26,2023-09-14,5,5,3,15000,2023-08-24,21,4,2,4,3
300,1,3,9,2025-12-10,5,5,4,15000,2025-09-22,79,1,4,3,1
23,8,76,77,2025-12-26,5,5,3,15000,2025-11-27,29,9,1,5,1
346,10,100,95,2025-05-02,9,9,3,15000,2025-04-11,21,5,3,5,1
122,9,89,82,2024-03-26,1,1,4,15000,2024-01-25,61,6,3,2,3
441,1,2,9,2023-03-21,9,9,4,15000,2023-02-03,46,1,5,2,3
41,10,97,96,2025-09-18,1,1,2,15000,2025-07-11,69,8,3,4,3
191,8,78,79,2024-03-31,4,4,4,15000,2023-10-21,162,5,1,7,1
122,2,13,15,2024-06-11,5,5,1,2604,2024-02-05,127,10,2,2,3
12,10,96,97,2024-06-11,8,8,2,11431,2024-03-25,78,3,2,2,2
141,9,84,90,2023-07-22,1,1,4,15000,2023-04-28,85,7,4,6,3
281,9,87,85,2023-11-22,1,1,4,15000,2023-08-25,89,6,4,3,3
307,7,70,63,2023-06-22,4,4,2,15000,2023-02-14,128,10,3,4,2
31,1,3,10,2025-09-06,8,8,2,15000,2025-08-04,33,10,4,6,2
97,4,34,32,2025-10-28,2,2,1,15000,2025-06-27,123,1,1,2,2
5,7,67,68,2025-11-14,10,10,1,9007,2025-05-30,168,3,2,5,2
111,1,4,5,2024-03-12,9,9,4,15000,2024-02-03,38,6,3,2,1
229,1,2,7,2024-01-12,6,6,2,15000,2023-08-28,137,9,2,5,3
173,4,34,40,2025-09-25,2,2,1,14793,2025-04-27,151,6,2,4,2
98,9,83,82,2023-09-15,8,8,2,15000,2023-05-15,123,6,3,5,3
465,1,10,6,2024-12-28,5,5,1,12856,2024-10-08,81,9,1,6,1
266,2,16,11,2025-02-07,7,7,4,15000,2024-09-29,131,3,4,5,2
349,3,25,30,2023-11-26,9,9,3,15000,2023-07-02,147,3,4,7,2
235,9,90,82,2025-02-20,8,8,4,15000,2024-11-29,83,6,4,4,2
53,9,81,89,2023-01-19,1,1,4,13380,2022-08-12,160,6,5,4,3
75,7,65,62,2025-06-16,6,6,1,10210,2025-03-18,90,3,4,1,2
56,5,49,45,2025-03-20,1,1,4,15000,2025-01-03,76,9,4,4,1
417,6,58,57,2024-03-31,7,7,3,15000,2024-02-03,57,7,1,7,2
499,7,63,62,2024-04-11,5,5,3,2813,2023-10-20,174,3,5,4,2
328,6,55,51,2024-06-16,1,1,3,15000,2024-01-21,147,1,4,7,2
489,4,35,38,2023-01-24,5,5,1,8610,2022-11-08,77,5,5,2,3
44,2,15,16,2023-01-31,5,5,3,15000,2022-09-29,124,2,1,2,2
401,2,11,14,2024-06-30,9,9,4,10834,2024-06-05,25,4,2,7,3
191,5,49,48,2025-06-16,8,8,3,15000,2025-02-08,128,3,2,1,1
478,9,86,82,2023-08-22,7,7,1,954,2023-05-09,105,7,2,2,1
428,8,77,71,2023-05-15,2,2,4,15000,2023-03-12,64,7,1,1,1
463,2,18,13,2025-11-06,8,8,4,15000,2025-10-06,31,6,3,4,1
367,2,16,20,2024-01-16,6,6,1,10510,2023-08-26,143,5,4,2,2
55,3,26,22,2025-11-27,3,3,3,15000,2025-11-26,1,7,1,4,2
343,10,92,98,2023-02-05,3,3,1,15000,2022-10-14,114,5,1,7,1
471,5,49,42,2024-04-08,8,8,3,15000,2024-03-29,10,6,1,1,1
440,1,1,6,2024-01-02,8,8,2,9328,2023-08-24,131,6,2,2,3
190,10,92,93,2024-05-24,10,10,3,15000,2023-12-22,154,5,3,5,1
251,3,23,22,2024-08-11,6,6,3,9157,2024-05-12,91,8,4,7,2
61,3,30,22,2023-07-13,2,2,3,15000,2023-04-24,80,3,4,4,1
158,9,85,83,2025-07-11,2,2,1,3551,2025-04-24,78,4,1,5,2
128,6,53,55,2024-12-14,7,7,3,15000,2024-07-07,160,4,2,6,2
430,3,26,21,2024-04-17,5,5,2,15000,2023-12-08,131,2,2,3,2
449,1,6,5,2024-08-29,3,3,1,14265,2024-06-14,76,6,1,4,1
435,1,10,2,2024-05-30,5,5,1,11071,2024-02-15,105,2,3,4,1
340,1,9,5,2023-11-15,7,7,1,2363,2023-08-09,98,10,2,3,2
444,1,10,6,2023-03-15,4,4,2,15000,2022-10-16,150,4,5,3,3
477,8,77,78,2023-11-28,9,9,4,15000,2023-09-21,68,7,2,2,1
322,4,39,34,2023-10-05,4,4,3,15000,2023-07-31,66,7,1,4,1
409,6,60,56,2025-09-18,10,10,1,7985,2025-07-19,61,4,3,4,2
486,2,12,17,2023-04-03,6,6,3,9261,2022-11-16,138,10,5,1,2
134,10,98,100,2023-07-06,3,3,2,15000,2023-02-24,132,8,3,4,3
180,3,28,29,2025-05-30,9,9,1,10849,2024-12-06,175,7,3,5,1
68,1,9,6,2024-07-16,5,5,4,15000,2024-06-21,25,7,1,2,1
394,5,44,43,2023-01-10,6,6,1,3060,2022-11-21,50,5,2,2,1
464,6,54,52,2023-07-21,5,5,2,10803,2023-04-02,110,1,1,5,1
266,7,63,62,2024-12-24,10,10,4,15000,2024-08-24,122,5,2,2,3
34,6,55,54,2023-03-27,6,6,4,12657,2022-12-29,88,5,1,1,1
59,5,50,48,2025-06-27,6,6,3,15000,2025-02-16,131,5,5,5,2
180,3,25,23,2023-09-30,8,8,3,15000,2023-08-04,57,8,5,6,1
140,10,96,99,2025-11-18,10,10,1,12813,2025-09-06,73,4,2,2,2
137,1,8,7,2024-12-16,10,10,2,15000,2024-12-03,13,5,2,1,2
69,8,78,79,2023-05-17,6,6,3,15000,2023-05-12,5,1,4,3,2
208,3,26,24,2023-05-26,3,3,2,4163,2023-02-28,87,3,1,5,2
487,4,34,33,2024-10-25,5,5,4,15000,2024-09-15,40,7,5,5,3
178,10,97,95,2024-09-10,7,7,2,14259,2024-05-16,117,1,4,2,3
398,5,48,46,2023-06-06,6,6,3,2399,2023-03-09,89,9,1,2,1
421,6,53,58,2024-08-05,6,6,3,15000,2024-06-01,65,4,1,1,2
158,2,16,15,2024-01-06,7,7,4,15000,2023-07-13,177,6,4,6,2
364,9,82,81,2025-05-19,8,8,3,7917,2024-12-18,152,5,5,1,1
14,10,91,99,2025-01-24,3,3,3,13793,2024-11-25,60,10,4,5,3
131,9,87,81,2023-01-05,1,1,1,10314,2022-12-25,11,5,1,4,3
228,3,23,26,2025-10-02,1,1,2,15000,2025-05-13,142,8,1,4,2
177,8,74,78,2025-10-28,7,7,1,15000,2025-09-18,40,1,3,2,3
383,7,70,65,2023-08-20,10,10,2,1495,2023-05-15,97,10,5,7,1
301,6,52,56,2024-12-12,5,5,1,4470,2024-08-12,122,4,4,4,2
477,5,48,47,2023-09-16,3,3,3,6759,2023-06-13,95,6,2,6,2
413,6,58,52,2024-10-12,8,8,3,7930,2024-04-25,170,7,5,6,1
277,9,88,81,2024-07-02,6,6,3,15000,2024-06-06,26,10,1,2,2
488,5,42,44,2024-07-07,4,4,1,11301,2024-04-14,84,2,4,7,2
486,5,45,41,2023-12-29,1,1,1,5797,2023-12-14,15,10,4,5,2
27,4,32,40,2024-10-08,5,5,2,15000,2024-10-04,4,5,5,2,2
478,9,90,81,2024-09-11,5,5,1,9294,2024-04-08,156,10,2,3,2
256,4,36,33,2023-09-16,3,3,4,15000,2023-09-13,3,6,4,6,2
193,5,44,45,2025-11-19,10,10,4,2686,2025-09-16,64,6,3,3,1
105,4,40,34,2024-04-30,10,10,3,15000,2024-04-01,29,5,5,2,3
259,9,90,87,2025-08-25,3,3,2,10992,2025-05-06,111,10,5,1,1
107,3,24,25,2023-05-12,9,9,1,8061,2023-02-03,98,8,5,5,3
140,10,96,99,2023-05-12,4,4,3,15000,2022-12-19,144,10,5,5,2
275,6,59,60,2024-06-18,2,2,2,3813,2024-05-21,28,10,2,2,2
67,2,15,16,2023-05-27,5,5,3,15000,2023-05-07,20,1,2,6,2
470,6,53,59,2025-10-15,10,10,2,15000,2025-07-17,90,3,4,3,3
465,3,24,23,2024-12-04,6,6,2,6985,2024-08-19,107,8,5,3,3
250,2,17,18,2025-04-28,8,8,1,1538,2024-12-19,130,1,4,1,3
433,9,86,87,2024-08-08,8,8,4,15000,2024-07-19,20,8,1,4,3
377,2,20,19,2025-04-11,9,9,4,15000,2024-10-29,164,3,5,5,1
172,2,20,18,2024-09-23,9,9,2,15000,2024-08-06,48,7,5,1,3
372,9,83,84,2025-12-06,5,5,3,11231,2025-10-08,59,6,4,6,2
261,10,93,91,2024-06-24,3,3,3,12880,2024-02-09,136,7,5,1,1
227,5,47,43,2023-02-27,3,3,4,15000,2023-02-21,6,7,2,1,2
20,8,77,78,2023-10-16,1,1,4,15000,2023-09-26,20,5,4,1,1
423,3,21,25,2023-02-14,6,6,4,15000,2022-12-23,53,3,4,2,2
383,2,13,12,2024-04-22,9,9,2,15000,2023-12-16,128,4,2,1,1
254,2,18,14,2023-03-29,8,8,3,5520,2022-10-15,165,3,4,3,1
251,7,67,65,2025-04-19,3,3,4,15000,2024-12-15,125,7,2,6,3
389,2,13,14,2023-01-16,10,10,4,15000,2022-09-04,134,9,4,1,2
32,8,72,79,2024-08-10,9,9,2,15000,2024-03-22,141,4,4,6,1
140,8,73,71,2024-12-29,1,1,1,11703,2024-08-04,147,9,3,7,2
166,9,85,82,2024-07-28,6,6,4,15000,2024-06-08,50,4,5,7,2
236,2,11,12,2023-05-13,10,10,4,15000,2023-03-12,62,7,2,6,3
170,2,20,11,2023-09-07,5,5,1,9541,2023-06-10,89,1,5,4,2
150,6,52,53,2024-05-06,4,4,4,15000,2024-02-19,77,7,4,1,1
376,9,87,88,2024-11-21,4,4,3,15000,2024-06-18,156,5,5,4,2
58,4,38,39,2025-11-06,1,1,1,11130,2025-10-17,20,9,3,4,1
376,6,56,54,2024-11-29,6,6,1,8014,2024-08-27,94,3,2,5,1
68,7,66,67,2023-04-22,7,7,2,15000,2022-10-24,180,10,2,6,1
106,4,33,37,2025-07-14,8,8,1,15000,2025-06-22,22,2,2,1,2
310,3,21,23,2025-05-24,2,2,2,15000,2024-12-07,168,7,1,6,1
407,6,51,52,2024-12-06,6,6,1,2684,2024-08-20,108,9,2,5,1
427,5,50,41,2025-05-04,6,6,4,6185,2024-11-12,173,2,3,7,2
377,5,47,50,2024-10-25,8,8,3,15000,2024-07-01,116,9,3,5,3
162,4,31,40,2024-05-28,8,8,1,540,2024-02-09,109,1,5,2,2
93,2,20,12,2023-09-10,1,1,3,15000,2023-03-21,173,1,5,7,2
248,10,100,92,2023-11-04,10,10,2,15000,2023-06-01,156,1,3,6,2
360,2,11,17,2025-05-22,5,5,1,15000,2025-05-20,2,2,1,4,1
276,10,97,100,2023-08-05,1,1,4,15000,2023-06-29,37,2,1,6,1
206,3,26,30,2023-03-06,5,5,4,15000,2022-10-22,135,5,4,1,2
20,5,48,41,2025-05-22,6,6,2,8663,2025-04-18,34,9,3,4,1
89,1,5,3,2023-09-05,4,4,4,15000,2023-06-30,67,1,2,2,3
398,4,40,34,2025-02-25,3,3,4,15000,2024-12-18,69,10,1,2,2
435,3,21,27,2023-12-21,4,4,1,4621,2023-10-26,56,4,3,4,3
256,6,51,58,2024-12-07,10,10,4,4370,2024-08-22,107,8,4,6,1
236,5,45,48,2023-06-08,5,5,1,8574,2023-05-25,14,9,3,4,1
479,7,65,68,2025-11-04,3,3,2,15000,2025-07-07,120,1,3,2,1
320,5,43,48,2023-09-30,4,4,2,15000,2023-07-12,80,4,5,6,2
233,10,93,95,2024-04-10,1,1,1,637,2024-01-22,79,6,1,3,2
67,6,58,52,2023-04-06,10,10,2,9819,2022-11-17,140,6,1,4,1
294,5,48,50,2025-10-28,4,4,2,15000,2025-07-29,91,6,2,2,3
81,6,58,55,2023-07-04,5,5,1,3242,2023-03-30,96,5,2,2,2
56,4,36,34,2023-09-03,3,3,4,15000,2023-05-22,104,7,1,7,1
329,10,100,97,2025-03-16,5,5,4,15000,2025-02-20,24,3,2,7,2
416,5,41,49,2025-12-02,3,3,2,15000,2025-08-24,100,1,3,2,1
71,10,100,91,2023-06-30,5,5,3,9489,2023-04-04,87,9,3,5,2
126,9,85,89,2024-12-03,1,1,3,15000,2024-07-18,138,1,1,2,2
230,7,67,65,2023-09-26,3,3,2,15000,2023-09-10,16,6,5,2,1
482,7,70,66,2024-01-24,2,2,4,13151,2023-08-06,171,9,1,3,1
293,6,51,60,2023-10-06,4,4,1,12244,2023-08-20,47,9,2,5,1
377,4,35,32,2023-01-31,5,5,3,15000,2022-11-11,81,1,2,2,2
449,4,37,35,2023-01-04,5,5,1,14912,2022-12-12,23,6,5,3,2
444,1,10,4,2024-01-13,3,3,4,15000,2024-01-03,10,9,5,6,2
367,7,62,70,2023-01-06,5,5,1,13978,2022-11-28,39,6,2,5,1
168,5,47,43,2023-03-19,2,2,1,5111,2022-12-07,102,3,5,7,1
383,2,17,16,2024-09-19,10,10,1,1964,2024-03-31,172,7,3,4,1
357,2,16,13,2023-03-16,1,1,3,14816,2022-12-31,75,9,1,4,1
164,3,25,21,2024-04-18,10,10,4,15000,2024-03-09,40,3,1,4,3
286,2,13,17,2023-11-10,4,4,4,15000,2023-06-04,159,5,3,5,1
474,10,95,96,2023-03-06,6,6,2,6028,2022-11-20,106,2,1,1,1
62,10,94,99,2023-01-27,6,6,4,5513,2023-01-05,22,8,5,5,2
368,6,54,53,2024-01-11,9,9,4,15000,2023-12-03,39,8,5,4,1
389,9,85,88,2023-12-10,5,5,4,15000,2023-08-13,119,1,2,7,3
282,6,52,56,2025-06-17,3,3,3,15000,2025-01-26,142,6,1,2,1
275,8,74,71,2024-03-28,3,3,2,6254,2023-10-10,170,3,2,4,2
296,1,8,5,2023-02-04,1,1,1,12017,2023-01-28,7,5,5,6,1
463,10,91,96,2025-11-10,9,9,2,11820,2025-10-05,36,3,1,1,2
429,10,92,94,2025-03-04,6,6,1,5434,2024-11-04,120,2,4,2,1
50,4,32,33,2025-09-04,3,3,1,1433,2025-06-06,90,8,1,4,1
334,2,16,12,2024-05-09,1,1,3,15000,2024-01-13,117,4,4,4,2
464,6,54,53,2024-09-07,10,10,1,15000,2024-03-13,178,5,5,6,2
281,4,33,34,2025-02-12,4,4,4,15000,2024-11-29,75,3,4,3,1
275,6,56,54,2023-08-05,5,5,4,15000,2023-06-24,42,6,5,6,3
242,5,41,45,2024-04-02,1,1,1,11835,2024-03-17,16,9,1,2,3
393,7,61,68,2023-05-14,5,5,4,15000,2022-11-28,167,3,2,7,3
117,9,85,86,2024-03-03,9,9,2,11460,2023-10-07,148,9,4,7,1
288,8,77,73,2023-06-15,1,1,4,15000,2023-06-10,5,3,4,4,1
132,8,77,76,2024-12-08,2,2,3,5378,2024-10-12,57,4,2,7,1
165,10,99,96,2024-08-30,10,10,1,15000,2024-04-26,126,6,3,5,3
442,2,16,13,2024-09-03,1,1,4,15000,2024-06-09,86,3,2,2,2
63,5,44,49,2025-05-03,10,10,1,659,2024-12-14,140,7,5,6,1
454,7,63,66,2024-05-03,5,5,2,628,2024-03-27,37,8,5,5,1
18,10,97,95,2025-01-01,10,10,3,15000,2024-11-29,33,8,2,3,2
102,2,20,11,2023-10-31,8,8,2,15000,2023-05-29,155,2,4,2,1
282,9,85,82,2023-07-04,6,6,3,15000,2023-05-08,57,6,4,2,1
279,8,75,77,2024-06-17,1,1,4,15000,2024-06-02,15,2,5,1,3
253,1,7,6,2023-06-10,7,7,4,15000,2023-01-10,151,7,2,6,2
240,7,66,62,2024-11-24,2,2,4,15000,2024-10-05,50,2,1,7,2
47,3,25,21,2023-10-24,4,4,3,15000,2023-08-03,82,1,3,2,2
422,8,71,74,2025-07-27,2,2,3,15000,2025-04-13,105,5,4,7,2
470,5,45,46,2024-11-05,7,7,1,1406,2024-05-26,163,1,2,2,2
465,1,10,7,2025-05-13,4,4,2,15000,2025-04-06,37,3,1,2,3
48,4,38,37,2024-01-30,8,8,2,15000,2023-12-05,56,6,5,2,1
410,10,96,99,2024-12-16,6,6,4,15000,2024-07-14,155,2,5,1,3
107,3,22,23,2024-11-16,10,10,3,15000,2024-09-05,72,8,5,6,1
4,3,21,28,2024-09-12,6,6,2,10821,2024-04-20,145,5,1,4,2
306,5,47,41,2023-05-27,5,5,2,8207,2023-04-03,54,6,4,6,3
228,7,68,64,2025-09-01,8,8,3,15000,2025-05-29,95,6,1,1,2
208,1,5,6,2024-03-22,1,1,1,13437,2024-02-02,49,4,1,5,2
328,2,12,15,2024-07-11,1,1,1,6815,2024-02-15,147,7,3,4,2
241,7,67,69,2025-03-17,6,6,4,15000,2024-11-30,107,8,2,1,3
28,9,83,89,2025-05-05,4,4,2,8917,2024-11-27,159,8,2,1,1
197,7,68,65,2023-02-22,6,6,4,15000,2023-01-01,52,8,4,3,2
400,6,55,52,2024-07-13,6,6,3,15000,2024-03-08,127,1,4,6,2
214,8,74,77,2024-03-12,2,2,3,15000,2023-11-11,122,8,2,2,2
135,1,2,1,2024-01-03,1,1,4,6716,2023-12-26,8,4,5,3,3
23,3,21,25,2024-03-28,4,4,1,2606,2024-01-16,72,7,5,4,2
422,1,4,3,2023-06-10,2,2,3,15000,2023-05-18,23,10,3,6,3
373,6,56,57,2024-08-06,3,3,2,15000,2024-06-22,45,3,5,2,1
283,9,88,85,2023-06-04,9,9,4,15000,2023-03-30,66,2,5,7,1
354,10,100,91,2025-04-18,1,1,1,9233,2025-02-12,65,6,4,5,1
105,5,44,46,2024-09-19,1,1,2,11754,2024-04-23,149,1,4,4,2
337,7,63,62,2025-11-12,4,4,2,15000,2025-09-19,54,7,3,3,2
450,6,56,59,2023-09-28,8,8,3,15000,2023-08-29,30,6,2,4,1
307,2,14,19,2023-02-02,7,7,1,4716,2022-12-10,54,5,1,4,1
358,1,4,9,2024-04-22,10,10,1,8300,2023-11-22,152,2,3,1,1
50,9,83,89,2024-07-22,10,10,4,15000,2024-05-19,64,1,2,1,3
270,8,75,76,2025-04-16,6,6,2,15000,2025-03-21,26,8,4,3,2
403,8,74,79,2025-07-05,1,1,2,1750,2025-01-17,169,3,3,6,2
157,2,16,15,2025-01-14,5,5,3,15000,2024-08-04,163,5,5,2,1
5,7,61,63,2023-06-18,9,9,4,15000,2023-01-17,152,8,1,7,3
443,3,30,25,2023-02-09,9,9,3,12634,2023-01-20,20,1,4,4,1
45,4,38,31,2025-11-27,4,4,3,15000,2025-10-15,43,7,2,4,1
123,4,35,31,2024-09-25,6,6,3,6320,2024-06-21,96,6,2,3,1
411,7,65,70,2023-04-19,7,7,1,5628,2023-04-09,10,10,2,3,1
425,6,58,52,2024-11-03,7,7,3,15000,2024-09-30,34,2,1,7,1
346,6,52,55,2024-03-10,7,7,1,15000,2023-09-21,171,5,1,7,3
170,8,78,77,2025-04-26,10,10,4,15000,2025-01-18,98,6,3,6,2
310,3,22,23,2025-10-02,7,7,1,4688,2025-07-31,63,8,1,4,2
335,9,83,90,2025-11-17,8,8,3,15000,2025-07-06,134,6,4,1,2
99,2,11,20,2025-07-02,4,4,1,2243,2025-03-12,112,6,4,3,1
146,3,28,22,2024-12-13,1,1,2,4576,2024-12-10,3,5,1,5,1
366,7,62,61,2025-07-30,2,2,1,14012,2025-04-29,92,2,4,3,1
415,10,92,98,2024-12-17,6,6,4,15000,2024-11-15,32,2,2,2,3
136,2,11,17,2024-06-26,1,1,4,15000,2024-04-16,71,8,1,3,1
426,5,42,49,2024-11-28,9,9,1,6233,2024-07-17,134,6,4,4,1
58,2,20,13,2024-07-15,2,2,3,14923,2024-03-12,125,6,5,1,3
101,9,83,88,2023-03-19,7,7,2,5835,2023-03-11,8,8,4,7,3
342,1,3,9,2023-09-01,9,9,1,3615,2023-03-30,155,9,4,5,1
221,2,13,16,2024-10-20,9,9,2,15000,2024-08-22,59,5,3,7,3
239,10,91,92,2023-01-24,10,10,1,3597,2022-10-26,90,10,2,2,2
112,2,14,15,2023-08-28,9,9,3,15000,2023-05-27,93,1,4,1,1
92,7,62,68,2025-05-20,8,8,2,15000,2025-01-28,112,6,2,2,2
216,2,14,18,2025-05-27,9,9,4,9938,2025-04-21,36,2,3,2,1
147,5,44,45,2023-06-27,9,9,2,15000,2023-05-02,56,9,4,2,2
334,2,19,16,2023-10-17,8,8,1,11561,2023-06-12,127,1,4,2,2
354,5,50,49,2023-01-13,4,4,1,9163,2022-09-29,106,8,5,5,2
368,7,63,64,2024-03-24,1,1,2,15000,2024-02-27,26,5,5,7,2
273,5,42,46,2024-12-05,5,5,1,2414,2024-09-26,70,10,2,4,2
389,6,57,59,2023-04-05,2,2,4,15000,2022-10-30,157,3,1,3,2
298,6,58,57,2024-07-29,5,5,4,15000,2024-03-22,129,5,2,1,1
103,6,54,59,2025-04-14,2,2,4,15000,2024-12-02,133,10,1,1,1
470,5,41,49,2023-11-03,4,4,4,15000,2023-07-04,122,9,2,5,2
59,9,82,81,2024-05-12,9,9,3,4274,2024-05-05,7,6,5,7,2
360,2,12,19,2025-01-23,2,2,3,1890,2025-01-09,14,2,5,4,1
261,8,78,80,2025-09-11,8,8,1,5564,2025-04-18,146,8,2,4,1
135,1,1,10,2025-06-28,4,4,1,1736,2025-06-10,18,3,4,6,2
483,8,77,79,2023-07-08,2,2,2,15000,2023-01-10,179,6,4,6,1
338,10,96,94,2025-10-25,9,9,4,15000,2025-07-30,87,8,5,6,3
331,7,61,65,2023-07-18,2,2,4,15000,2023-02-26,142,2,2,2,1
177,4,34,38,2023-02-24,3,3,4,15000,2022-09-09,168,7,2,5,3
36,10,94,99,2023-01-11,2,2,3,15000,2022-08-01,163,10,3,3,3
212,9,87,86,2025-07-18,4,4,2,12499,2025-06-30,18,3,5,5,2
178,10,98,95,2025-09-03,8,8,4,15000,2025-05-30,96,10,2,3,3
412,4,33,32,2023-07-03,4,4,3,15000,2023-01-29,155,10,1,1,1
347,3,22,25,2024-11-07,3,3,3,15000,2024-06-26,134,3,1,4,1
127,3,24,25,2024-11-28,6,6,2,15000,2024-07-30,121,7,2,4,3
29,4,38,35,2023-02-22,2,2,4,15000,2022-12-05,79,9,1,3,3
295,1,1,2,2024-07-17,8,8,1,6273,2024-02-06,162,7,1,3,3
353,8,74,73,2023-01-05,2,2,4,15000,2022-08-13,145,7,1,4,1
271,6,57,54,2023-08-07,1,1,4,15000,2023-07-17,21,4,4,1,1
270,2,16,19,2024-11-16,8,8,1,1385,2024-10-11,36,5,3,6,2
104,7,68,62,2023-01-08,5,5,2,6817,2022-07-13,179,4,4,7,1
31,9,81,84,2025-06-09,10,10,1,11776,2025-01-20,140,9,4,1,3
352,9,82,86,2025-05-24,5,5,2,15000,2025-03-12,73,1,4,6,2
342,1,5,7,2023-03-31,8,8,4,15000,2023-03-21,10,7,2,5,1
30,1,10,6,2024-01-26,9,9,1,876,2024-01-10,16,4,3,5,1
304,3,29,26,2024-11-14,3,3,4,15000,2024-05-30,168,6,1,4,1
271,10,100,93,2023-09-01,6,6,4,15000,2023-04-29,125,9,3,5,1
246,7,64,61,2024-03-21,4,4,1,10229,2023-11-06,136,1,4,4,1
203,5,46,43,2023-10-13,1,1,2,11474,2023-07-23,82,5,3,5,1
437,6,58,60,2023-06-25,5,5,2,13754,2023-01-08,168,3,1,7,2
343,10,91,99,2025-03-07,7,7,3,15000,2024-09-28,160,10,3,5,2
307,3,24,30,2024-05-26,3,3,4,11766,2024-04-18,38,5,5,7,1
166,6,53,52,2024-05-21,9,9,4,15000,2024-03-13,69,3,1,2,2
414,7,69,61,2023-08-27,10,10,4,15000,2023-03-08,172,7,3,7,1
207,3,21,24,2024-12-01,8,8,4,15000,2024-06-30,154,10,4,7,1
342,4,34,31,2025-05-30,7,7,1,5288,2025-04-06,54,1,2,5,2
386,4,40,37,2025-09-14,5,5,3,4814,2025-04-07,160,8,5,7,2
361,8,76,77,2023-08-30,5,5,1,3658,2023-05-24,98,2,3,3,2
78,1,2,9,2024-10-29,2,2,2,15000,2024-06-15,136,2,3,2,2
266,10,92,95,2025-02-18,9,9,1,6203,2024-12-26,54,5,1,2,1
91,3,21,24,2024-10-05,6,6,3,15000,2024-07-18,79,3,1,6,2
241,5,44,43,2024-04-12,1,1,2,10733,2024-02-26,46,3,5,5,2
258,2,17,18,2025-02-04,2,2,3,1280,2024-12-13,53,10,5,2,2
244,7,62,69,2024-03-31,2,2,1,7939,2023-10-28,155,4,5,7,2
391,9,83,81,2023-07-12,1,1,1,4219,2023-06-18,24,7,1,3,1
259,5,48,50,2025-05-14,4,4,3,15000,2025-03-07,68,5,4,3,1
237,7,63,67,2024-12-31,6,6,3,15000,2024-08-20,133,2,3,2,2
387,8,74,80,2024-01-28,5,5,4,15000,2023-09-08,142,4,4,7,1
77,2,13,15,2023-01-17,5,5,3,15000,2022-11-01,77,7,2,2,1
116,10,96,100,2023-06-05,6,6,1,9075,2023-05-21,15,4,4,1,1
351,8,76,77,2025-03-07,10,10,1,375,2024-10-01,157,7,1,5,2
233,10,98,100,2024-10-16,4,4,3,15000,2024-09-14,32,10,1,3,2
279,7,61,70,2025-04-14,7,7,3,15000,2024-11-01,164,7,5,1,3
301,7,68,66,2024-12-21,10,10,4,15000,2024-10-12,70,8,5,6,1
246,3,26,25,2023-07-05,1,1,4,15000,2023-01-08,178,9,5,3,3
369,10,96,93,2024-07-20,9,9,3,15000,2024-06-13,37,2,5,6,2
185,5,48,47,2025-02-09,1,1,4,15000,2025-01-25,15,5,2,7,2
211,8,74,80,2023-02-21,6,6,2,15000,2022-09-11,163,10,2,2,3
163,5,50,48,2023-05-30,8,8,3,15000,2023-02-06,113,5,4,2,2
298,2,14,19,2023-09-26,4,4,3,15000,2023-07-15,73,5,3,2,1
355,5,49,47,2023-02-09,1,1,3,15000,2023-01-15,25,4,2,4,1
471,10,99,95,2025-04-22,6,6,1,1267,2024-12-18,125,9,4,2,2
32,1,5,1,2024-08-08,4,4,1,1408,2024-04-16,114,9,2,4,1
93,2,17,20,2025-06-29,5,5,4,15000,2025-05-02,58,9,5,7,1
420,3,22,27,2023-09-14,9,9,1,11170,2023-03-20,178,2,3,4,2
89,8,78,73,2023-12-24,10,10,4,15000,2023-11-29,25,9,4,7,2
332,5,42,50,2023-10-10,5,5,4,15000,2023-04-30,163,1,2,2,1
397,2,20,16,2025-02-20,2,2,4,15000,2024-12-07,75,9,5,4,2
482,2,17,19,2025-08-16,5,5,1,4622,2025-07-20,27,10,1,6,1
468,7,66,67,2024-06-20,8,8,1,9301,2024-01-17,155,3,1,4,1
257,4,33,37,2024-01-23,5,5,1,12212,2023-10-18,97,7,1,2,2
127,6,59,57,2024-10-26,3,3,1,7009,2024-10-08,18,1,3,6,1
304,2,20,19,2024-12-26,7,7,2,10015,2024-12-13,13,9,1,4,2
229,9,82,83,2024-10-18,4,4,2,15000,2024-09-29,19,7,3,5,2
258,10,93,97,2023-10-12,8,8,4,15000,2023-05-02,163,4,3,4,1
264,4,33,39,2023-11-04,6,6,3,15000,2023-09-29,36,7,5,6,3
488,10,91,93,2025-10-02,10,10,3,15000,2025-06-30,94,10,5,4,2
488,9,82,90,2024-04-22,9,9,3,768,2023-12-08,136,10,4,1,2
168,8,77,73,2023-02-01,8,8,4,15000,2022-11-02,91,4,5,3,2
144,4,37,38,2024-02-03,1,1,2,15000,2023-08-07,180,10,1,6,1
46,7,65,63,2024-12-04,9,9,3,997,2024-07-20,137,1,5,3,1
4,4,39,34,2024-08-10,4,4,2,15000,2024-02-17,175,5,4,6,3
304,5,41,49,2024-12-27,2,2,2,7389,2024-09-16,102,7,5,5,1
49,10,99,94,2024-09-29,5,5,4,15000,2024-07-01,90,10,5,7,1
470,10,92,99,2025-11-03,8,8,1,6680,2025-09-16,48,3,5,1,3
389,6,56,58,2024-10-28,7,7,1,15000,2024-08-21,68,5,4,1,3
177,8,76,80,2025-05-25,2,2,2,15000,2025-03-17,69,4,5,7,3
72,7,69,61,2025-08-26,7,7,4,15000,2025-08-22,4,7,5,2,2
13,2,15,13,2025-07-23,3,3,1,12035,2025-03-02,143,10,3,3,1
482,10,100,96,2023-02-17,9,9,1,15000,2022-10-03,137,7,3,5,3
40,6,51,58,2025-05-12,6,6,3,15000,2025-01-18,114,1,1,1,3
432,6,56,51,2023-07-25,3,3,2,1352,2023-02-15,160,4,1,2,3
373,10,100,95,2025-04-02,1,1,4,15000,2025-03-07,26,6,2,3,1
483,2,17,16,2025-06-06,6,6,3,15000,2025-01-23,134,2,5,5,2
435,7,65,70,2025-11-29,6,6,2,15000,2025-07-17,135,1,2,6,1
161,3,24,23,2023-08-22,7,7,3,15000,2023-06-01,82,5,3,2,1
273,10,93,99,2024-08-13,2,2,4,15000,2024-06-12,62,1,3,2,2
54,4,33,40,2023-08-07,10,10,2,15000,2023-06-22,46,4,3,1,2
403,1,9,6,2023-02-25,2,2,2,2938,2022-12-19,68,9,2,6,1
491,6,56,57,2024-10-22,5,5,1,10697,2024-06-13,131,5,1,2,1
17,8,77,72,2023-07-13,7,7,3,15000,2023-04-18,86,2,2,4,1
131,7,69,67,2024-09-08,10,10,3,15000,2024-06-23,77,3,2,7,2
392,1,10,7,2025-12-26,3,3,1,9707,2025-11-27,29,7,1,5,3
133,7,64,63,2025-08-17,5,5,3,15000,2025-03-05,165,10,3,7,1
156,5,46,44,2024-09-19,1,1,3,15000,2024-09-12,7,10,3,4,2
10,9,83,85,2023-03-08,1,1,3,15000,2022-11-16,112,8,4,3,1
446,9,87,82,2023-11-20,6,6,1,9397,2023-11-03,17,2,4,1,1
361,9,82,89,2023-03-06,1,1,3,15000,2023-02-13,21,1,4,1,2
396,9,86,88,2023-11-17,10,10,2,3719,2023-10-01,47,2,1,5,1
218,10,92,98,2024-12-27,3,3,2,2868,2024-08-06,143,3,4,5,2
236,7,70,62,2024-09-25,5,5,4,15000,2024-07-20,67,8,2,3,2
371,2,11,14,2023-07-11,9,9,4,15000,2023-05-04,68,5,5,2,1
7,10,94,92,2025-10-25,7,7,3,15000,2025-08-04,82,9,5,6,1
224,7,69,67,2023-04-07,4,4,3,1661,2023-01-15,82,6,4,5,1
63,1,10,6,2023-06-10,2,2,4,2218,2022-12-31,161,5,1,6,1
139,7,67,65,2025-10-22,3,3,2,15000,2025-09-20,32,10,1,3,2
404,9,86,83,2023-11-15,8,8,3,12723,2023-10-25,21,5,5,3,3
432,1,2,7,2023-06-11,10,10,1,10829,2023-02-07,124,6,2,7,2
321,1,6,9,2024-12-11,8,8,1,15000,2024-08-06,127,2,5,3,2
498,2,17,11,2023-06-29,3,3,3,15000,2023-05-24,36,2,1,4,1
240,2,18,13,2025-09-11,8,8,1,9577,2025-07-14,59,6,1,4,2
126,7,63,66,2024-03-06,4,4,4,15000,2023-09-13,175,8,2,3,1
460,2,19,13,2025-02-18,5,5,3,15000,2024-08-24,178,4,2,2,2
108,6,58,57,2025-07-15,6,6,3,15000,2025-03-19,118,7,2,2,1
420,7,70,62,2025-08-18,9,9,3,15000,2025-03-28,143,6,2,1,1
292,2,20,15,2024-10-03,3,3,4,4161,2024-08-30,34,2,4,4,3
53,9,89,84,2025-06-12,3,3,2,13591,2025-05-19,24,3,5,4,1
139,7,63,66,2025-02-01,5,5,4,15000,2024-09-08,146,7,5,6,2
196,9,87,86,2023-09-02,8,8,3,15000,2023-03-13,173,4,4,6,3
380,5,44,42,2025-01-28,8,8,4,15000,2024-09-01,149,3,5,2,3
170,6,58,51,2023-03-28,5,5,1,586,2022-11-17,131,3,4,2,2
182,10,94,92,2025-10-20,8,8,3,4263,2025-09-18,32,9,3,1,1
275,8,78,76,2023-08-31,5,5,4,15000,2023-08-17,14,8,3,4,3
179,8,75,77,2025-10-23,6,6,4,15000,2025-07-15,100,4,2,4,1
401,1,10,2,2024-08-20,9,9,4,15000,2024-04-04,138,1,5,2,2
21,4,36,35,2025-12-28,9,9,1,10311,2025-10-17,72,10,3,7,2
299,4,34,33,2025-02-08,4,4,4,15000,2024-11-04,96,1,5,6,2
466,2,20,16,2024-11-21,9,9,1,4704,2024-11-11,10,4,2,4,1
392,7,69,68,2025-11-20,5,5,2,12265,2025-07-15,128,6,1,4,1
12,2,20,11,2023-06-12,7,7,3,15000,2023-01-29,134,1,4,1,3
155,6,60,57,2023-08-16,9,9,3,9304,2023-07-02,45,4,2,3,1
16,9,84,89,2023-02-19,3,3,4,15000,2022-12-22,59,6,2,7,2
246,10,98,99,2023-03-10,4,4,4,15000,2022-11-25,105,9,3,5,2
145,2,14,15,2025-08-19,8,8,1,13858,2025-03-09,163,5,3,2,1
494,6,57,55,2023-08-05,1,1,4,15000,2023-02-23,163,7,5,6,2
308,5,49,46,2024-08-03,5,5,4,15000,2024-04-01,124,4,3,6,2
145,7,68,66,2025-05-24,2,2,2,15000,2025-03-16,69,7,5,6,1
276,5,50,42,2025-04-06,3,3,2,11991,2024-12-03,124,2,5,7,1
453,6,52,54,2024-12-11,4,4,3,15000,2024-10-14,58,9,1,3,1
186,5,41,44,2024-09-07,2,2,3,9435,2024-08-07,31,4,1,6,2
261,7,70,67,2025-10-02,10,10,2,11158,2025-08-13,50,4,4,4,1
118,3,25,21,2025-12-08,3,3,1,15000,2025-07-18,143,3,1,1,3
159,5,50,45,2025-09-17,6,6,3,10232,2025-03-30,171,1,2,3,1
26,5,42,47,2023-01-31,7,7,3,15000,2023-01-04,27,9,1,2,1
449,5,49,43,2024-04-07,9,9,2,15000,2024-03-21,17,10,2,7,1
318,8,77,74,2025-01-01,2,2,4,5767,2024-07-07,178,1,4,3,1
21,10,98,100,2023-08-22,9,9,2,15000,2023-06-19,64,8,4,2,2
138,9,87,81,2024-09-10,6,6,2,11467,2024-04-20,143,6,5,2,2
44,7,62,66,2025-01-04,2,2,3,15000,2024-11-01,64,6,3,6,2
456,10,95,98,2023-02-20,5,5,2,15000,2022-10-19,124,8,3,1,2
480,6,60,54,2023-04-12,9,9,3,15000,2022-12-21,112,5,5,3,1
119,2,19,14,2024-02-02,5,5,1,4268,2023-09-21,134,6,1,5,2
113,3,25,21,2023-11-09,4,4,4,9334,2023-05-30,163,10,3,4,3
33,3,27,26,2023-05-17,7,7,4,12671,2023-03-11,67,4,4,3,1
278,10,96,97,2024-07-06,9,9,2,15000,2024-06-17,19,7,4,6,3
146,10,91,95,2024-07-20,10,10,1,7882,2024-03-13,129,6,1,6,1
355,1,6,8,2023-09-22,8,8,4,15000,2023-05-12,133,1,1,5,2
26,5,41,47,2024-07-04,4,4,1,8219,2024-01-17,169,6,2,4,1
384,8,78,74,2025-09-03,8,8,1,13143,2025-06-07,88,10,4,3,1
2,2,11,18,2024-02-03,3,3,2,12462,2023-11-02,93,6,1,6,1
205,4,34,39,2025-08-07,5,5,3,15000,2025-06-19,49,10,1,4,1
199,3,27,24,2023-05-18,4,4,1,5864,2022-12-27,142,4,2,4,3
319,7,65,64,2023-05-20,7,7,1,12604,2023-03-17,64,10,2,6,2
246,1,2,10,2024-07-30,6,6,3,4939,2024-04-09,112,4,2,2,3
304,7,62,69,2024-01-29,6,6,2,1547,2023-09-17,134,8,4,1,2
184,6,59,60,2025-11-02,2,2,2,1757,2025-07-06,119,3,5,7,3
310,8,71,78,2023-11-14,6,6,1,1743,2023-05-30,168,10,5,2,2
86,6,58,52,2024-03-23,6,6,1,8396,2024-02-27,25,4,2,6,1
209,5,45,50,2025-12-11,6,6,2,15000,2025-08-26,107,7,5,4,1
393,9,85,87,2025-06-16,1,1,4,15000,2025-01-11,156,5,2,1,2
156,9,86,90,2025-03-20,2,2,2,12560,2025-03-11,9,10,2,4,3
413,1,8,9,2023-02-15,1,1,2,15000,2022-11-03,104,5,3,3,2
246,1,1,6,2025-08-09,4,4,1,15000,2025-08-01,8,3,3,6,2
31,4,31,40,2025-10-16,2,2,4,15000,2025-09-14,32,9,2,4,3
306,10,98,100,2025-11-03,8,8,4,15000,2025-06-15,141,8,3,1,2
51,2,19,15,2025-05-30,7,7,3,15000,2025-01-30,120,10,5,5,2
294,8,79,73,2023-11-14,4,4,1,4341,2023-07-13,124,5,5,2,2
120,10,100,94,2025-03-19,9,9,2,15000,2025-02-05,42,3,3,3,1
360,2,19,20,2024-04-21,10,10,1,2754,2024-02-25,56,9,2,7,1
230,9,87,86,2025-12-08,4,4,2,15000,2025-07-03,158,2,5,1,3
337,4,38,31,2024-06-23,2,2,2,15000,2024-04-16,68,8,5,7,2
176,8,73,79,2025-07-01,7,7,2,15000,2025-03-30,93,5,1,2,1
330,10,98,99,2024-03-25,2,2,3,15000,2023-12-29,87,7,1,1,3
393,3,25,26,2025-11-04,4,4,4,15000,2025-07-08,119,1,2,2,2
39,1,7,9,2023-11-05,6,6,1,943,2023-11-03,2,9,5,7,2
169,10,91,96,2023-02-28,2,2,1,8588,2023-02-18,10,2,2,2,1
406,10,93,91,2023-04-01,8,8,2,3062,2022-11-02,150,9,5,6,1
283,5,41,44,2025-08-06,7,7,4,15000,2025-02-20,167,2,3,3,1
424,1,4,1,2024-09-14,8,8,1,9134,2024-04-21,146,2,4,6,3
92,2,14,13,2025-12-26,8,8,3,15000,2025-11-08,48,3,2,5,3
246,3,28,24,2024-06-02,9,9,4,15000,2024-03-05,89,1,4,7,2
399,5,46,45,2025-07-13,2,2,2,15000,2025-06-16,27,6,4,7,1
91,3,30,28,2024-06-21,4,4,3,8410,2024-04-02,80,3,2,5,1
423,9,85,81,2025-01-09,9,9,4,15000,2024-11-28,42,5,5,4,3
214,5,43,50,2023-09-14,9,9,2,15000,2023-05-30,107,4,5,4,1
46,3,27,30,2023-10-10,7,7,1,6070,2023-05-03,160,3,4,2,1
409,4,37,31,2024-04-10,7,7,4,15000,2023-11-14,148,6,3,3,1
283,3,21,22,2025-02-02,6,6,4,15000,2024-08-06,180,8,5,7,1
338,4,36,37,2023-01-23,6,6,4,15000,2022-11-17,67,7,1,1,2
132,3,24,29,2024-12-03,1,1,3,15000,2024-11-02,31,5,3,2,1
443,9,90,87,2023-10-16,4,4,4,15000,2023-04-22,177,5,4,1,1
433,9,81,85,2023-07-01,9,9,3,15000,2023-06-10,21,8,4,6,3
363,10,91,96,2024-03-21,2,2,4,4076,2024-01-01,80,3,2,4,2
458,5,46,43,2023-10-06,7,7,1,9147,2023-06-19,109,4,2,5,2
410,2,14,16,2023-03-27,10,10,2,2097,2022-10-22,156,9,3,1,1
384,1,1,4,2023-03-29,8,8,2,13392,2023-01-31,57,1,4,3,1
482,10,100,92,2025-06-25,6,6,3,15000,2025-05-16,40,2,1,3,2
158,4,35,40,2025-09-04,10,10,1,15000,2025-08-03,32,5,5,4,1
302,5,44,47,2025-10-02,10,10,1,15000,2025-06-06,118,4,3,4,3
194,8,74,80,2023-09-20,10,10,2,8545,2023-03-24,180,8,4,3,1
368,2,17,14,2023-07-07,1,1,3,14833,2023-02-13,144,10,5,5,2
226,9,83,90,2023-05-15,1,1,4,15000,2022-11-18,178,10,3,1,3
205,2,17,15,2023-08-22,8,8,2,15000,2023-03-29,146,2,1,2,3
411,5,48,46,2024-01-10,2,2,4,15000,2023-09-14,118,2,2,3,2
368,9,84,88,2024-03-31,3,3,2,15000,2023-11-08,144,3,1,7,2
284,10,99,97,2023-12-14,5,5,4,15000,2023-08-25,111,8,2,4,2
118,3,23,22,2025-12-08,1,1,2,15000,2025-07-10,151,9,3,1,1
79,3,26,24,2023-02-17,3,3,1,8079,2022-10-29,111,7,5,5,2
213,9,86,85,2025-09-13,3,3,3,15000,2025-09-03,10,8,3,6,2
58,5,49,42,2023-01-01,10,10,3,15000,2022-08-26,128,8,3,7,2
8,7,70,63,2024-10-27,1,1,2,15000,2024-07-28,91,9,4,7,2
215,3,26,28,2023-08-04,10,10,4,15000,2023-05-29,67,2,1,5,1
467,2,12,19,2024-02-05,5,5,1,348,2023-12-14,53,6,3,1,1
138,2,11,12,2025-11-03,10,10,3,5173,2025-10-18,16,9,2,1,3
235,8,76,80,2023-10-01,7,7,4,11153,2023-08-12,50,7,4,7,3
155,3,22,24,2023-02-11,8,8,3,15000,2023-01-09,33,4,1,6,3
458,1,10,1,2025-07-18,4,4,2,11562,2025-03-25,115,10,2,5,2
499,10,96,99,2025-12-06,8,8,2,15000,2025-07-30,129,3,5,6,2
383,4,38,40,2023-07-14,2,2,3,4414,2023-06-04,40,10,1,5,3
479,7,70,66,2025-03-01,7,7,3,6062,2025-02-03,26,2,5,6,1
166,3,25,22,2025-06-17,5,5,1,5125,2025-03-26,83,10,2,2,1
201,6,53,54,2023-03-14,3,3,3,15000,2023-03-10,4,6,4,2,2
421,8,74,80,2023-05-06,9,9,1,15000,2023-03-11,56,2,2,6,3
116,3,24,26,2024-03-24,6,6,4,15000,2023-10-08,168,5,4,7,3
472,5,45,50,2025-11-19,8,8,1,14717,2025-10-26,24,8,3,3,1
413,6,53,52,2023-04-13,8,8,4,15000,2023-02-26,46,3,3,4,2
265,1,5,1,2025-02-11,2,2,3,1028,2024-09-26,138,3,5,2,3
420,5,44,45,2023-07-08,6,6,2,15000,2023-06-05,33,3,5,6,2
424,4,33,38,2023-10-05,1,1,2,15000,2023-07-19,78,1,2,4,2
336,6,51,59,2024-02-29,6,6,2,15000,2023-12-08,83,5,2,4,2
441,3,25,26,2023-12-20,10,10,3,2756,2023-12-01,19,1,4,3,1
145,3,25,24,2024-11-18,8,8,1,11185,2024-09-23,56,7,4,1,1
201,3,28,22,2024-09-06,7,7,4,15000,2024-03-27,163,8,4,5,1
177,7,69,62,2024-04-06,1,1,2,1151,2023-10-16,173,8,1,6,2
346,7,67,70,2025-04-02,2,2,3,15000,2024-10-28,156,6,1,3,3
238,6,52,56,2023-05-03,1,1,3,15000,2022-11-21,163,7,1,3,2
113,10,92,98,2025-08-19,6,6,3,15000,2025-04-04,137,3,2,2,3
310,8,75,72,2024-12-11,4,4,2,15000,2024-09-25,77,3,2,3,3
127,3,21,26,2025-06-24,2,2,4,15000,2025-01-22,153,7,3,2,2
343,3,25,29,2025-04-18,1,1,1,15000,2024-12-20,119,8,2,5,2
115,4,38,40,2023-12-01,1,1,1,12214,2023-09-21,71,9,4,5,3
175,6,55,59,2025-12-26,1,1,2,1874,2025-10-29,58,5,3,5,2
18,6,57,54,2024-07-13,2,2,2,4540,2024-07-02,11,4,3,6,1
280,10,97,91,2024-10-25,6,6,3,15000,2024-07-26,91,2,5,5,2
129,9,85,90,2024-02-08,7,7,4,2202,2023-11-12,88,10,4,4,2
144,4,40,35,2023-11-02,5,5,3,15000,2023-09-05,58,3,1,4,2
234,4,35,32,2025-08-15,5,5,4,15000,2025-04-30,107,8,5,5,2
32,10,97,96,2025-02-25,7,7,4,15000,2025-02-18,7,5,2,2,3
11,7,67,62,2023-07-18,4,4,1,15000,2023-03-31,109,3,4,2,3
112,4,33,40,2025-09-30,10,10,3,1318,2025-04-12,171,2,1,2,1
500,9,86,84,2023-05-30,3,3,2,11189,2023-01-15,135,9,1,2,2
174,10,98,92,2024-06-07,8,8,1,1441,2024-02-16,112,2,4,5,1
242,9,86,85,2024-01-19,10,10,1,15000,2023-10-10,101,3,2,5,2
430,3,27,29,2025-07-04,2,2,1,6994,2025-05-02,63,6,2,5,1
475,2,11,16,2024-08-17,3,3,4,15000,2024-06-18,60,6,4,6,1
2,2,19,17,2025-11-26,9,9,1,2848,2025-09-30,57,1,1,3,1
302,5,49,50,2024-02-14,3,3,2,9328,2023-12-28,48,7,2,3,3
131,1,2,4,2024-11-19,6,6,1,2965,2024-07-28,114,4,2,2,3
424,3,21,22,2024-05-03,5,5,1,1591,2024-01-06,118,4,5,5,2
267,6,52,59,2023-03-18,5,5,2,13994,2022-09-30,169,5,2,6,1
46,4,40,37,2024-04-04,10,10,2,15000,2023-10-09,178,6,1,4,2
351,10,95,91,2024-05-03,8,8,1,15000,2024-04-27,6,1,4,5,3
239,6,60,59,2023-05-19,7,7,2,9115,2023-01-22,117,6,4,5,1
313,10,100,98,2024-09-02,8,8,4,6965,2024-05-11,114,5,1,1,1
99,8,76,72,2024-10-31,7,7,3,15000,2024-07-11,112,8,2,4,3
308,4,32,34,2023-11-29,3,3,1,742,2023-11-27,2,1,1,3,1
177,5,48,43,2024-09-10,1,1,4,15000,2024-08-07,34,3,2,2,3
7,5,42,43,2023-11-30,4,4,3,15000,2023-11-15,15,8,4,4,3
44,3,25,30,2024-06-26,2,2,2,11894,2024-05-29,28,4,5,3,2
464,2,16,17,2025-02-07,8,8,2,15000,2024-09-18,142,7,3,5,1
386,8,72,71,2023-12-22,7,7,3,13887,2023-11-02,50,8,2,5,2
102,9,90,82,2023-10-27,3,3,2,6216,2023-08-26,62,8,5,5,2
32,1,4,3,2023-11-24,4,4,2,15000,2023-06-24,153,10,2,5,3
285,5,48,50,2023-10-01,6,6,2,13594,2023-07-11,82,1,1,7,2
362,10,92,91,2023-02-25,1,1,4,15000,2022-09-06,172,4,5,6,2
407,5,45,47,2025-07-23,3,3,1,10719,2025-05-06,78,2,4,3,3
319,10,95,98,2023-03-18,2,2,3,15000,2022-11-23,115,5,1,6,1
2,3,27,28,2023-09-22,4,4,3,15000,2023-08-23,30,7,4,5,1
272,7,64,62,2025-07-12,2,2,4,15000,2025-04-26,77,1,2,6,2
16,6,51,59,2023-06-16,8,8,4,8225,2023-04-27,50,3,4,5,2
438,5,47,43,2025-09-03,1,1,2,15000,2025-09-01,2,5,4,3,2
195,10,95,100,2023-11-06,5,5,3,13750,2023-09-20,47,9,3,1,2
456,9,84,88,2024-04-23,1,1,3,15000,2023-11-07,168,6,5,2,1
146,10,98,99,2024-12-21,5,5,2,15000,2024-11-23,28,7,1,6,1
20,4,32,33,2025-03-04,10,10,4,4053,2024-12-23,71,3,4,2,3
380,8,77,79,2023-12-24,6,6,4,9070,2023-12-23,1,7,2,7,1
158,6,57,60,2024-08-31,5,5,1,6926,2024-06-28,64,4,5,6,2
246,8,73,72,2023-07-21,6,6,2,829,2023-05-07,75,6,5,5,2
182,2,19,11,2024-07-29,1,1,4,15000,2024-03-07,144,6,4,1,3
382,5,42,48,2025-04-10,5,5,2,15000,2025-03-17,24,5,3,4,3
380,2,19,12,2024-12-27,3,3,1,311,2024-07-19,161,10,5,5,1
221,1,3,6,2023-08-27,7,7,2,5285,2023-08-06,21,6,3,7,2
416,9,82,90,2025-12-05,1,1,2,9817,2025-08-25,102,3,2,5,1
280,2,11,12,2024-03-24,5,5,1,9285,2024-02-20,33,3,3,7,2
120,4,32,34,2024-07-21,1,1,2,15000,2024-02-26,146,2,4,7,3
222,10,98,92,2023-09-21,1,1,4,15000,2023-04-13,161,9,3,4,3
273,3,24,28,2024-01-10,6,6,3,11214,2023-10-02,100,3,4,3,1
356,3,26,30,2023-12-24,3,3,3,3200,2023-09-27,88,5,5,7,1
160,10,92,96,2024-07-09,7,7,2,15000,2024-06-25,14,7,4,2,1
421,9,81,83,2025-08-23,3,3,2,15000,2025-05-04,111,8,2,6,1
118,6,56,52,2023-07-18,6,6,3,14440,2023-06-03,45,9,3,2,2
387,10,99,95,2025-04-14,2,2,2,15000,2025-03-16,29,6,5,1,3
265,5,50,48,2024-06-30,7,7,3,15000,2024-01-21,161,8,1,7,3
392,2,19,11,2025-02-08,2,2,1,8864,2024-10-23,108,1,1,6,1
17,8,74,73,2023-06-19,1,1,1,15000,2023-03-21,90,3,4,1,2
273,1,10,4,2024-07-10,2,2,3,15000,2024-01-19,173,3,5,3,1
281,2,12,18,2024-10-01,7,7,2,14292,2024-08-03,59,5,4,2,2
135,3,26,24,2024-01-22,5,5,2,15000,2023-09-20,124,6,5,1,2
384,8,75,71,2025-03-07,4,4,1,1841,2024-11-22,105,9,5,5,1
76,9,89,86,2023-09-23,10,10,4,15000,2023-05-21,125,9,1,6,3
376,4,31,32,2023-01-08,10,10,3,15000,2022-11-27,42,9,5,7,3
262,2,16,13,2023-06-29,3,3,2,15000,2023-05-07,53,7,5,4,2
354,2,17,16,2023-12-02,9,9,4,15000,2023-07-02,153,6,3,6,1
426,6,58,60,2023-06-05,2,2,3,15000,2023-05-26,10,5,2,1,2
186,1,2,3,2024-03-13,4,4,1,9106,2023-09-16,179,10,4,3,2
413,5,43,42,2023-08-28,2,2,2,2956,2023-07-11,48,2,2,1,1
111,3,25,22,2023-02-05,10,10,1,15000,2022-12-31,36,3,2,7,3
102,7,66,63,2025-04-20,6,6,2,15000,2024-12-04,137,3,1,7,2
168,7,65,61,2023-04-13,7,7,4,15000,2023-03-02,42,3,3,4,2
38,10,92,95,2025-12-16,7,7,4,15000,2025-11-10,36,9,1,2,3
34,1,8,4,2025-04-26,5,5,3,15000,2024-12-03,144,9,1,6,3
323,2,12,18,2025-09-02,9,9,3,14264,2025-04-21,134,1,3,2,2
176,8,77,73,2025-07-11,10,10,4,15000,2025-03-28,105,3,3,5,2
75,2,16,15,2025-06-25,6,6,3,15000,2025-02-10,135,1,2,3,3
472,8,75,79,2023-05-26,6,6,3,15000,2023-04-06,50,7,4,5,2
132,8,80,75,2023-11-29,9,9,1,1488,2023-08-16,105,8,1,3,1
440,3,23,25,2023-12-15,3,3,2,15000,2023-09-22,84,2,3,5,2
145,8,77,73,2024-07-07,4,4,4,15000,2024-06-09,28,8,1,7,1
441,7,68,65,2024-11-22,5,5,2,15000,2024-07-23,122,6,4,5,1
226,1,5,2,2024-07-15,8,8,1,12307,2024-01-19,178,9,1,1,1
191,10,100,95,2024-04-23,9,9,4,15000,2024-02-21,62,7,5,2,3
237,5,48,45,2025-06-26,1,1,3,15000,2025-04-25,62,9,1,4,1
166,1,6,10,2024-11-30,8,8,3,15000,2024-10-08,53,2,3,6,2
63,2,12,20,2025-03-14,5,5,4,15000,2025-03-07,7,6,2,5,2
28,4,40,34,2023-08-20,10,10,2,15000,2023-04-01,141,1,3,7,3
324,1,3,1,2024-07-19,10,10,4,15000,2024-02-17,153,7,3,5,2
111,7,67,66,2023-09-21,3,3,1,10591,2023-04-18,156,2,2,4,3
234,5,43,48,2025-12-03,2,2,3,2646,2025-07-14,142,9,5,3,2
1,9,81,84,2023-05-21,2,2,4,15000,2022-11-24,178,9,3,7,2
57,7,67,64,2024-03-30,10,10,2,4281,2023-10-03,179,9,2,6,1
483,2,17,16,2025-12-15,4,4,1,4327,2025-10-22,54,5,3,1,2
428,4,39,35,2024-09-18,7,7,1,9606,2024-09-12,6,3,5,3,1
133,1,4,10,2025-06-19,7,7,4,15000,2025-03-03,108,1,5,4,1
274,8,73,78,2023-08-22,3,3,4,15000,2023-04-21,123,9,1,2,2
295,8,80,71,2025-06-25,6,6,2,15000,2025-01-16,160,7,5,3,3
41,8,80,75,2024-06-06,8,8,2,7790,2024-05-10,27,6,1,4,2
120,2,14,19,2025-06-09,8,8,1,6577,2024-12-11,180,9,5,1,2
216,8,77,73,2024-01-06,9,9,3,12750,2023-09-18,110,9,4,6,2
420,8,78,74,2024-07-15,2,2,1,15000,2024-04-11,95,10,4,1,2
9,5,48,45,2024-01-27,3,3,3,1319,2023-10-14,105,3,4,6,2
126,3,25,23,2025-10-31,5,5,1,4942,2025-06-25,128,4,2,5,1
127,9,90,86,2023-02-19,2,2,2,15000,2023-01-23,27,9,3,7,1
81,3,25,26,2024-08-27,3,3,4,15000,2024-08-25,2,3,1,2,1
330,1,4,1,2023-01-12,9,9,2,15000,2022-10-13,91,8,4,4,2
140,4,34,35,2023-08-28,9,9,2,15000,2023-06-01,88,6,4,1,2
54,4,33,32,2025-04-12,5,5,4,15000,2025-03-06,37,3,3,6,1
404,3,24,26,2024-10-11,1,1,1,11944,2024-06-09,124,10,5,5,1
103,2,20,15,2024-06-19,3,3,1,9874,2023-12-23,179,10,4,3,2
340,1,3,1,2024-06-09,6,6,2,15000,2024-01-21,140,6,2,7,1
282,4,32,36,2025-06-10,1,1,3,15000,2025-02-14,116,1,5,2,2
285,1,2,8,2025-05-31,8,8,4,13375,2025-03-19,73,10,2,6,1
468,2,15,13,2025-05-01,5,5,4,15000,2024-11-18,164,9,4,4,2
391,7,69,70,2024-07-28,5,5,1,5529,2024-04-23,96,9,2,7,1
362,4,34,39,2024-03-16,9,9,2,15000,2023-11-22,115,3,5,6,2
288,6,53,55,2025-07-31,5,5,3,15000,2025-02-20,161,9,3,4,3
194,8,77,75,2025-07-18,5,5,4,15000,2025-04-08,101,7,1,5,2
98,6,53,51,2023-05-30,6,6,2,9083,2023-04-28,32,1,1,2,3
61,1,4,1,2025-12-06,5,5,2,5582,2025-09-03,94,10,2,6,1
323,1,10,2,2024-06-26,2,2,2,14320,2024-03-17,101,5,2,3,1
202,6,60,55,2024-07-11,1,1,4,15000,2024-02-09,153,9,1,4,2
167,6,57,55,2023-08-23,3,3,4,15000,2023-04-12,133,8,2,3,1
228,8,80,75,2025-03-29,9,9,1,3953,2024-11-07,142,5,1,6,1
187,3,23,28,2023-07-29,1,1,4,15000,2023-05-25,65,1,3,6,1
347,9,85,83,2025-12-20,9,9,1,1900,2025-08-12,130,3,2,6,1
371,6,55,57,2024-01-11,6,6,1,14036,2023-09-26,107,5,2,4,1
187,10,93,94,2024-01-25,5,5,2,15000,2023-08-18,160,10,3,4,1
441,3,21,26,2023-04-29,1,1,1,12263,2023-03-31,29,5,2,6,1
292,3,28,22,2025-01-26,1,1,3,15000,2024-08-26,153,9,1,7,1
184,4,39,33,2024-02-12,10,10,2,11516,2023-11-13,91,10,2,1,3
109,3,27,29,2024-09-24,6,6,2,11847,2024-06-11,105,2,3,2,1
12,2,19,17,2025-12-27,4,4,3,13758,2025-09-22,96,10,2,6,3
493,2,13,12,2024-11-28,9,9,4,15000,2024-11-22,6,7,4,4,3
12,9,87,89,2025-06-24,9,9,4,15000,2025-05-13,42,9,5,2,3
2,4,38,36,2025-02-06,7,7,2,873,2024-09-16,143,8,4,4,3
42,8,79,72,2023-08-23,8,8,4,9005,2023-06-21,63,7,4,3,1
343,9,83,84,2025-01-07,10,10,3,15000,2024-12-12,26,3,2,2,2
4,7,65,62,2025-07-10,4,4,2,15000,2025-02-04,156,5,3,4,2
353,9,82,89,2025-02-03,10,10,4,15000,2024-09-07,149,10,1,1,1
246,4,32,34,2024-08-29,4,4,3,15000,2024-08-12,17,7,2,4,2
179,5,49,43,2024-06-08,6,6,2,15000,2024-02-07,122,8,5,6,2
111,8,80,78,2024-07-14,10,10,2,15000,2024-04-30,75,4,3,7,1
111,10,97,96,2023-08-14,7,7,3,15000,2023-04-22,114,4,1,1,2
314,7,63,66,2024-01-04,5,5,4,15000,2023-10-11,85,10,3,4,2
252,3,28,25,2024-07-20,4,4,2,11562,2024-04-01,110,5,1,6,1
484,1,3,10,2023-11-17,8,8,4,15000,2023-09-16,62,2,1,5,2
116,4,34,38,2023-12-16,4,4,2,13590,2023-10-06,71,10,2,6,1
444,7,64,65,2025-11-24,4,4,1,9487,2025-09-01,84,8,3,1,2
293,10,98,94,2024-10-26,5,5,3,15000,2024-04-29,180,2,4,6,1
202,9,84,83,2024-09-03,7,7,2,5059,2024-07-01,64,6,4,2,1
139,8,80,74,2024-11-28,10,10,2,15000,2024-11-17,11,1,2,4,2
27,7,70,63,2023-01-31,4,4,1,11125,2022-12-16,46,3,1,2,2
428,1,3,6,2024-05-07,10,10,2,7900,2023-12-09,150,7,4,2,2
372,5,46,43,2023-07-07,6,6,4,15000,2023-02-17,140,3,3,5,3
271,7,69,68,2023-11-19,3,3,4,15000,2023-11-16,3,8,5,7,1
395,7,61,62,2024-08-02,7,7,3,15000,2024-02-07,177,6,3,5,2
218,6,51,58,2025-05-08,2,2,2,11406,2025-01-28,100,4,3,4,1
122,7,65,64,2023-11-09,8,8,2,15000,2023-10-01,39,2,3,4,3
173,5,46,48,2023-10-27,1,1,2,11533,2023-07-19,100,2,3,5,2
136,6,54,57,2023-03-12,6,6,4,15000,2023-02-24,16,6,3,7,3
485,4,35,34,2024-06-13,3,3,3,15000,2024-03-19,86,7,2,4,2
382,4,34,38,2024-12-31,9,9,2,15000,2024-07-19,165,7,5,2,2
184,8,80,71,2024-11-08,1,1,2,2597,2024-08-12,88,8,3,5,1
225,6,54,59,2023-10-24,7,7,1,4047,2023-05-03,174,6,2,2,1
226,1,10,2,2024-08-19,9,9,4,15000,2024-08-03,16,3,4,1,1
441,3,24,29,2023-06-02,1,1,3,7421,2023-03-17,77,10,1,5,2
355,4,37,35,2024-01-06,3,3,4,15000,2023-11-27,40,6,1,6,2
356,6,55,58,2025-04-08,4,4,4,15000,2025-02-13,54,1,1,2,1
320,9,84,90,2024-07-09,4,4,4,1278,2024-02-16,144,5,5,2,1
219,8,76,80,2023-08-15,3,3,2,15000,2023-05-25,82,10,3,2,2
480,8,77,71,2024-08-16,1,1,3,15000,2024-04-15,123,7,2,5,1
382,8,75,80,2023-11-13,4,4,3,15000,2023-05-23,174,1,2,1,2
8,3,23,24,2024-03-13,3,3,1,8788,2023-11-28,106,6,4,3,2
430,8,78,75,2023-04-25,1,1,4,15000,2023-02-09,75,6,4,2,1
188,10,93,97,2024-11-14,6,6,3,15000,2024-07-04,133,4,5,4,2
306,2,19,11,2023-07-22,2,2,4,15000,2023-07-10,12,9,3,6,1
491,6,56,51,2023-04-21,6,6,4,15000,2023-04-04,17,6,1,5,1
490,2,16,20,2024-02-29,10,10,4,15000,2024-01-26,34,7,3,4,2
180,8,76,80,2023-10-29,6,6,3,15000,2023-07-28,93,9,3,7,3
436,4,36,33,2023-07-28,1,1,1,13190,2023-04-19,100,4,4,5,2
259,1,5,7,2024-08-27,5,5,4,13906,2024-04-12,137,9,1,2,2
462,3,30,23,2023-10-31,8,8,4,15000,2023-08-12,80,10,4,2,1
480,4,35,32,2023-05-17,2,2,3,15000,2023-01-20,117,5,2,3,2
397,7,62,64,2023-02-27,8,8,4,15000,2023-01-09,49,9,2,1,2
243,9,88,84,2024-11-04,2,2,4,15000,2024-09-02,63,1,3,1,2
341,7,66,61,2025-07-12,9,9,2,15000,2025-02-19,143,1,4,6,3
413,4,40,36,2023-10-09,7,7,4,15000,2023-07-27,74,5,4,1,3
17,6,59,55,2024-05-23,8,8,3,5897,2023-11-30,175,2,2,4,2
127,3,21,22,2023-04-06,10,10,3,15000,2022-12-17,110,2,5,4,3
112,3,26,24,2025-10-23,4,4,4,15000,2025-06-14,131,6,2,4,1
342,4,40,36,2023-01-27,5,5,3,3121,2022-08-30,150,4,2,5,3
449,9,82,90,2023-09-07,7,7,4,15000,2023-06-14,85,2,4,4,3
236,2,14,11,2024-09-06,3,3,1,10234,2024-06-24,74,7,2,5,2
428,6,58,57,2025-02-02,9,9,1,8168,2025-01-19,14,3,3,7,2
336,4,38,33,2023-04-08,1,1,1,14144,2023-03-04,35,4,2,6,1
138,8,76,79,2023-01-31,10,10,1,658,2022-12-28,34,9,2,2,2
441,3,30,28,2025-10-24,8,8,3,15000,2025-05-22,155,6,1,5,2
70,4,37,33,2023-02-16,10,10,4,15000,2022-10-17,122,7,4,4,1
342,1,7,4,2025-12-28,7,7,2,15000,2025-07-06,175,5,4,7,2
1,1,5,3,2025-05-22,4,4,4,15000,2025-03-22,61,1,5,4,3
126,7,65,70,2025-10-31,9,9,1,9614,2025-09-15,46,6,4,5,1
135,4,38,32,2025-09-15,3,3,4,15000,2025-08-09,37,1,1,1,3
349,4,32,33,2025-08-01,3,3,4,15000,2025-05-10,83,1,2,5,3
178,8,80,76,2023-04-19,4,4,3,5590,2023-02-18,60,3,3,3,1
468,10,94,96,2023-11-13,10,10,2,15000,2023-09-11,63,10,3,1,1
436,6,57,60,2024-06-06,4,4,4,15000,2024-04-04,63,5,1,4,1
84,1,3,4,2024-09-05,3,3,2,15000,2024-07-07,60,6,4,4,3
102,6,55,51,2025-12-31,6,6,3,15000,2025-10-13,79,7,1,3,2
210,3,26,24,2023-11-23,10,10,1,5438,2023-06-05,171,7,5,4,2
445,3,28,25,2025-03-01,6,6,3,15000,2024-10-18,134,3,3,6,2
177,2,12,16,2025-04-05,6,6,2,15000,2024-12-04,122,4,2,6,3
461,2,16,19,2024-05-24,5,5,1,15000,2024-05-23,1,4,2,5,1
204,1,1,4,2025-08-20,7,7,4,15000,2025-07-07,44,1,2,3,1
106,3,29,24,2025-10-07,3,3,1,15000,2025-05-09,151,4,3,2,2
350,1,4,6,2025-06-17,9,9,2,15000,2025-01-02,166,7,2,2,2
169,3,23,30,2023-06-27,7,7,1,5263,2023-05-11,47,3,1,2,1
400,8,80,76,2024-07-13,7,7,1,12737,2024-06-01,42,9,1,6,2
340,7,61,68,2023-01-02,10,10,2,15000,2022-08-09,146,2,4,1,2
340,5,43,50,2025-11-04,10,10,4,15000,2025-09-23,42,3,2,2,1
192,6,53,60,2023-12-09,9,9,2,9388,2023-08-23,108,7,3,6,2
189,10,93,99,2023-05-18,4,4,3,15000,2022-12-25,144,5,4,4,1
385,5,44,48,2025-02-18,5,5,2,15000,2024-12-07,73,4,1,2,2
302,10,100,98,2023-12-23,1,1,1,14464,2023-12-17,6,10,5,6,2
81,10,100,96,2025-08-13,10,10,1,11554,2025-04-03,132,7,2,3,3
178,6,54,60,2023-06-12,4,4,4,15000,2023-02-02,130,7,1,1,1
85,2,20,18,2023-03-29,4,4,2,13625,2022-11-23,126,7,2,3,1
88,3,28,27,2025-02-14,5,5,3,15000,2025-01-03,42,3,3,5,2
147,6,51,53,2025-05-13,2,2,4,8942,2025-01-18,115,8,1,2,1
9,2,20,14,2023-04-17,4,4,2,15000,2022-12-02,136,3,3,1,3
120,1,8,3,2023-03-25,1,1,3,10864,2022-10-08,168,10,2,6,3
445,5,46,42,2025-02-13,5,5,2,10120,2025-01-25,19,6,5,4,1
291,9,89,90,2024-05-29,1,1,3,15000,2024-03-06,84,6,2,3,1
258,3,29,25,2025-11-04,6,6,3,15000,2025-10-12,23,3,5,2,1
480,10,93,98,2023-10-29,8,8,4,15000,2023-09-30,29,5,5,7,1
261,2,18,20,2025-12-30,10,10,3,15000,2025-10-10,81,2,3,2,3
132,9,82,85,2025-03-11,3,3,1,3343,2025-02-24,15,9,5,2,2
427,6,52,59,2025-09-23,7,7,4,15000,2025-09-05,18,6,2,2,2
436,5,47,48,2025-10-25,8,8,3,15000,2025-08-18,68,4,4,6,3
466,9,82,87,2024-10-13,2,2,2,15000,2024-10-03,10,10,2,7,1
250,8,74,80,2025-08-24,7,7,3,15000,2025-05-04,112,1,1,7,3
261,9,83,86,2023-04-12,10,10,3,15000,2022-10-31,163,9,1,3,1
332,10,92,96,2025-05-21,3,3,1,13781,2025-02-21,89,10,1,3,2
462,6,53,51,2023-02-08,9,9,4,15000,2022-11-06,94,7,4,3,2
93,6,51,58,2024-12-16,2,2,3,2035,2024-11-08,38,5,3,1,1
162,5,45,49,2024-12-11,9,9,4,15000,2024-11-23,18,1,1,3,2
166,6,56,60,2025-09-18,5,5,4,15000,2025-09-01,17,9,3,4,2
170,9,86,88,2025-07-27,3,3,2,15000,2025-02-16,161,5,2,7,1
308,4,33,36,2025-11-18,6,6,4,15000,2025-06-17,154,7,3,2,2
12,8,71,77,2023-09-16,8,8,3,15000,2023-05-13,126,5,1,6,1
447,7,67,61,2025-10-31,8,8,2,3861,2025-08-26,66,9,4,5,1
319,5,48,42,2025-12-12,1,1,3,3237,2025-07-22,143,9,5,5,2
392,8,75,73,2024-05-05,1,1,1,5114,2024-02-24,71,1,4,7,1
453,5,44,42,2025-03-23,9,9,3,15000,2025-01-02,80,4,2,7,2
266,4,32,35,2023-10-30,4,4,1,15000,2023-06-07,145,7,1,1,2
224,9,84,85,2024-09-07,8,8,3,15000,2024-07-26,43,4,1,6,1
70,7,62,69,2023-09-08,2,2,3,15000,2023-07-22,48,10,3,5,3
362,2,14,13,2023-05-06,1,1,4,15000,2023-02-17,78,5,3,6,2
60,1,5,10,2024-09-16,1,1,3,15000,2024-05-21,118,4,1,1,3
304,5,41,49,2023-12-02,7,7,1,8006,2023-07-05,150,9,5,6,2
494,2,19,18,2025-11-05,1,1,3,15000,2025-08-11,86,7,2,3,3
238,8,78,80,2023-12-05,3,3,4,15000,2023-06-26,162,5,3,2,2
169,7,61,67,2023-08-20,8,8,2,5035,2023-04-22,120,6,1,7,1
416,6,52,59,2025-03-25,2,2,3,15000,2024-10-26,150,2,2,2,2
252,3,29,24,2025-02-27,1,1,2,13313,2024-12-20,69,5,5,4,2
148,6,51,60,2023-02-25,9,9,3,6308,2023-01-31,25,1,3,6,1
50,1,4,3,2023-01-19,8,8,3,15000,2022-09-12,129,9,4,4,3
445,1,7,1,2025-07-01,1,1,2,15000,2025-03-14,109,1,4,2,1
113,9,81,86,2025-03-22,1,1,1,11496,2024-10-09,164,4,1,6,1
458,5,42,44,2023-02-02,3,3,1,5987,2022-12-14,50,8,2,4,1
244,9,82,90,2023-01-16,3,3,3,15000,2022-10-10,98,4,5,1,2
461,8,80,74,2024-01-27,10,10,1,10636,2023-12-17,41,10,3,6,3
496,5,46,48,2023-10-08,8,8,2,15000,2023-05-06,155,3,2,7,3
19,7,61,64,2025-02-02,8,8,1,15000,2024-09-25,130,9,3,7,3
388,7,65,67,2025-01-31,8,8,3,15000,2024-10-05,118,4,4,5,1
445,7,66,61,2024-01-29,5,5,3,15000,2023-08-05,177,10,3,1,1
396,8,72,76,2024-12-07,9,9,3,14568,2024-10-28,40,2,4,6,2
27,2,16,17,2024-05-02,3,3,1,676,2024-01-07,116,5,5,4,3
172,8,72,73,2024-01-02,4,4,3,15000,2023-09-15,109,2,4,2,1
257,8,74,79,2025-02-02,6,6,3,15000,2025-01-27,6,9,5,7,2
230,7,63,66,2024-09-09,8,8,1,13083,2024-06-22,79,3,1,1,2
297,7,61,65,2025-06-27,9,9,1,7420,2025-05-29,29,9,4,5,2
397,8,72,73,2023-07-14,10,10,1,6652,2023-03-28,108,6,5,5,2
197,7,63,70,2023-10-18,8,8,4,15000,2023-09-08,40,9,1,3,2
254,8,75,77,2024-06-07,6,6,3,15000,2023-12-15,175,1,3,5,1
396,3,28,26,2025-06-25,9,9,3,15000,2025-02-04,141,3,4,3,3
284,4,38,37,2024-09-08,3,3,4,15000,2024-06-24,76,9,2,7,2
233,8,77,71,2024-03-10,9,9,4,15000,2024-02-18,21,8,3,7,2
57,7,68,62,2023-09-13,4,4,1,13203,2023-04-26,140,2,4,3,3
31,9,90,85,2024-11-29,9,9,4,15000,2024-09-22,68,7,1,5,3
278,2,16,18,2023-08-09,5,5,2,15000,2023-03-23,139,8,4,3,3
66,8,71,72,2024-09-02,9,9,3,15000,2024-06-11,83,2,2,1,3
430,5,50,48,2024-05-05,4,4,2,15000,2024-04-18,17,5,5,7,1
286,8,79,75,2023-02-21,3,3,3,15000,2023-02-15,6,10,5,2,1
202,10,99,97,2025-09-14,8,8,1,13388,2025-07-14,62,9,5,7,2
483,6,60,57,2023-07-23,3,3,1,4998,2023-06-15,38,8,1,7,1
39,7,68,61,2025-09-29,9,9,3,15000,2025-06-16,105,9,3,1,3
283,1,1,4,2025-03-06,3,3,1,15000,2025-01-02,63,9,5,4,2
31,5,43,50,2024-09-25,9,9,3,15000,2024-06-29,88,1,4,3,2
387,9,88,82,2025-05-23,10,10,1,2638,2024-12-14,160,4,5,5,1
402,6,52,58,2025-06-02,4,4,2,15000,2025-02-24,98,8,4,1,2
44,1,1,2,2025-10-19,4,4,2,11616,2025-08-12,68,9,4,7,3
118,5,47,49,2023-05-27,5,5,2,520,2022-11-28,180,1,1,6,1
331,2,13,16,2023-11-11,6,6,4,15000,2023-09-01,71,9,2,6,1
75,4,36,40,2025-01-28,8,8,2,782,2025-01-07,21,3,3,2,3
186,10,92,91,2023-01-04,9,9,1,1445,2022-12-01,34,9,1,3,2
393,6,56,59,2023-02-21,1,1,4,15000,2023-02-14,7,10,5,2,2
285,2,13,20,2025-02-24,4,4,3,6698,2024-12-24,62,6,2,1,3
270,8,80,76,2024-06-12,1,1,3,15000,2024-03-26,78,9,5,3,1
303,1,6,7,2025-08-25,9,9,2,15000,2025-04-29,118,4,3,1,3
175,3,27,30,2025-03-25,3,3,1,10242,2024-10-16,160,7,4,2,3
248,8,75,73,2023-04-23,5,5,3,8456,2022-12-10,134,6,5,7,1
441,3,22,25,2023-04-08,9,9,3,15000,2022-12-22,107,8,4,6,2
375,3,26,22,2025-01-12,1,1,4,15000,2024-10-11,93,6,4,7,2
121,3,24,26,2023-02-21,8,8,3,15000,2022-10-04,140,5,4,2,3
303,7,67,66,2024-04-13,10,10,3,15000,2024-03-30,14,4,1,6,1
49,8,72,76,2024-01-18,5,5,2,15000,2023-12-20,29,5,5,4,2
106,7,69,68,2024-05-29,1,1,1,11979,2024-04-27,32,8,2,3,3
143,6,57,58,2025-10-14,8,8,2,10550,2025-08-29,46,8,3,2,1
460,4,37,34,2025-02-21,5,5,2,15000,2024-11-30,83,4,5,5,2
480,7,65,67,2025-05-31,3,3,2,11591,2025-04-27,34,1,3,6,2
86,7,68,62,2023-08-15,5,5,4,15000,2023-05-07,100,7,1,2,2
51,8,79,72,2025-12-03,7,7,4,15000,2025-09-03,91,2,1,3,1
348,6,58,56,2023-07-01,3,3,1,6067,2023-05-11,51,10,2,6,3
64,5,46,48,2025-08-16,8,8,2,10344,2025-06-05,72,7,5,6,3
134,1,8,4,2023-02-21,1,1,2,12493,2022-11-13,100,6,5,2,1
479,4,32,36,2025-12-26,5,5,2,15000,2025-12-23,3,1,2,5,1
371,2,15,20,2023-01-29,3,3,1,736,2022-11-02,88,1,2,7,1
389,6,54,52,2023-03-09,8,8,3,7217,2022-12-27,72,5,4,4,3
371,5,41,44,2023-07-19,1,1,4,15000,2023-06-14,35,2,4,3,2
145,8,78,73,2023-05-05,2,2,4,6117,2022-11-07,179,10,3,5,2
119,8,79,75,2025-06-26,5,5,1,8266,2025-04-19,68,6,1,4,2
349,6,55,57,2024-06-04,9,9,2,2169,2023-12-10,177,10,1,2,2
221,3,28,23,2024-01-26,10,10,3,8566,2023-12-17,40,8,5,5,1
209,9,81,90,2024-12-15,7,7,1,11367,2024-11-03,42,4,1,7,2
147,5,50,48,2024-12-02,2,2,2,15000,2024-08-19,105,8,2,1,1
488,1,5,4,2025-07-18,2,2,2,15000,2025-06-10,38,2,3,5,1
46,7,63,61,2023-12-08,10,10,2,15000,2023-09-25,74,10,1,5,2
334,1,5,9,2023-03-20,1,1,1,7693,2023-02-22,26,3,1,1,3
486,10,94,98,2025-09-13,10,10,1,8229,2025-09-06,7,8,3,6,1
219,7,64,68,2025-12-26,9,9,1,11728,2025-07-14,165,7,5,5,2
491,2,20,15,2025-02-09,6,6,1,282,2024-12-17,54,1,4,7,2
41,3,21,29,2024-08-27,6,6,2,14561,2024-08-07,20,1,2,2,1
59,5,43,44,2024-09-19,5,5,4,15000,2024-06-27,84,1,3,4,2
347,7,61,65,2024-08-26,7,7,2,15000,2024-03-14,165,4,1,1,2
87,2,16,13,2024-06-18,6,6,1,805,2024-02-12,127,5,4,2,3
241,8,76,74,2025-04-19,4,4,1,3337,2024-12-15,125,7,3,6,2
458,1,9,10,2025-10-04,2,2,3,15000,2025-05-29,128,5,4,6,2
160,10,97,96,2023-03-21,4,4,2,15000,2022-12-16,95,8,5,2,2
426,5,49,47,2024-02-20,7,7,4,15000,2023-10-10,133,1,4,2,2
406,5,46,41,2025-11-28,1,1,3,15000,2025-06-11,170,7,3,5,1
437,7,67,65,2025-03-14,3,3,3,15000,2024-09-28,167,2,3,5,3
7,10,99,92,2023-05-06,10,10,1,11371,2023-03-06,61,6,2,6,3
385,7,66,64,2024-08-14,4,4,2,15000,2024-08-02,12,9,4,3,2
366,4,40,31,2025-05-21,3,3,3,15000,2025-05-19,2,5,2,3,2
312,6,58,55,2024-04-01,1,1,4,15000,2024-01-21,71,10,3,1,1
221,8,80,76,2024-01-03,10,10,1,395,2023-11-19,45,6,2,3,3
103,1,6,8,2023-11-14,10,10,3,15000,2023-08-19,87,2,4,2,1
296,2,12,20,2024-10-05,4,4,3,15000,2024-09-11,24,9,1,6,2
266,4,32,39,2023-09-11,8,8,3,15000,2023-05-27,107,10,1,1,3
117,4,40,34,2024-10-20,5,5,3,15000,2024-07-29,83,10,5,7,2
394,7,67,61,2023-09-19,7,7,4,15000,2023-08-20,30,5,4,2,3
478,3,21,29,2025-04-27,9,9,2,15000,2025-03-15,43,9,2,7,1
236,9,86,87,2025-08-19,1,1,2,14596,2025-06-20,60,2,4,2,2
247,7,68,69,2024-07-23,7,7,2,3078,2024-02-05,169,10,4,2,3
477,5,43,45,2023-12-24,10,10,3,15000,2023-08-03,143,9,5,7,1
222,3,23,22,2023-08-16,10,10,3,15000,2023-03-04,165,3,3,3,3
181,3,23,29,2024-11-30,4,4,2,644,2024-11-03,27,7,1,6,2
303,1,10,8,2024-10-16,7,7,3,15000,2024-05-28,141,7,1,3,2
289,9,84,90,2023-03-25,2,2,1,9955,2022-10-05,171,9,5,6,2
347,9,81,89,2023-09-19,10,10,2,12951,2023-05-07,135,2,1,2,1
45,9,86,85,2024-12-21,8,8,2,8491,2024-08-14,129,1,3,6,2
414,8,71,79,2025-02-11,4,4,3,15000,2024-09-23,141,1,5,2,2
492,9,86,83,2024-11-02,9,9,4,15000,2024-07-16,109,5,3,6,1
49,4,36,40,2025-02-06,6,6,4,15000,2024-11-12,86,7,4,4,2
425,6,57,56,2024-10-08,10,10,4,15000,2024-06-20,110,9,2,2,2
317,7,68,66,2023-01-10,2,2,2,5868,2023-01-06,4,4,2,2,3
9,5,49,48,2025-12-12,4,4,2,8747,2025-06-19,176,10,3,5,1
490,7,62,66,2024-02-16,10,10,1,15000,2023-09-08,161,7,5,5,2
80,7,67,61,2025-06-09,2,2,1,1476,2025-01-26,134,7,2,1,2
421,10,98,92,2025-06-30,8,8,2,15000,2025-01-02,179,7,4,1,3
85,1,6,8,2023-12-22,9,9,1,12260,2023-12-14,8,2,1,5,1
131,9,85,86,2024-12-20,2,2,1,4069,2024-06-27,176,1,4,5,2
367,10,91,98,2023-03-06,2,2,2,15000,2022-11-01,125,8,2,1,2
159,6,55,53,2025-11-06,4,4,1,5414,2025-07-07,122,3,1,4,2
172,3,26,22,2023-10-10,4,4,2,15000,2023-09-22,18,3,3,2,1
229,3,21,22,2024-12-30,10,10,3,15000,2024-09-02,119,10,2,1,3
387,10,91,100,2024-07-08,4,4,3,15000,2024-05-03,66,1,2,1,3
432,5,41,45,2025-10-10,8,8,1,3419,2025-08-02,69,2,5,5,2
326,4,37,39,2024-12-14,8,8,4,15000,2024-08-19,117,3,1,6,3
272,8,71,73,2023-10-02,5,5,4,15000,2023-07-31,63,9,5,1,3
194,5,42,48,2023-05-19,4,4,4,15000,2023-03-01,79,3,3,5,1
415,6,53,54,2023-06-18,4,4,4,1372,2023-02-09,129,8,3,7,2
133,8,72,79,2023-01-27,5,5,1,11006,2022-10-12,107,10,2,5,2
258,8,79,74,2025-01-07,1,1,3,14156,2024-10-21,78,3,2,2,1
470,6,60,56,2023-06-06,7,7,2,15000,2022-12-23,165,4,1,2,2
254,6,51,58,2025-03-18,9,9,1,11718,2024-11-20,118,2,4,2,3
1,1,10,9,2025-11-29,4,4,1,15000,2025-11-25,4,1,5,6,2
12,9,85,81,2024-11-08,5,5,4,15000,2024-06-15,146,9,4,5,2
28,6,60,58,2025-10-11,7,7,3,4506,2025-05-02,162,5,2,6,2
464,6,59,58,2024-10-01,8,8,4,15000,2024-06-20,103,1,1,2,2
237,7,62,70,2024-12-01,5,5,3,15000,2024-11-23,8,8,4,7,1
496,5,47,50,2023-05-01,1,1,4,15000,2023-03-10,52,3,5,1,2
21,5,43,44,2023-09-20,8,8,3,15000,2023-08-19,32,10,5,3,1
2,2,14,15,2023-03-22,4,4,4,15000,2022-10-06,167,1,2,3,1
83,2,12,11,2025-09-07,9,9,1,14168,2025-07-07,62,1,3,7,3
287,6,58,53,2024-11-07,10,10,4,7674,2024-10-15,23,3,2,4,1
286,5,46,43,2025-04-25,2,2,1,14498,2025-01-21,94,4,5,5,1
462,9,82,81,2024-09-23,7,7,3,15000,2024-07-18,67,2,5,1,2
144,4,37,34,2023-09-07,7,7,3,15000,2023-04-25,135,3,1,4,1
111,2,17,20,2024-03-01,8,8,2,6789,2023-10-24,129,5,3,5,2
399,10,95,94,2025-07-22,2,2,1,1967,2025-05-08,75,9,3,2,1
438,9,84,88,2025-10-11,3,3,1,4128,2025-08-09,63,4,2,6,1
295,9,90,82,2025-06-23,4,4,3,15000,2025-04-10,74,2,5,1,1
86,8,77,72,2023-08-29,2,2,4,15000,2023-04-23,128,2,4,2,1
89,1,9,8,2025-06-12,5,5,3,15000,2025-05-17,26,6,3,4,3
302,1,1,9,2025-08-05,4,4,4,2967,2025-02-19,167,5,4,2,1
491,3,28,27,2024-06-06,6,6,2,15000,2024-04-04,63,6,4,4,1
26,3,21,30,2023-08-30,3,3,3,9154,2023-05-05,117,1,3,3,3
76,4,35,33,2024-07-01,4,4,3,15000,2024-01-18,165,8,1,1,3
475,3,22,28,2024-01-01,6,6,4,11638,2023-10-07,86,2,4,1,3
345,6,54,58,2023-10-02,3,3,3,3887,2023-08-02,61,8,1,1,3
34,6,54,57,2025-09-18,6,6,4,15000,2025-05-05,136,10,1,4,1
150,7,64,70,2025-05-13,3,3,4,15000,2025-02-08,94,6,4,2,1
194,6,54,58,2025-10-27,5,5,3,14026,2025-06-17,132,10,3,1,2
31,10,96,91,2025-04-03,2,2,2,15000,2025-02-25,37,8,5,4,2
382,2,11,17,2023-11-24,4,4,1,15000,2023-09-26,59,9,1,5,3
70,7,61,70,2024-06-07,10,10,2,15000,2024-06-03,4,4,4,5,2
35,7,66,68,2024-11-05,7,7,2,4928,2024-10-10,26,9,4,2,1
484,9,81,90,2023-08-04,4,4,1,6490,2023-07-20,15,8,3,5,2
340,10,92,97,2024-04-19,1,1,3,10585,2024-02-07,72,9,5,5,3
357,10,92,93,2023-12-25,7,7,1,15000,2023-10-14,72,1,1,1,2
372,3,24,25,2023-09-29,8,8,3,15000,2023-04-08,174,6,5,5,2
176,10,92,94,2023-08-01,2,2,1,933,2023-06-05,57,10,5,2,1
274,10,94,100,2024-06-15,2,2,4,15000,2024-03-17,90,3,1,6,2
469,9,82,88,2025-11-23,8,8,2,8655,2025-10-12,42,1,3,7,3
496,3,22,28,2024-11-04,7,7,3,9092,2024-10-28,7,10,4,1,2
23,2,11,20,2024-08-04,7,7,4,15000,2024-06-29,36,8,4,7,1
223,5,50,45,2023-01-11,4,4,2,15000,2022-11-16,56,4,4,3,1
22,10,91,99,2025-07-05,8,8,1,2648,2025-04-07,89,6,4,6,1
41,8,71,77,2024-10-19,10,10,2,15000,2024-06-04,137,7,2,6,2
179,9,81,83,2024-04-28,5,5,3,1706,2023-12-30,120,3,5,7,3
179,2,12,13,2025-06-25,8,8,2,1428,2025-04-02,84,8,1,3,1
271,8,77,72,2024-05-01,1,1,4,15000,2023-12-07,146,7,4,3,3
118,6,57,58,2025-01-11,3,3,1,11593,2024-08-23,141,4,1,6,1
287,5,44,46,2024-10-04,7,7,1,12063,2024-05-20,137,2,2,5,3
287,7,66,65,2025-12-23,4,4,1,4341,2025-12-17,6,1,5,2,3
357,9,90,81,2023-05-17,4,4,4,9662,2023-04-04,43,7,2,3,3
227,6,59,58,2023-12-18,7,7,4,15000,2023-11-12,36,6,1,1,2
44,2,16,15,2025-10-23,3,3,2,15000,2025-10-19,4,8,4,4,1
19,4,33,39,2024-06-11,9,9,4,15000,2024-04-30,42,3,1,2,2
452,4,37,31,2024-08-16,10,10,4,15000,2024-05-04,104,6,3,5,2
12,2,14,17,2025-10-24,2,2,3,15000,2025-09-18,36,7,5,5,1
363,10,96,95,2023-01-17,8,8,2,10101,2022-09-09,130,8,3,2,2
473,5,49,50,2025-05-10,5,5,1,13828,2025-02-27,72,5,1,6,3
177,5,47,43,2023-03-18,1,1,4,15000,2022-10-30,139,3,2,6,2
151,5,41,43,2024-07-25,5,5,4,15000,2024-05-06,80,6,4,4,3
54,9,83,85,2023-11-16,2,2,2,15000,2023-06-18,151,10,5,4,1
265,5,48,45,2023-09-13,9,9,3,15000,2023-05-01,135,8,1,3,2
398,2,13,17,2024-12-19,8,8,2,12566,2024-08-15,126,5,3,4,1
1,6,60,56,2024-09-10,8,8,2,15000,2024-04-21,142,1,2,2,2
434,2,20,19,2023-08-21,7,7,2,5177,2023-05-02,111,10,4,1,2
364,3,22,30,2023-11-19,7,7,1,1664,2023-08-16,95,9,4,7,2
351,9,90,87,2024-09-21,8,8,3,15000,2024-09-11,10,9,1,6,1
265,5,46,49,2024-01-03,7,7,3,15000,2023-10-06,89,5,4,3,3
21,1,1,4,2023-03-19,5,5,1,7684,2023-03-13,6,2,2,7,3
65,1,1,8,2025-05-06,4,4,2,15000,2025-04-10,26,1,4,2,3
207,9,84,86,2023-05-20,9,9,2,5922,2023-02-17,92,4,4,6,3
329,6,51,60,2024-12-01,9,9,4,15000,2024-06-22,162,9,3,7,3
177,2,16,20,2023-10-23,9,9,3,15000,2023-06-27,118,5,1,1,2
452,5,46,45,2025-09-03,10,10,1,13029,2025-06-24,71,9,2,3,2
95,10,93,98,2023-06-29,6,6,4,15000,2023-05-17,43,9,4,4,2
67,9,88,89,2023-06-23,7,7,3,15000,2023-01-15,159,3,1,5,2
199,6,51,52,2023-08-22,4,4,2,13120,2023-05-08,106,7,5,2,1
384,6,60,58,2023-07-21,4,4,3,15000,2023-04-16,96,6,4,5,2
412,9,83,84,2023-02-20,9,9,2,15000,2023-01-28,23,9,5,1,1
77,1,4,9,2024-07-28,1,1,3,8684,2024-01-30,180,4,1,7,1
372,10,96,91,2023-08-12,10,10,3,15000,2023-04-22,112,10,4,6,1
72,5,43,46,2024-07-27,2,2,2,5684,2024-04-13,105,9,3,6,2
311,2,12,20,2023-09-29,9,9,4,15000,2023-06-19,102,2,3,5,1
418,5,49,48,2023-08-28,4,4,1,10896,2023-06-07,82,1,3,1,2
264,4,40,33,2024-08-08,4,4,1,13516,2024-03-11,150,10,4,4,3
329,5,46,47,2024-02-25,2,2,3,15000,2024-01-07,49,10,5,7,1
98,9,83,87,2024-02-29,2,2,4,15000,2023-10-23,129,4,4,4,2
461,3,25,23,2024-05-22,8,8,4,15000,2024-02-16,96,9,2,3,1
83,1,7,10,2024-12-25,8,8,2,15000,2024-07-31,147,5,2,3,1
312,9,83,90,2023-05-07,3,3,2,15000,2023-04-25,12,4,1,7,1
410,6,53,54,2025-03-08,8,8,3,8302,2024-10-19,140,3,3,6,2
439,5,46,49,2023-01-06,4,4,4,15000,2022-09-20,108,4,3,5,1
33,7,63,69,2025-04-13,9,9,2,15000,2024-10-21,174,1,3,7,1
349,3,21,30,2024-05-31,1,1,3,15000,2024-01-14,138,9,4,5,2
242,8,76,74,2025-11-15,1,1,2,10515,2025-06-26,142,10,2,6,2
374,7,70,67,2025-03-06,8,8,3,15000,2024-09-30,157,10,5,4,2
412,7,61,63,2024-11-07,1,1,2,15000,2024-10-24,14,2,1,4,2
493,4,38,40,2025-08-21,7,7,2,7066,2025-08-11,10,7,4,4,1
491,5,41,42,2024-02-05,6,6,3,15000,2024-01-19,17,6,4,1,1
444,6,52,57,2025-04-18,9,9,4,15000,2024-12-06,133,5,2,5,3
420,3,24,30,2025-10-03,8,8,3,15000,2025-08-26,38,10,5,5,3
473,7,64,65,2024-10-28,7,7,4,15000,2024-06-28,122,4,4,1,1
308,6,59,54,2024-01-08,8,8,1,7639,2023-11-24,45,1,1,1,1
359,5,47,45,2024-01-31,5,5,1,11001,2023-10-14,109,2,2,3,1
209,3,25,29,2025-04-19,2,2,2,15000,2025-01-26,83,10,4,6,1
112,9,89,83,2025-07-25,4,4,1,15000,2025-05-02,84,5,4,5,1
287,6,55,60,2025-08-19,6,6,3,15000,2025-04-14,127,5,3,2,2
420,6,51,60,2025-11-07,3,3,1,3858,2025-08-02,97,2,3,5,2
247,9,82,83,2025-01-09,3,3,2,15000,2024-07-31,162,8,1,4,3
106,1,8,3,2025-05-31,9,9,2,15000,2025-01-05,146,1,1,6,1
192,5,47,49,2023-06-04,9,9,3,15000,2023-03-01,95,8,4,7,1
431,8,72,80,2023-11-04,7,7,4,15000,2023-10-16,19,2,5,6,2
162,5,45,42,2024-02-14,8,8,4,15000,2023-11-13,93,4,2,3,1
239,9,85,90,2025-02-14,1,1,1,12966,2024-08-25,173,5,1,5,2
152,3,28,23,2023-01-02,4,4,3,15000,2022-09-26,98,5,1,1,1
337,3,24,29,2024-03-21,4,4,2,11411,2023-11-03,139,5,1,4,2
457,7,67,70,2024-06-06,2,2,1,4744,2024-02-05,122,3,5,4,2
77,3,27,29,2025-07-13,5,5,2,9138,2025-03-13,122,10,3,7,1
339,2,18,14,2024-01-11,3,3,3,15000,2023-09-20,113,3,1,4,1
206,3,27,29,2024-06-19,1,1,4,5671,2024-05-18,32,4,5,3,1
481,4,31,40,2024-08-07,6,6,1,8533,2024-05-05,94,4,3,3,1
128,5,42,50,2024-10-24,8,8,4,15000,2024-07-16,100,10,5,4,3
351,1,1,4,2025-11-19,5,5,1,12190,2025-06-08,164,7,4,3,2
452,10,93,98,2023-09-12,10,10,3,15000,2023-08-19,24,5,2,2,1
404,10,97,93,2024-06-20,9,9,1,5446,2024-06-17,3,9,3,4,2
457,6,57,60,2024-11-08,7,7,4,15000,2024-06-30,131,5,5,5,1
227,2,14,18,2023-01-07,9,9,1,5366,2022-12-02,36,3,2,6,1
252,7,69,66,2023-05-09,3,3,2,8967,2022-11-18,172,7,5,2,1
497,8,72,73,2025-11-25,9,9,1,15000,2025-08-08,109,7,5,2,2
474,10,92,99,2025-11-20,4,4,1,15000,2025-07-25,118,2,3,4,3
43,7,70,63,2025-10-10,2,2,4,15000,2025-09-11,29,2,1,5,1
296,3,22,28,2023-12-11,2,2,1,5514,2023-06-27,167,7,5,1,2
362,5,41,46,2025-12-20,9,9,4,15000,2025-10-30,51,8,5,6,2
219,5,43,42,2025-05-28,1,1,3,15000,2025-05-06,22,5,4,3,1
246,2,19,17,2025-11-19,10,10,1,4496,2025-08-10,101,9,5,3,3
382,2,16,15,2024-11-15,10,10,3,14135,2024-06-09,159,4,1,5,2
312,9,83,84,2024-06-06,6,6,4,12286,2024-01-20,138,10,3,4,2
92,5,48,47,2025-04-30,1,1,3,15000,2025-04-02,28,2,3,3,2
191,8,79,80,2025-01-22,9,9,4,15000,2024-09-27,117,6,2,3,3
228,4,38,39,2025-01-02,9,9,4,15000,2024-12-01,32,8,3,4,1
279,8,79,74,2025-07-01,3,3,3,12657,2025-05-23,39,5,4,2,2
424,8,77,74,2023-10-01,5,5,3,10226,2023-04-16,168,6,4,7,3
362,9,89,85,2024-04-30,4,4,3,15000,2023-12-22,130,7,2,2,2
357,9,87,83,2023-10-04,7,7,1,2691,2023-08-07,58,5,1,3,1
471,3,28,25,2023-04-15,4,4,4,15000,2023-02-05,69,1,1,6,3
218,10,91,92,2025-08-26,10,10,1,15000,2025-07-22,35,2,4,2,1
32,6,54,53,2025-03-14,5,5,3,7851,2025-02-15,27,2,2,5,2
388,1,6,5,2024-12-26,10,10,2,15000,2024-11-07,49,9,1,4,2
225,4,37,32,2025-11-29,9,9,1,8175,2025-06-28,154,8,1,6,1
496,9,82,85,2025-02-10,8,8,3,15000,2024-10-19,114,1,5,1,1
93,10,93,92,2024-06-30,2,2,3,15000,2024-01-29,153,9,5,7,2
87,8,76,72,2023-12-07,8,8,1,7922,2023-11-12,25,7,5,4,2
492,8,78,72,2025-11-22,6,6,1,1120,2025-07-06,139,4,5,6,2
9,4,34,31,2025-11-09,9,9,4,15000,2025-07-02,130,6,2,7,1
192,1,7,10,2025-11-14,1,1,2,15000,2025-06-24,143,5,1,5,1
209,10,93,96,2025-05-25,4,4,2,6896,2025-05-13,12,6,1,7,3
460,5,44,43,2025-10-16,1,1,2,14169,2025-09-21,25,7,5,4,2
497,3,27,22,2025-12-21,1,1,3,15000,2025-10-14,68,3,1,7,2
213,4,38,37,2023-11-15,2,2,1,5466,2023-09-28,48,9,5,3,1
151,3,29,26,2025-12-25,8,8,4,15000,2025-08-07,140,4,2,4,1
237,10,99,92,2024-10-04,6,6,2,11843,2024-09-16,18,7,3,5,2
340,2,19,18,2025-02-01,8,8,1,782,2024-10-15,109,4,4,6,1
94,4,37,32,2024-03-21,5,5,3,15000,2024-02-26,24,2,1,4,3
462,2,16,17,2025-11-26,4,4,2,15000,2025-11-23,3,5,4,3,3
260,7,62,70,2023-04-14,9,9,3,3802,2022-12-04,131,7,5,5,1
176,5,46,43,2024-03-19,7,7,3,15000,2023-12-05,105,9,4,2,1
203,7,65,67,2023-08-29,5,5,3,15000,2023-07-29,31,3,3,2,1
220,1,10,7,2023-02-01,1,1,1,11805,2022-10-01,123,3,2,3,1
167,3,30,22,2024-05-23,9,9,1,6546,2024-04-24,29,5,5,4,1
273,4,40,39,2023-11-01,8,8,2,15000,2023-07-22,102,1,2,3,3
421,8,80,77,2023-10-03,1,1,1,13071,2023-06-04,121,8,1,2,2
403,10,91,92,2024-11-09,7,7,2,15000,2024-06-07,155,5,4,6,2
465,8,71,75,2025-05-25,6,6,3,15000,2025-03-24,62,10,5,7,2
405,2,12,11,2024-07-02,4,4,4,15000,2024-03-13,111,9,5,2,3
279,1,4,6,2025-05-20,3,3,2,15000,2025-03-19,62,9,3,2,2
105,1,8,7,2024-03-22,1,1,1,383,2023-09-28,176,2,5,5,2
245,2,20,17,2025-02-01,7,7,4,15000,2025-01-10,22,10,5,6,1
197,1,3,7,2024-10-22,7,7,3,11071,2024-08-31,52,3,1,2,1
258,7,67,70,2023-12-28,9,9,2,15000,2023-09-03,116,7,4,4,2
61,9,82,88,2025-08-27,1,1,2,15000,2025-06-18,70,4,2,3,2
445,3,22,21,2025-03-08,3,3,4,15000,2025-02-12,24,1,5,6,1
472,8,76,79,2024-09-05,1,1,2,15000,2024-06-25,72,6,1,4,1
398,9,82,88,2023-09-03,9,9,2,10126,2023-08-15,19,6,3,7,1
66,2,16,11,2025-11-08,9,9,3,7425,2025-09-12,57,2,5,6,2
344,4,40,32,2023-04-19,7,7,2,15000,2023-03-15,35,7,2,3,1
332,5,47,41,2024-04-11,1,1,2,6977,2023-11-22,141,10,4,4,2
151,5,47,49,2024-07-30,10,10,1,12551,2024-02-29,152,7,5,2,3
108,9,86,82,2025-10-03,9,9,3,10448,2025-04-21,165,8,2,5,2
28,3,23,22,2023-08-31,7,7,2,15000,2023-03-20,164,9,1,4,1
354,7,62,63,2023-11-13,6,6,4,15000,2023-07-27,109,2,3,1,1
431,5,43,42,2025-05-26,2,2,2,15000,2024-12-26,151,2,1,1,2
478,5,42,48,2023-05-13,9,9,1,4818,2023-03-18,56,5,5,6,2
464,7,70,66,2025-12-22,9,9,1,9546,2025-10-19,64,1,4,1,2
301,8,73,72,2024-08-07,3,3,2,15000,2024-04-30,99,1,2,3,3
430,3,21,28,2025-11-08,3,3,4,15000,2025-09-02,67,7,2,6,1
462,8,78,71,2024-09-30,7,7,3,15000,2024-04-29,154,1,1,1,2
328,4,38,40,2025-09-25,2,2,3,15000,2025-04-20,158,1,4,4,2
36,1,1,2,2024-09-18,9,9,3,15000,2024-07-03,77,10,1,3,2
236,4,33,40,2024-04-20,9,9,3,15000,2024-02-23,57,10,3,6,1
80,5,46,47,2024-02-10,2,2,1,4432,2023-08-15,179,2,2,6,2
382,1,4,2,2024-09-08,10,10,4,4417,2024-08-21,18,8,5,7,1
461,3,26,29,2025-04-16,8,8,2,10646,2024-10-28,170,2,1,3,3
303,1,2,7,2023-05-18,3,3,1,3001,2023-03-09,70,6,3,4,1
389,3,28,21,2024-01-26,1,1,1,8517,2023-10-04,114,10,4,5,3
281,3,26,28,2024-09-13,9,9,1,9698,2024-06-23,82,6,3,5,2
265,10,93,95,2024-03-29,10,10,1,2547,2024-01-26,63,9,1,5,2
6,8,74,71,2025-09-28,6,6,3,15000,2025-08-12,47,7,4,7,2
127,8,75,76,2023-10-04,3,3,2,15000,2023-07-06,90,5,4,3,3
215,9,86,88,2023-12-17,9,9,1,5956,2023-07-05,165,7,5,7,2
226,8,71,78,2023-12-17,7,7,1,2917,2023-06-28,172,9,5,7,1
172,10,100,96,2023-09-22,7,7,4,15000,2023-05-08,137,2,3,5,1
186,10,95,100,2023-08-08,7,7,2,15000,2023-02-10,179,9,2,2,1
275,1,3,7,2025-07-16,10,10,2,2515,2025-04-19,88,4,1,3,3
295,7,63,62,2023-08-09,5,5,3,15000,2023-04-20,111,2,1,3,2
346,3,21,30,2023-05-08,6,6,4,15000,2022-11-15,174,3,1,1,2
92,5,48,42,2023-09-09,3,3,3,15000,2023-08-09,31,5,5,6,1
413,2,14,16,2025-06-12,6,6,4,15000,2025-01-05,158,5,2,4,2
141,2,17,15,2024-10-30,8,8,4,15000,2024-08-01,90,5,1,3,1
111,1,3,8,2023-10-02,2,2,2,15000,2023-08-26,37,1,4,1,1
111,8,72,77,2025-11-26,9,9,1,14173,2025-07-10,139,10,3,3,2
84,7,69,66,2024-05-05,5,5,1,2363,2023-12-06,151,3,1,7,2
381,10,99,94,2024-10-04,3,3,4,15000,2024-04-08,179,2,1,5,1
117,10,100,96,2024-06-13,2,2,4,7180,2024-04-07,67,5,3,4,1
209,3,22,28,2025-06-28,1,1,4,15000,2025-03-08,112,4,1,6,1
119,5,44,45,2023-11-10,1,1,3,15000,2023-05-27,167,10,2,5,2
346,7,67,66,2025-06-29,2,2,4,13839,2025-04-30,60,4,1,7,3
203,7,63,69,2025-09-09,6,6,3,14877,2025-08-04,36,7,2,2,1
101,6,60,51,2025-02-28,7,7,4,15000,2024-12-13,77,10,5,5,2
394,7,70,65,2023-09-18,9,9,1,1545,2023-05-17,124,6,5,1,3
261,4,34,38,2023-09-12,7,7,3,15000,2023-07-18,56,9,2,2,2
32,6,51,57,2025-02-03,4,4,2,13159,2025-01-06,28,3,1,1,1
62,4,33,38,2023-01-17,1,1,4,15000,2022-07-29,172,6,3,2,2
242,4,32,38,2025-09-02,5,5,4,15000,2025-04-04,151,7,3,2,2
488,5,50,47,2023-11-08,9,9,1,3792,2023-10-22,17,1,1,3,1
137,6,52,60,2025-04-15,10,10,3,15000,2024-12-19,117,9,3,2,2
394,2,14,20,2023-05-28,2,2,2,15000,2023-04-10,48,2,5,7,1
61,5,44,46,2023-09-28,9,9,4,15000,2023-05-29,122,4,4,4,2
355,6,59,52,2025-09-20,10,10,3,15000,2025-05-14,129,4,1,6,3
20,3,22,29,2025-05-31,2,2,3,15000,2025-04-08,53,8,2,6,1
269,7,64,67,2023-04-07,7,7,2,15000,2022-10-28,161,1,4,5,2
175,4,31,38,2023-05-14,6,6,1,15000,2022-12-17,148,5,4,7,2
99,7,63,62,2024-12-01,10,10,2,15000,2024-07-14,140,10,5,7,2
155,2,20,16,2025-03-12,9,9,4,15000,2025-03-01,11,10,1,3,1
282,2,20,16,2024-06-11,6,6,3,15000,2024-01-10,153,3,2,2,1
264,8,73,79,2023-11-09,1,1,2,9084,2023-07-08,124,6,5,4,3
325,9,86,85,2025-01-18,3,3,2,15000,2024-10-11,99,2,3,6,1
13,1,1,6,2025-11-01,4,4,1,1705,2025-08-08,85,6,5,6,2
304,9,81,85,2023-12-14,6,6,4,15000,2023-08-06,130,3,5,4,1
116,9,89,85,2023-05-14,6,6,3,15000,2022-11-30,165,4,2,7,1
369,9,90,83,2023-04-09,6,6,1,12048,2023-01-06,93,5,4,7,2
232,7,70,68,2025-06-03,3,3,2,5525,2025-03-30,65,6,2,2,1
186,8,75,71,2023-09-22,8,8,2,13975,2023-08-08,45,2,5,5,1
91,8,74,79,2023-06-15,1,1,3,15000,2023-05-15,31,5,5,4,2
312,3,23,21,2024-01-16,9,9,3,15000,2023-08-05,164,4,3,2,2
446,5,49,45,2023-11-12,7,7,4,15000,2023-10-02,41,6,3,7,2
24,5,47,50,2024-05-12,5,5,2,11347,2024-01-12,121,2,3,7,1
37,7,68,62,2025-10-27,7,7,4,15000,2025-09-20,37,4,5,1,3
151,10,96,97,2023-11-08,6,6,3,15000,2023-09-16,53,6,5,3,2
285,10,97,93,2023-06-30,3,3,2,5318,2023-03-13,109,6,4,5,2
163,10,96,95,2025-08-22,10,10,3,8263,2025-04-27,117,2,4,5,2
454,5,50,44,2025-12-12,9,9,3,15000,2025-08-27,107,8,2,5,1
384,1,3,5,2024-03-08,3,3,1,3344,2023-10-13,147,3,2,5,1
114,9,90,89,2025-12-07,9,9,4,4303,2025-11-29,8,8,2,7,1
273,4,40,38,2025-11-10,1,1,1,15000,2025-06-11,152,10,4,1,2
274,2,15,18,2025-05-16,3,3,3,15000,2025-04-21,25,8,4,5,2
444,1,10,9,2025-12-12,9,9,2,15000,2025-09-01,102,5,1,5,3
477,7,64,62,2025-07-18,9,9,2,7983,2025-05-05,74,10,2,5,2
147,3,29,22,2023-06-09,6,6,2,15000,2023-02-05,124,1,1,5,1
167,1,5,2,2025-10-23,3,3,4,15000,2025-09-02,51,2,4,4,3
247,10,96,99,2025-04-05,8,8,2,15000,2025-03-12,24,4,3,6,1
324,3,29,27,2023-06-12,4,4,2,6193,2023-05-04,39,7,1,1,2
326,4,37,33,2023-04-16,5,5,4,15000,2022-12-08,129,3,3,7,2
108,8,78,73,2024-05-05,3,3,3,15000,2023-11-14,173,6,2,7,2
280,3,23,26,2024-05-22,6,6,2,14865,2024-01-20,123,2,5,3,1
192,6,52,53,2023-11-03,5,5,4,6256,2023-06-23,133,7,1,5,1
363,3,25,24,2025-02-06,3,3,1,6415,2025-01-11,26,9,5,4,1
410,6,51,60,2024-03-26,10,10,4,15000,2023-12-20,97,6,5,2,2
40,3,21,24,2024-01-20,3,3,1,5541,2023-10-08,104,2,2,6,1
174,1,10,5,2024-09-09,5,5,1,8607,2024-08-26,14,8,2,1,1
259,3,28,22,2023-05-09,6,6,1,13028,2022-12-22,138,7,3,2,3
218,3,30,21,2024-12-16,8,8,1,7356,2024-10-21,56,1,3,1,1
93,10,95,94,2025-05-31,8,8,4,15000,2025-01-13,138,9,3,6,1
297,8,71,79,2025-11-04,4,4,3,15000,2025-10-11,24,9,5,2,1
369,9,81,90,2024-02-11,5,5,1,2150,2023-10-25,109,2,5,7,1
406,3,22,30,2024-02-03,1,1,4,15000,2023-10-07,119,4,1,6,2
111,4,38,36,2024-01-10,4,4,4,15000,2023-12-13,28,4,4,3,2
5,10,98,97,2023-11-20,3,3,1,15000,2023-11-04,16,6,2,1,2
82,3,29,26,2024-04-08,4,4,2,5533,2024-03-09,30,10,1,1,3
233,4,37,32,2023-04-21,7,7,1,12896,2023-02-17,63,6,2,5,3
393,6,51,57,2025-05-17,3,3,1,1322,2025-01-18,119,6,2,6,1
275,9,85,84,2025-06-12,4,4,1,6367,2025-02-08,124,6,3,4,1
181,2,12,19,2023-01-12,10,10,3,15000,2022-11-06,67,2,1,4,2
246,8,73,76,2025-02-12,1,1,3,15000,2024-12-27,47,6,5,3,2
182,3,29,23,2024-06-03,3,3,2,15000,2024-03-09,86,4,1,1,1
67,5,50,41,2024-09-04,1,1,3,15000,2024-05-26,101,3,1,3,1
342,6,60,55,2023-11-19,5,5,3,15000,2023-07-14,128,1,3,7,2
247,6,57,52,2023-05-23,5,5,3,15000,2023-04-20,33,8,5,2,2
318,9,90,81,2025-10-28,3,3,4,8982,2025-08-22,67,3,1,2,3
53,9,82,86,2023-02-13,6,6,3,15000,2022-09-12,154,5,3,1,2
28,2,11,12,2023-03-25,10,10,4,15000,2023-03-12,13,5,4,6,3
316,5,43,49,2024-07-02,1,1,2,1773,2024-02-26,127,3,3,2,2
122,9,87,85,2024-12-01,2,2,3,12632,2024-11-28,3,5,3,7,1
399,1,8,1,2023-04-04,6,6,1,2668,2023-02-11,52,6,5,2,1
187,5,43,42,2025-12-06,3,3,3,15000,2025-11-29,7,8,4,6,1
442,9,82,89,2023-02-17,2,2,1,2105,2023-02-10,7,3,3,5,3
145,6,59,55,2024-08-20,4,4,2,10419,2024-02-23,179,2,4,2,3
358,10,93,94,2025-12-21,3,3,3,15000,2025-11-21,30,8,5,7,2
315,6,56,57,2023-01-19,4,4,1,9990,2022-07-24,179,3,5,4,2
437,6,56,52,2023-10-29,4,4,4,15000,2023-05-25,157,5,3,7,2
424,1,3,5,2025-07-19,6,6,4,15000,2025-04-23,87,10,4,6,1
461,7,69,66,2023-01-29,3,3,3,15000,2022-12-22,38,10,3,7,2
365,3,22,21,2023-02-17,9,9,3,15000,2022-10-30,110,3,3,5,1
56,3,30,28,2023-12-01,10,10,1,8203,2023-06-06,178,2,5,5,1
41,6,55,56,2025-08-13,7,7,1,12565,2025-05-29,76,4,1,3,1
352,8,71,72,2023-01-23,7,7,2,5593,2022-11-29,55,1,5,1,1
189,3,26,29,2025-05-04,1,1,2,15000,2025-02-02,91,9,3,7,1
352,10,100,92,2023-12-17,3,3,4,15000,2023-07-12,158,1,5,7,2
56,10,93,99,2025-01-27,6,6,1,3908,2024-08-07,173,9,2,1,2
194,10,94,96,2024-07-02,8,8,1,539,2024-03-16,108,7,5,2,1
359,1,7,1,2023-11-07,9,9,1,6899,2023-10-10,28,1,3,2,2
486,2,18,13,2023-02-23,6,6,1,4364,2023-02-12,11,6,1,4,3
20,10,95,94,2023-12-10,3,3,2,3006,2023-11-04,36,5,5,7,3
110,9,85,86,2023-11-16,5,5,1,4156,2023-10-03,44,6,3,4,1
102,2,11,13,2025-03-23,8,8,2,15000,2024-11-24,119,7,3,7,1
303,1,6,8,2025-08-29,8,8,1,5958,2025-04-20,131,4,1,5,1
390,5,49,42,2023-06-28,1,1,3,2160,2023-03-03,117,4,2,3,1
265,10,100,97,2024-07-24,6,6,1,7419,2024-03-25,121,10,4,3,2
421,6,56,57,2023-10-26,1,1,3,15000,2023-10-18,8,8,1,4,1
373,7,65,69,2025-09-23,10,10,4,15000,2025-06-25,90,10,4,2,2
195,3,28,26,2023-12-09,1,1,1,15000,2023-08-07,124,8,5,6,2
455,10,92,97,2024-03-23,9,9,1,4843,2023-11-20,124,7,5,6,1
91,7,67,70,2024-11-16,3,3,2,11830,2024-11-07,9,7,5,6,3
339,9,87,89,2025-04-16,10,10,3,11844,2025-02-03,72,5,3,3,2
466,5,42,41,2024-10-12,10,10,4,15000,2024-04-17,178,9,5,6,3
179,2,17,18,2023-03-13,7,7,4,15000,2022-09-25,169,3,5,1,2
209,1,6,5,2023-05-06,5,5,1,13301,2023-03-26,41,5,5,6,2
27,8,72,75,2024-09-17,4,4,3,10482,2024-07-31,48,3,1,2,1
392,9,86,82,2025-12-01,1,1,2,3287,2025-09-19,73,10,2,1,3
322,1,1,2,2024-01-03,8,8,4,15000,2023-09-19,106,6,3,3,3
28,3,26,24,2023-02-19,6,6,4,15000,2022-10-09,133,3,3,7,3
281,6,55,59,2024-08-02,2,2,3,15000,2024-03-21,134,10,3,5,3
7,9,81,86,2023-08-29,9,9,3,15000,2023-03-19,163,10,4,2,1
332,2,18,12,2025-03-21,7,7,3,15000,2025-02-16,33,2,2,5,2
379,8,78,79,2025-07-08,1,1,4,15000,2025-04-16,83,9,4,2,2
249,10,96,94,2025-04-29,4,4,2,15000,2025-01-08,111,8,5,2,2
149,5,44,41,2025-12-08,1,1,4,15000,2025-07-15,146,6,4,1,2
312,10,95,98,2023-06-21,2,2,2,15000,2023-06-12,9,4,2,3,1
218,7,65,63,2024-05-09,3,3,2,15000,2024-03-21,49,8,4,4,1
116,4,34,38,2024-01-23,4,4,1,9019,2023-09-18,127,6,3,2,1
120,6,56,55,2024-12-28,7,7,4,15000,2024-10-02,87,10,1,6,2
315,6,58,60,2023-05-17,5,5,4,15000,2022-12-30,138,4,1,3,1
27,7,64,67,2023-05-03,9,9,3,15000,2023-02-10,82,1,5,3,1
426,10,92,99,2025-05-04,8,8,3,10355,2025-02-17,76,10,3,7,1
26,9,89,85,2023-09-16,9,9,2,4736,2023-08-16,31,7,3,6,2
123,3,25,30,2024-12-27,8,8,2,8062,2024-12-02,25,7,4,5,3
91,1,5,10,2025-12-02,7,7,1,10804,2025-10-10,53,4,1,2,2
395,6,53,59,2024-04-30,10,10,1,15000,2024-04-16,14,6,2,2,2
316,4,37,32,2025-10-16,10,10,2,7850,2025-09-09,37,6,2,4,2
121,10,93,100,2025-08-27,3,3,2,15000,2025-03-29,151,8,5,3,2
205,6,60,58,2024-11-20,6,6,3,15000,2024-07-18,125,1,2,3,2
314,6,53,58,2024-08-01,9,9,3,15000,2024-03-28,126,3,1,4,3
466,7,61,66,2025-09-30,3,3,4,15000,2025-09-08,22,2,4,2,3
407,2,16,20,2025-12-18,8,8,2,15000,2025-11-20,28,1,4,4,2
46,6,55,56,2023-05-01,5,5,1,7538,2022-12-12,140,8,1,1,1
207,5,41,45,2023-12-01,8,8,3,9511,2023-10-18,44,3,1,5,1
335,8,71,80,2024-02-25,8,8,3,15000,2023-11-16,101,6,5,7,3
11,5,47,41,2023-05-20,10,10,1,8702,2023-04-29,21,5,5,6,3
425,10,91,94,2023-06-16,7,7,3,15000,2023-03-13,95,8,5,5,2
95,4,34,32,2023-03-22,5,5,2,7626,2023-02-21,29,10,5,3,1
110,6,55,56,2023-06-04,2,2,2,11934,2023-02-15,109,10,3,7,1
377,1,1,5,2024-08-09,6,6,3,4532,2024-04-30,101,5,2,5,1
35,6,57,54,2023-06-22,1,1,2,15000,2023-02-23,119,9,2,4,1
221,6,56,58,2024-12-08,10,10,3,15000,2024-11-24,14,6,1,7,1
26,6,57,52,2025-08-30,10,10,1,14793,2025-07-03,58,9,2,6,2
368,8,75,74,2023-05-29,3,3,1,6106,2023-05-16,13,6,5,1,1
194,9,87,90,2024-11-16,6,6,2,9828,2024-08-04,104,1,4,6,2
338,8,74,77,2025-09-03,5,5,4,15000,2025-08-17,17,1,1,3,3
347,8,71,80,2023-09-17,4,4,3,15000,2023-06-30,79,7,1,7,1
454,2,18,11,2023-05-12,1,1,1,13903,2023-05-02,10,5,4,5,2
241,4,39,31,2024-11-01,4,4,1,7526,2024-09-04,58,5,1,5,1
215,9,86,82,2025-02-28,1,1,3,15000,2025-02-16,12,5,5,5,2
350,8,77,76,2023-02-27,10,10,4,15000,2022-12-27,62,2,5,1,2
369,6,58,53,2024-12-07,4,4,3,15000,2024-09-13,85,10,4,6,2
365,8,71,74,2024-06-05,9,9,2,15000,2024-02-15,111,7,5,3,2
16,1,8,5,2023-02-12,8,8,1,3551,2022-10-22,113,3,5,7,2
8,4,38,35,2025-03-04,8,8,1,6300,2024-10-22,133,5,3,2,1
136,1,5,7,2025-02-06,10,10,3,2695,2024-08-29,161,9,1,4,2
462,9,83,81,2024-04-23,4,4,4,15000,2024-03-28,26,8,1,2,3
415,8,76,80,2023-07-30,6,6,3,15000,2023-05-11,80,6,2,7,3
238,8,77,80,2024-01-17,1,1,3,15000,2023-07-26,175,5,3,3,1
74,7,67,66,2024-11-06,8,8,3,15000,2024-09-17,50,8,3,3,1
298,6,60,53,2025-05-01,10,10,1,15000,2024-11-06,176,7,1,4,2
158,6,56,58,2025-07-03,7,7,1,15000,2025-03-01,124,10,5,4,3
295,6,56,51,2024-11-10,6,6,3,15000,2024-09-15,56,7,1,7,2
418,9,87,83,2025-09-08,7,7,3,15000,2025-03-30,162,9,4,1,1
399,9,82,81,2025-05-09,4,4,4,1968,2025-03-25,45,1,4,5,2
53,10,96,100,2023-05-05,7,7,3,15000,2023-02-26,68,10,1,5,1
168,5,49,43,2023-06-29,8,8,4,15000,2023-05-07,53,5,1,4,2
384,2,19,12,2023-11-29,3,3,4,15000,2023-06-24,158,8,4,3,2
248,8,77,76,2024-06-20,5,5,4,15000,2024-02-29,112,1,2,4,1
202,9,86,89,2023-07-01,3,3,1,15000,2023-01-12,170,8,2,6,2
11,5,45,47,2023-08-01,10,10,4,9853,2023-02-27,155,3,4,2,1
135,5,45,43,2024-05-30,7,7,4,15000,2023-12-14,168,8,4,4,2
35,9,82,86,2023-09-15,8,8,2,15000,2023-05-10,128,7,5,5,3
170,8,77,74,2024-04-02,10,10,4,15000,2024-03-19,14,6,5,2,1
252,3,21,22,2025-08-05,5,5,4,15000,2025-07-11,25,7,2,2,2
283,3,28,24,2024-11-15,3,3,1,9954,2024-06-20,148,8,1,5,1
439,7,66,64,2024-05-10,10,10,1,15000,2024-02-10,90,2,1,5,3
359,9,85,87,2023-01-25,3,3,4,15000,2022-12-18,38,10,4,3,3
348,4,35,32,2023-03-02,9,9,2,15000,2022-12-13,79,10,4,4,2
471,6,56,54,2025-06-14,8,8,2,15000,2025-03-19,87,9,4,6,2
201,3,29,23,2025-10-25,6,6,1,6815,2025-07-30,87,2,5,6,3
27,3,25,21,2024-08-25,4,4,2,15000,2024-08-21,4,2,4,7,2
246,8,72,78,2024-06-01,7,7,1,925,2024-04-30,32,4,4,6,1
125,9,88,84,2025-11-27,9,9,4,15000,2025-10-06,52,3,5,4,2
247,10,95,93,2025-03-28,10,10,2,15000,2025-02-18,38,7,1,5,2
16,10,99,93,2025-07-19,1,1,4,15000,2025-03-26,115,2,2,6,2
78,2,13,18,2023-06-02,8,8,4,8497,2023-05-04,29,4,2,5,2
71,5,45,48,2025-07-08,9,9,4,15000,2025-03-30,100,5,1,2,1
145,6,52,54,2025-08-14,4,4,1,9802,2025-04-24,112,2,5,4,3
84,6,51,54,2025-08-23,1,1,2,13642,2025-04-28,117,8,1,6,2
388,10,96,98,2023-11-24,4,4,2,15000,2023-08-20,96,10,4,5,2
497,8,76,72,2025-04-07,9,9,2,5388,2024-10-13,176,10,3,1,3
279,9,87,85,2024-07-09,7,7,1,14078,2024-05-14,56,4,1,2,2
424,10,95,92,2024-07-14,3,3,3,7232,2024-04-30,75,7,3,7,3
168,3,27,24,2023-02-15,9,9,4,15000,2022-10-19,119,8,3,3,2
439,6,56,52,2023-10-11,2,2,2,15000,2023-08-12,60,6,3,3,3
84,7,69,68,2025-08-31,5,5,1,6779,2025-04-03,150,4,2,7,2
404,3,21,26,2023-11-08,10,10,4,15000,2023-07-28,103,4,2,3,2
340,10,93,99,2025-04-10,6,6,4,15000,2025-01-21,79,7,2,4,1
109,10,98,100,2025-05-13,8,8,1,10373,2025-05-09,4,3,3,2,2
118,6,55,53,2025-01-16,10,10,3,9334,2024-09-08,130,9,5,4,2
295,5,49,43,2023-07-22,4,4,1,1337,2023-04-14,99,7,3,6,3
44,10,99,94,2025-10-10,6,6,4,15000,2025-09-22,18,5,1,5,1
30,10,94,92,2023-08-14,4,4,1,376,2023-07-26,19,2,4,1,1
324,5,46,45,2023-07-12,3,3,3,15000,2023-03-21,113,8,1,3,1
500,9,85,90,2024-03-19,6,6,1,3195,2024-01-16,63,4,4,2,2
32,8,73,71,2025-09-26,1,1,1,7041,2025-06-28,90,3,2,5,3
319,5,43,44,2025-01-11,5,5,3,3834,2025-01-07,4,8,2,6,2
389,1,7,10,2025-10-02,8,8,3,15000,2025-07-01,93,10,4,4,1
367,1,3,8,2025-09-27,8,8,1,13707,2025-04-05,175,6,3,6,1
356,3,27,21,2024-12-10,7,7,2,15000,2024-07-02,161,1,1,2,3
379,1,9,1,2023-08-26,4,4,3,15000,2023-03-04,175,2,5,6,2
440,6,54,52,2023-10-10,7,7,2,15000,2023-08-26,45,5,4,2,1
62,4,36,35,2025-10-16,7,7,4,6772,2025-10-14,2,5,2,4,1
341,7,61,63,2024-06-24,4,4,4,15000,2024-02-01,144,1,1,1,2
311,6,60,52,2024-07-26,8,8,4,15000,2024-02-25,152,7,5,5,2
148,7,61,65,2024-04-11,4,4,3,8267,2023-12-27,106,6,1,4,2
310,8,79,71,2024-01-14,10,10,4,15000,2023-11-09,66,4,5,7,1
419,7,62,70,2023-07-20,2,2,3,4088,2023-04-16,95,10,3,4,2
434,10,94,96,2025-06-01,7,7,3,15000,2025-01-29,123,3,5,7,2
43,5,49,45,2025-03-05,5,5,1,10565,2024-09-28,158,10,2,3,1
379,2,16,15,2025-06-17,1,1,3,6207,2025-01-03,165,5,2,2,2
247,1,6,1,2023-11-06,10,10,4,15000,2023-07-04,125,5,3,1,1
188,2,18,17,2024-11-12,6,6,2,15000,2024-10-05,38,2,3,2,1
54,8,75,71,2025-01-13,3,3,4,12199,2024-11-24,50,8,1,1,1
216,5,48,50,2025-03-20,5,5,4,15000,2024-11-16,124,9,1,4,1
400,5,44,50,2024-04-09,7,7,3,15000,2023-10-29,163,5,2,2,1
183,6,53,58,2025-09-30,6,6,4,15000,2025-06-17,105,4,4,2,2
476,4,36,35,2025-09-20,3,3,1,670,2025-06-04,108,10,3,6,3
259,6,51,55,2023-04-23,1,1,3,15000,2023-03-30,24,4,3,7,3
108,1,8,4,2024-04-19,5,5,4,15000,2024-01-08,102,7,4,5,2
269,8,73,76,2023-07-05,9,9,1,5046,2023-04-22,74,7,4,3,1
32,10,94,91,2023-07-12,3,3,1,3978,2023-01-19,174,4,3,3,3
457,4,31,34,2024-05-30,2,2,1,3157,2024-04-14,46,3,3,4,2
204,4,37,39,2023-01-01,9,9,3,15000,2022-07-05,180,10,4,7,2
487,9,89,83,2024-12-09,3,3,1,6519,2024-11-24,15,5,5,1,2
216,8,80,72,2023-08-19,3,3,1,982,2023-05-22,89,4,4,6,2
131,1,5,4,2025-01-05,5,5,1,713,2024-09-10,117,10,4,7,1
169,5,46,41,2025-08-23,7,7,3,12608,2025-03-20,156,7,4,6,2
339,6,55,52,2023-11-28,1,1,3,15000,2023-09-21,68,1,3,2,3
415,4,31,33,2024-01-15,4,4,1,259,2023-07-19,180,3,3,1,2
16,5,48,47,2025-04-26,4,4,3,15000,2025-04-10,16,7,2,6,3
173,4,34,35,2025-07-22,3,3,4,15000,2025-05-11,72,4,2,2,3
335,8,78,77,2025-04-05,8,8,3,15000,2024-10-21,166,3,4,6,1
158,2,15,13,2023-05-13,5,5,1,11320,2023-04-20,23,10,3,6,2
120,2,15,20,2025-08-28,9,9,2,9868,2025-08-25,3,3,1,4,3
433,8,71,79,2025-03-27,2,2,3,15000,2024-10-14,164,6,1,4,3
208,5,47,44,2023-04-11,1,1,3,15000,2023-04-04,7,7,5,2,1
123,7,67,66,2025-06-16,9,9,2,15000,2025-04-12,65,1,3,1,3
285,6,54,56,2023-08-01,6,6,2,15000,2023-04-19,104,6,3,2,1
167,1,5,6,2024-12-01,9,9,1,15000,2024-10-27,35,6,3,7,3
383,8,75,80,2024-06-04,3,3,3,15000,2023-12-09,178,5,3,2,3
242,7,61,69,2025-01-18,1,1,3,15000,2024-10-25,85,1,4,6,3
83,4,32,38,2025-01-16,7,7,2,15000,2024-08-21,148,9,3,4,2
31,1,4,8,2024-04-04,8,8,1,5922,2024-03-07,28,2,1,4,1
95,4,31,32,2023-09-05,3,3,4,15000,2023-06-15,82,5,5,2,1
377,3,25,30,2024-12-15,6,6,1,15000,2024-07-18,150,1,3,7,3
107,1,6,5,2024-07-26,4,4,2,7032,2024-06-07,49,10,5,5,1
371,7,66,68,2023-05-28,5,5,4,15000,2022-11-29,180,10,3,7,1
342,10,98,91,2025-08-15,8,8,3,13074,2025-05-29,78,2,1,5,1
227,1,8,4,2024-09-21,5,5,4,15000,2024-08-05,47,6,4,6,3
280,9,81,85,2025-11-24,9,9,3,15000,2025-05-29,179,8,2,1,1
13,2,16,19,2024-07-20,10,10,4,15000,2024-05-11,70,9,3,6,2
424,6,56,55,2024-12-01,3,3,1,9441,2024-06-29,155,1,5,7,1
134,4,40,37,2023-09-06,10,10,1,5153,2023-07-16,52,1,3,3,1
293,8,79,72,2023-06-15,7,7,1,7477,2022-12-23,174,4,1,4,1
354,10,95,96,2024-09-11,9,9,4,14196,2024-08-05,37,4,5,3,3
102,7,70,64,2024-11-23,7,7,3,15000,2024-08-01,114,9,1,6,2
158,5,44,43,2023-03-01,1,1,2,15000,2022-12-31,60,9,4,3,3
81,5,42,47,2023-01-20,7,7,2,15000,2022-11-21,60,3,2,5,1
424,5,49,50,2025-01-13,5,5,1,4558,2024-08-06,160,6,1,1,1
422,7,65,61,2025-12-02,9,9,2,15000,2025-08-07,117,5,3,2,2
433,3,26,30,2025-01-03,10,10,2,15000,2024-08-25,131,7,4,5,2
63,1,10,6,2024-08-21,8,8,1,10416,2024-05-19,94,2,3,3,3
231,10,99,92,2023-08-11,2,2,2,15000,2023-08-02,9,4,2,5,1
55,4,36,32,2023-11-07,1,1,3,3162,2023-10-14,24,3,1,2,1
475,8,72,76,2023-06-29,8,8,3,15000,2023-03-20,101,3,5,4,3
449,6,57,52,2024-05-31,1,1,3,15000,2024-05-26,5,4,5,5,2
213,8,80,76,2024-10-09,3,3,2,3516,2024-05-05,157,10,2,3,1
52,4,37,35,2025-03-28,5,5,2,12573,2025-01-02,85,8,1,5,2
14,6,60,53,2024-01-01,1,1,2,15000,2023-09-13,110,6,5,1,2
464,9,89,84,2024-11-10,9,9,1,1695,2024-09-26,45,4,1,7,1
164,4,31,36,2023-05-09,6,6,2,7669,2023-04-22,17,1,3,2,2
198,9,86,88,2025-03-28,10,10,2,15000,2025-03-09,19,7,1,5,1
265,1,1,3,2023-03-24,5,5,1,15000,2022-11-30,114,5,4,5,2
20,3,30,27,2024-01-24,9,9,3,15000,2023-10-11,105,1,2,3,2
357,8,80,71,2023-01-22,7,7,4,15000,2022-08-21,154,1,5,7,1
122,2,11,18,2023-02-21,4,4,3,11767,2022-09-18,156,5,3,2,2
375,7,68,70,2024-10-09,8,8,3,3344,2024-05-10,152,5,2,3,2
84,4,38,31,2023-06-01,10,10,2,4265,2022-12-12,171,9,5,4,2
14,4,31,39,2024-08-30,2,2,1,15000,2024-08-23,7,8,5,5,1
131,2,19,15,2024-02-05,1,1,1,14845,2023-09-09,149,7,4,1,3
109,8,74,76,2023-09-06,3,3,3,8384,2023-03-24,166,3,1,3,2
20,6,53,56,2024-07-08,4,4,2,15000,2024-05-20,49,9,4,1,2
402,6,60,59,2024-06-23,10,10,3,1629,2024-06-06,17,1,5,7,1
276,10,93,97,2024-07-11,1,1,3,6402,2024-06-14,27,4,1,4,3
65,6,51,53,2023-03-14,2,2,2,15000,2023-03-09,5,10,4,2,1
47,3,21,22,2024-11-12,2,2,3,15000,2024-06-12,153,6,3,2,3
22,10,93,92,2025-04-11,7,7,1,15000,2025-02-20,50,8,3,5,2
400,4,37,31,2023-02-26,5,5,1,7234,2023-02-16,10,5,1,7,1
327,8,77,75,2024-05-26,5,5,2,12683,2023-12-11,167,9,3,7,1
214,7,66,61,2025-12-01,7,7,1,15000,2025-10-27,35,8,5,1,3
261,4,32,34,2024-02-23,7,7,3,5380,2023-12-30,55,2,3,5,2
329,9,88,85,2025-05-27,4,4,1,15000,2025-05-07,20,5,2,2,3
167,9,89,85,2024-09-29,5,5,2,15000,2024-05-07,145,5,2,7,2
238,7,61,68,2025-12-25,3,3,4,9196,2025-11-08,47,10,1,4,1
335,7,61,68,2023-08-07,5,5,1,5329,2023-06-06,62,6,5,1,2
287,10,94,95,2025-09-15,8,8,3,15000,2025-08-26,20,7,1,1,1
23,9,85,81,2024-09-16,3,3,2,15000,2024-05-22,117,5,1,1,2
14,2,16,20,2023-10-03,8,8,2,13372,2023-05-02,154,7,5,2,2
470,10,93,92,2023-10-12,9,9,1,4138,2023-06-02,132,2,2,4,1
145,4,37,39,2023-03-23,1,1,3,15000,2023-02-22,29,9,1,4,1
429,4,36,35,2023-09-15,4,4,4,14197,2023-08-19,27,3,4,5,1
305,4,34,36,2024-07-27,9,9,2,15000,2024-07-25,2,8,3,6,1
244,3,27,30,2023-07-06,2,2,3,15000,2023-01-31,156,3,5,4,3
68,6,60,53,2023-07-31,8,8,3,15000,2023-02-03,178,7,3,1,2
287,8,77,78,2023-04-20,9,9,2,7203,2023-04-14,6,5,1,4,3
100,4,35,39,2023-03-21,8,8,3,15000,2023-01-27,53,1,5,2,3
291,5,43,47,2025-12-15,9,9,2,15000,2025-07-19,149,8,2,1,1
304,5,45,47,2025-08-20,8,8,3,12420,2025-05-23,89,3,4,3,1
112,8,77,72,2023-09-16,7,7,2,9838,2023-06-20,88,5,5,6,1
28,6,57,56,2024-02-29,5,5,3,4221,2023-11-30,91,8,4,4,2
438,1,9,5,2024-01-27,7,7,1,5449,2023-09-13,136,9,2,6,1
253,7,63,68,2023-12-01,6,6,4,15000,2023-10-26,36,1,3,5,1
361,7,66,64,2024-03-16,4,4,1,10393,2023-12-24,83,2,4,6,1
443,5,44,41,2023-10-12,9,9,4,15000,2023-09-25,17,3,5,4,1
404,4,35,36,2024-03-28,6,6,1,11336,2023-12-23,96,6,2,4,3
158,7,68,61,2024-05-23,2,2,1,1486,2024-05-03,20,2,2,4,2
162,8,77,75,2025-03-22,6,6,4,15000,2024-10-15,158,1,4,6,3
307,6,60,57,2023-11-30,2,2,4,15000,2023-09-03,88,1,1,4,1
390,9,88,83,2025-08-19,1,1,2,11135,2025-06-02,78,3,1,2,2
457,7,62,63,2023-04-04,1,1,1,9055,2023-03-08,27,10,2,2,1
307,9,88,83,2024-05-02,2,2,3,15000,2024-01-18,105,1,5,4,1
71,1,8,4,2024-05-06,3,3,1,15000,2024-02-26,70,10,2,1,3
216,3,22,25,2025-02-09,10,10,2,15000,2024-11-18,83,5,4,7,3
250,9,88,82,2024-03-03,6,6,1,257,2024-01-01,62,4,2,7,2
137,2,15,11,2024-10-15,7,7,1,3770,2024-09-01,44,1,3,2,1
494,4,33,31,2025-02-13,6,6,3,7321,2024-10-17,119,3,3,4,1
160,7,62,70,2023-06-07,6,6,2,15000,2023-03-26,73,7,3,3,1
215,9,87,81,2025-06-27,10,10,3,15000,2025-04-22,66,5,4,5,1
215,8,80,78,2023-10-29,10,10,1,13060,2023-07-19,102,9,3,7,2
331,5,46,42,2023-04-21,2,2,2,15000,2022-12-01,141,9,4,5,3
340,2,17,16,2025-10-29,5,5,2,15000,2025-07-11,110,2,4,3,1
135,6,58,55,2025-01-24,5,5,1,15000,2025-01-10,14,6,4,5,3
497,4,36,33,2025-03-19,4,4,4,15000,2024-12-24,85,5,4,3,2
266,1,5,6,2025-08-01,5,5,1,13564,2025-02-06,176,6,1,5,2
81,4,34,35,2025-11-26,5,5,2,15000,2025-06-29,150,6,4,3,1
273,9,87,82,2024-11-03,5,5,3,15000,2024-07-29,97,4,3,7,1
403,1,5,3,2023-06-30,8,8,4,15000,2023-06-01,29,4,5,5,2
262,2,20,12,2025-10-28,4,4,4,15000,2025-06-27,123,10,5,2,2
3,1,8,6,2023-04-16,7,7,3,15000,2022-12-16,121,8,3,7,2
278,10,100,95,2024-01-30,5,5,2,15000,2023-10-01,121,2,1,2,3
74,10,100,93,2023-12-25,2,2,2,12153,2023-11-02,53,9,5,1,1
367,8,73,77,2025-09-07,1,1,3,15000,2025-04-09,151,3,4,7,1
369,3,26,21,2023-07-27,9,9,3,15000,2023-07-19,8,8,2,4,2
393,10,97,92,2023-04-14,6,6,1,9811,2022-11-04,161,3,3,5,2
476,5,44,41,2025-08-18,7,7,2,11907,2025-03-25,146,7,4,1,1
496,7,70,64,2024-11-03,7,7,3,15000,2024-10-10,24,7,3,7,3
160,1,6,4,2025-10-25,5,5,4,15000,2025-06-10,137,8,5,6,2
20,6,59,60,2024-05-13,4,4,3,15000,2024-03-10,64,6,5,1,2
286,7,64,65,2025-08-23,6,6,1,12282,2025-08-17,6,9,5,6,1
169,8,73,78,2023-11-23,7,7,3,10120,2023-07-20,126,4,5,4,1
313,10,98,96,2024-10-14,8,8,3,15000,2024-10-05,9,9,3,1,2
64,9,87,85,2024-05-16,6,6,2,15000,2023-12-22,146,4,4,4,3
134,9,85,82,2023-10-27,8,8,3,15000,2023-09-06,51,3,1,5,2
139,6,51,57,2024-05-31,1,1,4,15000,2024-04-18,43,10,3,5,2
368,2,12,15,2025-04-14,8,8,1,13076,2024-11-22,143,4,4,1,2
244,8,71,75,2023-08-29,4,4,1,2758,2023-07-23,37,1,3,2,1
488,1,5,10,2023-11-23,1,1,1,6589,2023-06-30,146,4,3,4,2
428,10,99,96,2025-07-25,6,6,3,15000,2025-03-24,123,7,2,5,1
330,2,17,14,2024-01-12,7,7,4,15000,2023-07-18,178,5,5,5,2
4,4,38,34,2023-12-30,7,7,3,15000,2023-10-26,65,9,2,6,1
288,2,13,16,2023-09-16,3,3,3,2752,2023-09-06,10,6,1,6,1
399,6,58,55,2023-10-26,4,4,2,15000,2023-06-06,142,2,2,4,1
154,7,61,66,2025-04-25,10,10,3,15000,2024-11-15,161,10,5,5,3
86,6,57,56,2024-05-20,7,7,2,15000,2024-05-07,13,7,2,1,1
432,7,66,65,2023-12-07,1,1,2,15000,2023-12-02,5,7,1,4,1
229,6,53,55,2025-04-25,5,5,1,7660,2025-03-31,25,5,5,5,1
223,2,12,19,2023-06-10,5,5,1,15000,2023-01-30,131,5,3,6,2
352,9,89,87,2024-02-17,2,2,4,12180,2023-09-15,155,10,2,6,2
261,7,65,61,2024-06-19,5,5,1,4763,2024-05-04,46,2,5,3,1
5,9,84,90,2023-11-21,1,1,3,15000,2023-06-11,163,3,3,2,3
214,6,55,58,2023-04-04,6,6,2,15000,2022-10-12,174,10,5,2,3
404,2,11,14,2025-05-27,8,8,1,15000,2025-02-27,89,5,1,2,3
130,7,67,61,2023-03-21,6,6,1,875,2022-12-09,102,9,1,2,3
397,1,9,5,2024-04-23,5,5,1,12450,2024-03-08,46,2,3,2,3
500,8,76,74,2024-08-27,7,7,4,15000,2024-05-10,109,8,3,2,2
39,1,7,1,2024-03-25,6,6,2,15000,2023-10-27,150,10,3,1,3
260,8,76,73,2024-12-25,7,7,2,12321,2024-11-03,52,6,2,3,2
436,6,55,59,2023-03-14,5,5,3,15000,2022-09-15,180,8,3,2,1
253,4,33,37,2024-04-06,9,9,1,14576,2024-01-24,73,4,4,6,1
359,2,14,13,2024-11-17,8,8,2,8215,2024-08-20,89,9,3,7,2
163,8,75,72,2024-03-23,4,4,2,15000,2023-12-08,106,6,4,6,1
342,10,95,94,2025-12-01,5,5,2,15000,2025-06-10,174,4,1,1,3
308,4,40,37,2024-09-02,3,3,3,15000,2024-05-10,115,4,3,1,1
282,2,16,18,2024-08-21,6,6,2,15000,2024-04-19,124,6,5,3,2
45,8,75,76,2024-07-09,4,4,1,9944,2024-01-19,172,6,2,2,1
246,1,4,1,2025-04-04,2,2,1,13045,2025-01-19,75,10,1,5,1
334,8,76,79,2025-02-24,7,7,1,8533,2024-11-14,102,10,4,1,3
60,1,1,10,2024-05-13,6,6,4,15000,2023-12-07,158,1,3,1,1
54,3,27,28,2025-07-14,10,10,2,15000,2025-06-08,36,2,4,1,2
363,3,26,22,2024-06-04,10,10,1,8194,2024-02-10,115,1,2,2,2
443,1,4,1,2024-10-09,1,1,1,12063,2024-06-11,120,3,3,3,2
26,6,57,56,2025-05-04,10,10,1,11777,2025-04-25,9,7,2,7,2
78,10,100,93,2023-07-27,5,5,3,15000,2023-04-03,115,3,5,4,2
5,9,85,83,2025-11-09,7,7,1,10496,2025-06-18,144,7,2,7,2
58,1,7,4,2024-02-05,5,5,3,15000,2023-12-01,66,3,4,1,1
174,1,8,6,2025-11-09,4,4,1,3873,2025-05-20,173,10,1,7,1
338,5,43,48,2024-08-06,7,7,2,6339,2024-08-01,5,7,3,2,3
59,6,57,58,2025-03-03,9,9,3,15000,2024-09-18,166,9,4,1,3
369,10,93,96,2025-10-31,4,4,3,7492,2025-07-02,121,5,1,5,1
224,9,83,90,2025-02-05,1,1,2,15000,2024-09-09,149,3,1,3,1
354,9,85,88,2024-05-30,4,4,2,5257,2024-03-01,90,2,4,4,1
383,7,64,67,2025-04-14,4,4,3,8437,2024-10-16,180,6,1,1,1
12,6,55,52,2025-09-22,6,6,3,15000,2025-07-24,60,5,5,1,2
255,3,30,21,2024-04-19,8,8,1,9745,2024-01-17,93,1,5,5,2
279,10,94,91,2023-01-28,9,9,1,10658,2023-01-03,25,7,2,6,1
258,4,38,40,2024-11-27,8,8,2,8363,2024-08-17,102,4,5,3,2
349,2,20,13,2024-07-23,4,4,3,15000,2024-02-01,173,8,2,2,2
435,2,13,11,2023-08-16,1,1,1,4586,2023-03-13,156,10,3,3,3
459,5,45,42,2023-08-14,4,4,3,7776,2023-06-21,54,4,1,1,1
67,9,82,85,2024-11-07,9,9,4,15000,2024-07-03,127,4,4,4,1
474,1,6,5,2025-04-23,4,4,2,15000,2025-02-06,76,4,4,3,2
390,7,70,68,2023-04-08,9,9,3,15000,2022-10-19,171,3,1,6,1
194,4,39,37,2023-02-19,6,6,4,15000,2023-01-19,31,7,2,7,2
419,4,36,32,2024-07-25,6,6,3,11315,2024-05-14,72,8,2,4,3
63,9,89,81,2023-05-20,5,5,2,15000,2023-01-15,125,9,5,6,1
488,4,32,31,2024-05-19,8,8,1,15000,2024-01-16,124,8,5,7,2
26,7,65,67,2024-02-11,10,10,1,5803,2023-08-25,170,7,2,7,1
444,4,33,35,2023-12-22,7,7,1,1750,2023-10-07,76,10,4,5,2
179,10,97,100,2024-12-12,1,1,4,15000,2024-08-21,113,7,2,4,3
432,8,72,75,2024-01-19,6,6,1,14874,2023-09-09,132,1,2,5,1
159,9,82,86,2023-04-14,10,10,4,15000,2022-12-19,116,1,4,5,1
96,5,48,43,2024-09-03,1,1,3,15000,2024-03-07,180,6,5,2,3
387,7,68,65,2023-03-24,8,8,2,11208,2022-12-09,105,1,4,5,3
62,10,99,98,2023-08-24,9,9,4,15000,2023-05-13,103,4,3,4,1
404,10,93,91,2025-02-22,8,8,3,15000,2024-12-16,68,4,4,6,3
450,5,49,41,2023-02-22,4,4,4,15000,2022-09-18,157,5,2,3,1
481,3,30,22,2023-06-30,8,8,3,15000,2023-04-28,63,3,4,5,1
319,6,55,58,2024-02-10,8,8,2,5951,2024-01-19,22,9,5,6,2
212,8,79,80,2023-06-24,5,5,1,15000,2023-04-29,56,6,3,6,2
470,10,95,91,2025-09-13,8,8,2,13549,2025-04-23,143,6,3,6,3
50,4,37,39,2023-03-10,1,1,1,11485,2023-01-14,55,5,1,5,1
110,8,76,78,2025-10-01,4,4,4,15000,2025-05-25,129,5,1,3,2
154,4,31,39,2024-11-30,9,9,3,15000,2024-07-10,143,7,1,6,2
177,2,15,20,2025-10-16,2,2,4,15000,2025-09-16,30,8,4,4,1
108,8,73,79,2025-04-26,9,9,1,3889,2025-02-17,68,7,4,6,2
406,10,96,91,2023-10-10,10,10,4,15000,2023-07-09,93,1,4,2,2
237,7,62,69,2025-06-13,9,9,4,15000,2025-04-08,66,9,1,5,3
434,5,48,44,2024-07-31,4,4,3,15000,2024-05-09,83,4,3,3,2
154,7,69,67,2025-11-12,10,10,2,13249,2025-08-25,79,2,4,3,1
62,8,72,76,2023-04-03,6,6,1,15000,2023-01-08,85,5,1,1,2
234,5,41,50,2023-07-28,3,3,3,4143,2023-03-22,128,10,1,5,2
273,8,77,76,2023-04-22,5,5,1,1892,2023-03-25,28,1,2,6,2
222,9,83,86,2023-11-15,8,8,1,5361,2023-06-28,140,9,1,3,1
83,6,52,54,2025-10-22,6,6,3,5349,2025-04-30,175,4,5,3,3
289,4,31,38,2025-11-10,4,4,3,4261,2025-10-21,20,7,3,1,1
277,1,9,6,2023-07-13,6,6,4,15000,2023-05-16,58,9,2,4,1
239,3,22,21,2025-03-01,10,10,2,15000,2024-12-30,61,3,4,6,1
181,8,75,77,2023-12-16,5,5,3,15000,2023-08-14,124,8,1,6,2
262,2,19,14,2023-02-15,10,10,3,15000,2022-09-16,152,7,4,3,2
127,9,82,86,2023-11-24,7,7,3,15000,2023-11-20,4,2,3,5,3
445,9,86,81,2025-02-02,7,7,1,15000,2024-10-20,105,1,1,7,3
347,9,83,82,2023-08-03,10,10,4,15000,2023-04-18,107,2,1,4,1
390,8,80,78,2023-06-23,1,1,3,15000,2023-04-21,63,2,2,5,2
182,8,75,78,2025-08-28,1,1,4,3003,2025-05-10,110,5,5,4,2
243,8,80,74,2023-09-18,1,1,2,15000,2023-05-17,124,7,5,1,3
329,3,25,21,2025-10-28,3,3,1,13316,2025-07-08,112,3,1,2,1
140,5,43,50,2024-06-17,9,9,3,15000,2024-06-07,10,3,2,1,2
168,5,47,41,2024-01-22,7,7,4,15000,2023-10-28,86,3,1,1,1
145,4,35,32,2025-06-06,8,8,3,15000,2025-04-30,37,1,1,5,1
362,2,18,16,2025-10-14,8,8,2,15000,2025-09-16,28,9,1,2,1
378,4,32,36,2025-06-16,3,3,1,15000,2025-04-20,57,2,2,1,2
349,2,18,13,2025-08-29,1,1,2,12228,2025-07-14,46,6,3,5,1
57,3,23,22,2024-06-11,10,10,4,15000,2024-03-16,87,1,2,2,3
155,4,35,32,2023-11-27,2,2,2,15000,2023-11-26,1,5,2,1,2
116,5,41,42,2025-07-06,9,9,3,10251,2025-02-05,151,4,3,7,2
137,1,1,8,2024-07-13,9,9,4,15000,2024-05-11,63,9,4,6,2
403,3,27,29,2023-02-05,6,6,3,15000,2022-12-10,57,2,4,7,1
472,8,71,73,2025-07-30,2,2,2,15000,2025-02-11,169,3,3,3,3
486,1,9,2,2025-05-21,8,8,1,2129,2025-04-07,44,2,1,3,2
139,4,39,35,2025-09-11,4,4,3,15000,2025-04-11,153,4,2,4,1
310,1,8,3,2023-02-09,10,10,1,15000,2022-09-03,159,8,5,4,3
46,7,61,67,2024-04-30,7,7,3,15000,2024-02-13,77,1,1,2,2
468,8,72,77,2025-10-23,8,8,1,13308,2025-10-14,9,7,4,4,1
130,3,27,28,2024-11-30,10,10,4,15000,2024-09-06,85,10,4,6,1
462,1,7,9,2023-10-31,1,1,3,9853,2023-08-08,84,7,4,2,2
206,5,48,42,2025-06-13,9,9,3,15000,2025-02-01,132,4,2,5,3
73,6,56,53,2023-02-20,3,3,3,15000,2022-12-09,73,3,1,1,3
41,7,68,63,2024-02-29,1,1,1,302,2024-01-31,29,4,3,4,1
438,4,34,37,2023-12-09,3,3,4,15000,2023-09-03,97,3,5,6,3
455,4,39,38,2024-10-02,2,2,1,13871,2024-08-19,44,2,4,3,1
459,9,86,90,2024-01-06,8,8,4,15000,2023-08-09,150,10,4,6,2
218,4,33,31,2025-08-09,8,8,1,6116,2025-04-08,123,4,2,6,2
96,2,11,20,2023-12-24,5,5,4,15000,2023-07-05,172,4,2,7,3
220,4,31,39,2025-08-13,10,10,1,3955,2025-05-05,100,10,1,3,1
496,10,100,92,2025-03-06,5,5,3,657,2024-11-25,101,5,1,4,1
368,5,46,45,2024-12-19,8,8,4,15000,2024-09-21,89,5,5,4,1
188,7,65,64,2025-08-20,8,8,4,15000,2025-04-21,121,8,5,3,2
426,6,56,51,2024-05-18,1,1,3,7996,2023-12-26,144,9,2,6,1
347,5,48,41,2025-02-25,8,8,1,14513,2024-10-02,146,5,4,2,2
96,1,3,5,2025-08-16,7,7,3,3480,2025-05-09,99,7,2,6,2
407,10,95,93,2024-01-30,8,8,4,15000,2024-01-12,18,7,5,2,1
236,7,69,62,2025-11-20,7,7,1,15000,2025-10-10,41,10,2,4,1
98,8,73,71,2025-04-22,3,3,3,12970,2024-12-26,117,2,2,2,1
471,4,32,40,2025-11-24,6,6,4,15000,2025-07-04,143,5,5,1,2
22,7,70,64,2024-07-25,8,8,4,15000,2024-06-04,51,1,3,4,2
420,9,90,88,2025-11-19,3,3,3,15000,2025-08-20,91,5,1,3,2
349,6,52,60,2024-10-10,6,6,2,1367,2024-08-18,53,10,5,4,1
481,7,67,62,2023-09-09,3,3,4,15000,2023-07-26,45,1,5,6,3
375,9,82,81,2024-09-01,2,2,3,15000,2024-03-13,172,5,4,7,2
213,3,28,30,2024-11-18,1,1,2,3952,2024-09-04,75,7,2,1,1
310,3,26,28,2023-06-29,7,7,2,12986,2023-02-16,133,9,4,4,1
283,4,33,40,2024-03-08,2,2,2,15000,2023-11-09,120,9,4,5,3
104,9,84,87,2023-01-10,9,9,2,15000,2022-08-16,147,10,4,2,2
398,3,23,24,2025-05-09,3,3,2,15000,2025-03-14,56,4,2,5,2
117,8,73,72,2025-10-17,5,5,3,1841,2025-04-21,179,4,3,5,3
272,7,61,69,2024-12-15,5,5,1,15000,2024-11-05,40,1,2,7,2
124,7,65,70,2023-05-14,3,3,4,15000,2023-01-24,110,6,2,7,1
438,10,95,92,2024-01-05,5,5,3,15000,2023-07-18,171,5,3,5,2
201,9,87,84,2023-12-15,9,9,2,15000,2023-07-11,157,1,2,5,2
107,1,5,3,2025-03-15,7,7,2,7119,2025-01-01,73,5,2,6,3
271,3,22,23,2023-03-18,5,5,4,15000,2023-02-18,28,7,1,6,1
319,9,85,87,2023-08-14,7,7,4,15000,2023-03-04,163,9,2,1,2
262,10,96,92,2023-08-08,8,8,2,15000,2023-07-25,14,3,2,2,3
454,5,50,49,2024-08-03,3,3,1,1992,2024-07-09,25,7,5,6,1
293,5,44,47,2023-12-24,4,4,3,15000,2023-10-05,80,4,5,7,1
411,10,99,100,2023-03-29,2,2,1,8266,2023-01-15,73,2,5,3,2
310,9,90,82,2023-10-31,3,3,1,15000,2023-09-19,42,10,3,2,2
106,4,36,35,2024-08-25,3,3,1,2387,2024-03-10,168,5,3,7,2
190,2,19,16,2024-03-30,7,7,1,1447,2023-11-05,146,8,1,6,1
335,1,10,2,2025-02-26,4,4,4,15000,2025-02-12,14,4,3,3,3
53,9,82,85,2023-04-02,7,7,3,9761,2023-01-11,81,7,4,7,1
105,8,75,80,2024-12-29,2,2,4,15000,2024-08-24,127,1,5,7,1
240,6,55,52,2025-07-13,5,5,1,4175,2025-02-11,152,3,1,7,2
244,8,79,73,2024-07-24,10,10,2,15000,2024-02-13,162,1,1,3,2
136,7,67,63,2024-06-30,4,4,2,15000,2024-03-09,113,6,2,7,2
43,8,71,74,2023-08-02,7,7,4,2673,2023-05-16,78,6,4,3,3
485,3,27,24,2024-04-15,10,10,1,15000,2024-04-14,1,2,3,1,3
178,8,76,74,2025-01-12,9,9,2,15000,2024-10-02,102,10,1,7,3
420,1,9,8,2023-05-27,3,3,2,14893,2023-02-09,107,6,3,6,1
347,8,72,76,2023-08-22,5,5,2,15000,2023-03-10,165,1,4,2,2
161,6,54,59,2025-10-03,9,9,3,15000,2025-07-24,71,7,1,5,3
320,5,45,47,2024-12-09,6,6,1,406,2024-06-15,177,7,3,1,1
333,3,22,23,2024-04-01,1,1,3,15000,2024-02-02,59,4,2,1,2
385,7,64,70,2024-06-03,2,2,1,13735,2024-03-06,89,9,1,1,2
427,2,18,12,2024-01-30,2,2,1,2882,2023-08-09,174,6,2,2,1
266,10,97,100,2023-07-15,3,3,2,9308,2023-03-17,120,5,5,6,1
203,9,88,84,2025-03-01,3,3,2,15000,2024-12-21,70,7,5,6,1
480,3,25,29,2024-10-30,10,10,2,5178,2024-10-12,18,4,5,3,2
25,6,53,59,2025-04-26,2,2,3,15000,2025-03-13,44,10,4,6,1
473,4,36,40,2023-12-07,3,3,1,12091,2023-11-29,8,2,3,4,2
315,4,38,34,2023-07-07,1,1,3,15000,2023-02-14,143,8,4,5,2
5,8,72,75,2023-01-21,6,6,1,542,2022-08-25,149,9,2,6,3
58,2,20,14,2024-09-25,9,9,1,7808,2024-06-19,98,7,2,3,2
377,10,97,98,2024-03-16,4,4,1,11653,2024-02-27,18,5,2,6,3
196,2,18,20,2025-08-31,2,2,2,1766,2025-05-19,104,3,5,7,1
440,2,12,18,2024-07-14,5,5,3,15000,2024-03-04,132,5,1,7,2
196,4,39,37,2023-08-18,5,5,1,533,2023-06-19,60,10,5,5,2
78,8,76,74,2023-10-19,7,7,3,15000,2023-06-21,120,4,2,4,2
128,8,75,73,2023-01-10,7,7,1,15000,2022-09-27,105,3,3,2,2
369,5,44,46,2025-07-24,7,7,3,15000,2025-07-22,2,9,5,4,1
404,6,51,59,2023-02-02,10,10,2,11274,2022-09-24,131,6,3,4,2
262,9,85,89,2025-12-18,1,1,4,15000,2025-07-23,148,5,4,4,1
218,8,77,78,2023-09-29,3,3,2,8571,2023-04-23,159,3,5,5,2
452,8,76,79,2025-06-19,5,5,4,15000,2025-04-09,71,5,2,4,1
369,4,35,37,2023-03-04,6,6,3,12063,2022-11-25,99,9,1,6,1
293,8,76,71,2025-09-06,8,8,1,8874,2025-05-23,106,2,2,6,1
447,10,98,93,2025-01-06,6,6,3,15000,2024-11-14,53,6,2,1,1
44,8,74,73,2025-04-03,9,9,3,15000,2024-10-09,176,8,1,4,1
278,2,17,19,2025-06-08,6,6,2,15000,2025-05-25,14,1,5,7,1
432,8,80,73,2024-03-13,6,6,3,15000,2023-09-30,165,10,1,3,1
324,6,58,52,2025-11-10,3,3,1,277,2025-07-20,113,10,4,1,2
386,1,7,2,2023-05-18,2,2,2,15000,2023-02-26,81,5,2,4,3
18,3,30,29,2025-07-08,10,10,3,15000,2025-06-29,9,10,2,2,1
325,3,28,29,2025-12-27,7,7,4,15000,2025-09-26,92,5,4,6,3
415,1,5,4,2025-11-30,8,8,3,15000,2025-07-24,129,5,3,7,2
203,9,85,87,2024-09-04,3,3,1,6571,2024-07-06,60,7,4,3,3
27,8,77,80,2025-07-24,3,3,2,15000,2025-02-14,160,9,2,4,2
275,7,70,69,2023-04-23,7,7,4,15000,2023-04-22,1,9,1,7,2
221,7,70,63,2023-08-15,6,6,4,15000,2023-07-30,16,7,5,2,2
376,8,75,74,2023-01-06,7,7,2,15000,2022-12-20,17,4,5,5,1
442,4,32,34,2025-02-24,4,4,4,15000,2025-01-01,54,7,4,1,1
305,5,47,44,2023-03-30,6,6,3,15000,2023-01-18,71,7,4,4,2
306,2,18,14,2025-01-02,8,8,4,15000,2024-08-31,124,4,4,4,3
304,5,41,43,2024-02-29,4,4,1,10257,2023-12-25,66,10,4,4,1
326,6,54,51,2023-03-29,10,10,4,15000,2023-02-07,50,5,2,3,1
383,10,91,99,2025-07-09,8,8,2,15000,2025-05-19,51,2,2,3,2
59,1,1,10,2023-09-22,7,7,2,15000,2023-05-05,140,1,1,5,2
460,10,96,93,2024-04-27,8,8,3,15000,2024-03-19,39,10,4,6,2
198,9,90,82,2025-08-20,2,2,2,15000,2025-07-11,40,8,5,3,2
188,3,29,25,2024-08-15,9,9,2,15000,2024-07-26,20,9,1,4,2
18,2,11,17,2024-04-06,7,7,4,15000,2023-11-13,145,3,2,6,2
7,9,90,83,2024-08-08,2,2,4,15000,2024-06-30,39,6,2,4,1
266,10,96,95,2024-04-05,6,6,3,15000,2024-01-31,65,7,3,5,3
496,10,94,92,2024-05-13,2,2,4,7773,2023-12-05,160,3,5,1,3
431,10,96,92,2025-08-19,2,2,4,15000,2025-07-07,43,9,4,2,1
363,8,75,78,2025-09-04,7,7,4,3119,2025-04-19,138,9,2,4,3
360,10,100,92,2025-03-18,6,6,4,15000,2025-01-05,72,2,2,2,3
226,10,96,91,2025-02-11,2,2,1,9937,2025-01-08,34,6,4,2,1
348,2,20,11,2025-06-11,2,2,2,2392,2025-03-20,83,5,5,3,2
100,4,35,33,2023-10-12,9,9,3,15000,2023-06-24,110,4,1,4,2
132,3,24,26,2025-12-04,3,3,2,15000,2025-09-15,80,1,3,4,1
120,10,94,92,2023-05-01,1,1,1,4208,2023-04-11,20,9,3,1,1
321,4,39,37,2025-01-02,10,10,2,15000,2024-11-03,60,4,4,4,2
53,10,100,94,2024-01-14,6,6,2,15000,2023-08-02,165,1,3,7,2
229,5,46,47,2025-03-27,6,6,1,5400,2024-12-09,108,9,5,4,1
395,10,94,100,2023-01-16,6,6,4,15000,2022-09-11,127,9,4,1,1
63,5,46,48,2023-11-24,8,8,4,15000,2023-10-13,42,2,3,5,1
487,1,1,5,2024-12-14,4,4,4,15000,2024-10-17,58,8,5,6,1
291,3,25,28,2025-12-25,7,7,4,15000,2025-10-06,80,6,5,4,1
373,8,76,72,2024-07-07,10,10,1,4761,2024-04-30,68,6,1,7,1
351,9,84,90,2023-04-21,1,1,2,15000,2022-10-25,178,3,2,5,3
235,8,73,77,2024-10-07,4,4,1,13523,2024-07-08,91,10,3,1,2
166,1,1,10,2024-08-26,1,1,2,15000,2024-03-18,161,8,5,1,2
416,8,77,78,2024-02-17,7,7,1,13671,2023-09-06,164,5,4,6,1
298,6,57,53,2023-12-24,1,1,2,9627,2023-12-05,19,9,3,7,2
47,10,95,96,2024-03-13,10,10,4,15000,2023-09-17,178,4,4,3,3
272,4,36,37,2025-03-26,3,3,2,5755,2025-02-28,26,7,1,3,1
9,8,73,74,2024-07-09,6,6,2,14933,2024-02-05,155,3,2,2,1
368,5,43,42,2023-04-17,5,5,1,6056,2023-01-23,84,7,5,1,3
333,9,85,87,2025-11-06,5,5,1,1823,2025-06-27,132,8,2,4,1
342,3,29,30,2025-06-08,8,8,2,11842,2025-03-20,80,9,2,7,1
249,2,19,14,2025-07-07,5,5,1,7460,2025-06-19,18,8,3,1,1
294,10,96,92,2023-02-21,4,4,3,10861,2022-12-22,61,9,5,2,1
497,7,61,67,2025-02-04,10,10,3,15000,2024-10-05,122,10,3,2,1
187,8,72,80,2024-09-26,7,7,1,14035,2024-08-02,55,2,2,4,1
128,5,47,46,2023-09-27,3,3,2,15000,2023-07-15,74,1,2,3,1
418,2,12,15,2023-02-03,6,6,3,15000,2023-01-01,33,6,5,5,2
317,2,11,20,2024-03-18,3,3,4,15000,2024-02-11,36,5,2,1,3
383,8,80,78,2023-02-28,1,1,2,15000,2023-02-27,1,6,2,2,3
284,7,66,69,2024-07-31,1,1,1,15000,2024-07-12,19,6,3,3,3
273,10,94,97,2023-05-06,10,10,4,15000,2022-12-17,140,10,4,6,3
325,8,76,75,2023-10-27,10,10,2,15000,2023-10-17,10,9,2,5,1
302,10,91,100,2025-08-18,7,7,4,15000,2025-06-22,57,8,5,1,1
323,5,46,45,2024-04-13,1,1,1,12087,2023-12-12,123,4,1,6,2
125,7,67,65,2024-10-18,4,4,1,8429,2024-07-13,97,9,5,5,3
158,7,63,65,2024-09-12,7,7,2,9878,2024-09-10,2,10,4,4,2
293,8,78,80,2025-12-10,5,5,3,15000,2025-10-30,41,5,2,3,2
308,4,31,39,2024-03-01,10,10,1,13614,2024-01-11,50,6,4,5,2
384,8,76,72,2023-12-31,6,6,4,15000,2023-10-18,74,8,3,7,3
435,4,36,34,2025-12-07,2,2,3,15000,2025-10-22,46,1,2,7,3
454,2,19,17,2023-12-28,5,5,3,15000,2023-10-19,70,9,4,4,1
234,9,89,82,2025-01-05,5,5,3,15000,2024-12-26,10,7,3,7,1
172,2,16,15,2025-06-14,10,10,2,11748,2025-03-22,84,1,1,6,3
385,7,70,64,2024-05-21,7,7,2,15000,2023-12-20,153,1,4,2,3
400,9,85,84,2024-04-10,5,5,3,15000,2023-10-19,174,7,2,3,1
134,4,33,35,2024-07-31,3,3,4,15000,2024-05-21,71,4,3,3,1
171,9,87,82,2024-05-16,9,9,4,15000,2024-03-11,66,8,2,4,3
222,3,27,25,2025-09-11,10,10,3,15000,2025-08-26,16,4,4,4,2
383,6,52,59,2024-12-03,3,3,1,15000,2024-10-23,41,5,5,2,3
66,2,17,16,2025-06-05,1,1,2,489,2025-01-14,142,6,1,4,1
478,8,76,74,2024-12-20,3,3,2,15000,2024-07-19,154,5,3,5,2
125,9,87,84,2023-08-12,10,10,3,6866,2023-07-18,25,10,5,6,2
496,5,42,43,2024-05-03,4,4,1,14467,2024-01-20,104,2,3,5,1
261,8,80,76,2024-08-19,6,6,1,1173,2024-06-24,56,9,3,1,2
426,7,63,68,2024-06-24,4,4,2,15000,2024-04-14,71,1,5,1,3
372,10,93,95,2023-09-30,7,7,1,10423,2023-09-20,10,9,4,6,1
300,10,92,98,2024-02-07,6,6,4,15000,2023-10-28,102,6,4,3,2
263,10,99,100,2023-03-01,2,2,4,15000,2022-10-07,145,7,1,3,3
18,9,82,90,2024-08-22,5,5,2,9774,2024-07-14,39,4,5,4,2
463,10,91,97,2025-05-18,7,7,4,15000,2025-04-09,39,9,2,7,1
496,8,71,80,2023-09-15,9,9,3,15000,2023-05-09,129,9,5,5,1
142,2,17,14,2024-06-09,7,7,3,15000,2024-02-12,118,10,5,7,2
53,9,90,89,2023-01-28,7,7,2,15000,2022-09-23,127,6,3,6,2
429,10,94,98,2024-10-09,4,4,1,15000,2024-10-04,5,1,1,3,2
484,5,44,42,2025-08-16,8,8,3,14336,2025-04-25,113,4,4,6,1
228,2,18,16,2025-10-24,9,9,2,9320,2025-09-12,42,6,3,5,1
404,6,59,53,2025-03-02,4,4,4,15000,2025-02-26,4,10,5,7,2
410,5,41,44,2024-02-16,10,10,2,15000,2023-10-14,125,4,1,5,1
109,4,32,31,2025-09-12,4,4,1,13109,2025-06-04,100,6,5,5,3
420,2,17,15,2024-06-25,4,4,1,14056,2024-03-28,89,5,1,2,1
341,2,20,15,2023-05-06,5,5,2,4635,2023-04-04,32,7,5,6,2
65,1,4,6,2024-05-14,7,7,2,7793,2023-12-04,162,9,2,2,1
256,1,7,8,2024-09-16,3,3,1,4766,2024-07-10,68,3,5,1,1
333,7,70,68,2024-12-04,7,7,2,15000,2024-09-13,82,7,3,3,2
426,1,10,2,2023-01-28,2,2,4,15000,2022-11-20,69,6,4,6,3
132,1,5,8,2023-05-05,9,9,1,1580,2022-12-10,146,4,3,5,1
180,9,90,88,2024-11-07,1,1,4,5877,2024-09-19,49,1,1,4,2
158,7,66,62,2024-10-13,9,9,3,15000,2024-07-26,79,1,5,7,2
101,8,77,79,2024-02-26,5,5,3,15000,2023-09-08,171,5,5,1,1
491,9,83,90,2024-10-10,3,3,1,2847,2024-04-13,180,8,2,4,1
34,5,49,47,2025-09-08,7,7,1,3241,2025-08-07,32,2,1,1,2
446,9,87,90,2024-01-04,10,10,4,15000,2023-10-27,69,8,5,4,3
317,9,83,86,2023-03-11,10,10,4,15000,2023-01-16,54,10,4,6,2
251,3,23,27,2025-05-14,2,2,2,6142,2025-01-04,130,5,2,3,2
233,2,16,14,2025-05-01,2,2,2,12869,2025-03-18,44,8,4,4,2
228,7,68,61,2025-06-01,4,4,2,15000,2025-04-03,59,9,2,7,2
172,9,89,90,2024-02-02,9,9,4,15000,2023-12-18,46,8,2,5,3
230,3,27,21,2025-03-25,1,1,2,15000,2025-02-10,43,1,5,2,2
160,1,6,3,2025-09-22,1,1,4,15000,2025-05-17,128,5,2,1,2
217,9,88,90,2025-07-27,5,5,4,15000,2025-06-24,33,8,4,7,2
262,7,64,70,2024-11-16,8,8,2,4699,2024-09-17,60,8,4,6,1
323,5,45,48,2025-03-27,7,7,2,15000,2025-01-26,60,6,2,4,2
315,4,32,31,2023-10-15,9,9,2,15000,2023-05-02,166,3,4,7,2
334,8,76,74,2025-12-16,4,4,4,15000,2025-10-09,68,4,2,2,2
201,3,23,28,2025-08-20,6,6,2,6132,2025-08-04,16,3,3,3,2
116,5,41,50,2023-04-12,5,5,3,15000,2023-02-15,56,6,3,3,1
334,1,6,9,2025-08-26,10,10,3,3684,2025-04-30,118,6,1,2,2
462,2,11,12,2024-08-21,3,3,1,5549,2024-06-18,64,10,3,3,3
428,7,66,61,2025-03-19,6,6,1,6624,2025-02-12,35,3,4,3,2
253,8,78,74,2024-12-13,3,3,1,15000,2024-07-22,144,10,1,5,3
292,9,90,83,2025-02-16,4,4,1,5569,2024-08-23,177,8,3,7,1
120,8,76,71,2024-05-13,6,6,1,9744,2024-05-07,6,6,2,1,2
199,8,71,75,2024-05-28,2,2,2,15000,2024-04-14,44,6,4,2,1
488,7,64,66,2024-02-07,7,7,4,15000,2023-08-24,167,1,3,3,2
279,9,86,90,2025-03-09,1,1,3,15000,2024-09-21,169,10,2,7,2
349,9,90,86,2023-05-31,1,1,2,15000,2023-02-20,100,5,3,3,2
47,4,33,35,2024-12-24,5,5,4,15000,2024-09-11,104,4,5,2,2
254,3,29,28,2024-07-16,5,5,3,14690,2024-03-25,113,10,5,2,1
345,4,34,39,2024-11-20,4,4,4,15000,2024-10-21,30,3,4,3,1
452,10,97,95,2024-12-21,1,1,1,5602,2024-08-05,138,10,1,6,1
4,10,92,100,2024-07-10,4,4,2,15000,2024-06-10,30,1,4,3,2
189,4,32,39,2024-01-18,6,6,2,15000,2023-10-19,91,5,4,4,1
329,3,23,22,2023-03-02,7,7,1,619,2022-10-14,139,3,3,4,1
365,5,44,49,2023-07-22,6,6,3,15000,2023-04-07,106,5,2,6,1
315,3,26,23,2024-05-11,8,8,1,14310,2023-12-01,162,1,2,6,2
396,7,62,66,2023-10-10,3,3,3,9813,2023-04-23,170,7,2,2,2
80,10,93,97,2023-01-06,6,6,2,15000,2022-09-25,103,1,2,5,3
326,4,33,40,2023-11-04,2,2,4,15000,2023-06-08,149,9,1,6,1
460,2,15,11,2024-05-14,3,3,2,5525,2024-03-11,64,6,3,2,2
338,4,34,40,2024-09-26,7,7,4,11452,2024-07-28,60,8,3,4,1
164,9,90,88,2025-03-25,6,6,4,15000,2025-02-28,25,3,1,2,2
151,5,47,50,2023-11-16,3,3,2,15000,2023-10-10,37,6,5,4,3
64,7,63,66,2024-10-18,10,10,4,15000,2024-10-03,15,8,1,5,3
458,6,54,60,2023-08-21,1,1,1,8198,2023-06-22,60,2,4,1,1
242,6,54,52,2023-03-26,7,7,2,13462,2023-02-27,27,8,4,7,2
82,3,23,29,2023-05-22,8,8,4,15000,2023-02-18,93,8,2,1,3
255,7,67,68,2025-08-04,7,7,3,9953,2025-04-16,110,5,2,1,2
82,8,78,77,2023-04-30,9,9,2,15000,2023-02-17,72,4,4,7,3
131,5,44,43,2023-08-13,8,8,3,15000,2023-07-14,30,9,3,7,3
159,1,1,7,2023-08-22,8,8,3,15000,2023-05-19,95,10,5,2,1
424,9,83,81,2024-04-01,3,3,2,15000,2023-11-16,137,4,3,1,1
6,4,33,35,2023-07-29,4,4,4,15000,2023-03-10,141,8,5,6,3
475,4,37,36,2025-04-09,3,3,1,5515,2025-02-23,45,3,5,3,2
150,7,67,64,2024-02-08,4,4,3,15000,2024-01-06,33,9,2,4,1
307,4,33,31,2024-10-11,2,2,4,1487,2024-07-20,83,7,2,5,1
192,4,38,33,2023-03-22,2,2,1,13668,2022-11-04,138,10,4,3,1
262,1,1,6,2025-10-08,2,2,1,7750,2025-10-05,3,6,3,3,1
411,10,100,92,2025-02-22,7,7,4,15000,2024-11-09,105,8,3,6,3
435,4,39,35,2025-05-14,5,5,4,15000,2025-04-16,28,5,4,3,3
157,6,59,53,2025-08-12,7,7,3,15000,2025-06-15,58,10,4,2,2
89,3,23,27,2023-03-26,9,9,2,7814,2022-11-08,138,6,4,7,3
306,5,45,48,2023-03-17,7,7,4,15000,2022-09-30,168,1,5,5,2
301,7,67,66,2023-02-08,5,5,3,15000,2022-11-21,79,9,4,3,2
77,4,31,35,2024-03-12,3,3,2,2636,2024-02-02,39,4,2,2,3
164,6,57,56,2023-04-02,8,8,2,15000,2023-02-12,49,10,5,7,3
97,6,54,53,2023-02-04,2,2,4,15000,2022-08-29,159,5,5,6,2
259,1,1,8,2023-08-11,1,1,4,3623,2023-05-21,82,4,4,5,1
154,2,11,20,2025-12-27,1,1,2,15000,2025-09-10,108,10,4,6,1
424,6,52,58,2024-10-04,1,1,4,15000,2024-07-12,84,2,5,5,1
68,7,62,63,2025-12-18,1,1,1,2620,2025-07-10,161,7,1,4,1
66,6,53,57,2024-08-10,10,10,2,15000,2024-03-29,134,8,5,6,2
400,6,56,57,2025-12-13,9,9,4,14104,2025-06-26,170,5,4,6,2
485,4,33,40,2025-05-18,10,10,4,15000,2025-03-14,65,5,5,7,2
442,8,78,74,2025-09-19,10,10,2,15000,2025-07-14,67,6,1,5,3
249,2,16,11,2024-08-19,8,8,1,2282,2024-04-07,134,2,2,1,2
491,7,62,68,2024-03-10,9,9,4,15000,2024-01-07,63,8,3,7,1
375,6,54,51,2025-10-24,8,8,2,1374,2025-05-14,163,2,1,5,1
358,9,89,82,2023-02-20,8,8,1,11832,2023-01-25,26,8,4,1,1
268,5,46,50,2023-10-18,3,3,2,4361,2023-09-26,22,2,5,3,1
297,9,85,88,2024-08-01,10,10,1,8906,2024-03-09,145,3,3,4,2
369,4,38,40,2025-03-24,7,7,2,15000,2024-10-10,165,10,2,1,1
442,2,19,14,2024-03-22,8,8,4,15000,2023-12-07,106,2,2,5,2
110,5,49,45,2023-09-26,5,5,3,15000,2023-07-30,58,8,5,2,2
136,6,54,53,2023-05-28,10,10,1,4873,2023-05-18,10,3,2,7,2
34,4,40,33,2024-08-27,9,9,3,13216,2024-03-17,163,6,4,2,3
369,5,45,44,2023-07-14,4,4,1,12508,2023-01-18,177,2,4,5,2
194,9,90,86,2023-07-22,8,8,1,930,2023-02-11,161,5,2,6,2
156,8,77,79,2023-03-27,8,8,3,6337,2022-12-22,95,7,1,1,2
378,2,20,16,2024-03-03,2,2,1,5807,2023-10-20,135,4,5,7,3
356,3,23,27,2024-03-01,6,6,2,9624,2024-01-22,39,7,1,5,2
158,9,82,85,2023-11-24,2,2,4,15000,2023-06-24,153,9,1,5,2
143,7,67,66,2024-10-29,7,7,2,15000,2024-10-11,18,7,3,2,1
2,7,67,65,2025-01-04,3,3,1,6048,2024-09-16,110,7,3,6,1
328,4,36,37,2023-04-23,3,3,2,15000,2023-02-13,69,8,1,7,1
489,9,90,86,2025-01-14,5,5,2,12942,2024-09-18,118,10,5,2,1
183,10,93,91,2023-06-03,6,6,2,9744,2023-05-23,11,1,5,6,1
490,9,85,90,2023-05-26,6,6,2,15000,2023-05-20,6,9,5,5,2
45,9,87,84,2025-02-10,9,9,3,15000,2024-09-17,146,4,1,1,2
63,5,43,47,2025-12-26,5,5,4,15000,2025-11-05,51,6,2,5,3
134,2,17,14,2023-02-02,1,1,1,15000,2023-01-26,7,10,2,4,1
218,5,47,41,2024-10-11,7,7,3,15000,2024-06-18,115,8,2,5,1
423,8,78,80,2024-07-19,6,6,2,1262,2024-06-24,25,1,4,5,1
434,2,17,16,2025-10-06,1,1,1,15000,2025-04-30,159,2,3,1,3
215,8,79,77,2024-11-26,8,8,4,15000,2024-09-29,58,6,3,2,1
185,3,25,30,2024-11-15,1,1,4,15000,2024-06-15,153,8,2,5,1
225,8,74,76,2025-06-23,10,10,1,11848,2025-03-17,98,9,5,1,1
403,10,96,93,2025-04-07,1,1,3,15000,2025-03-10,28,3,4,1,3
160,4,32,37,2024-06-03,10,10,1,15000,2024-01-26,129,2,2,1,3
98,6,58,52,2023-07-30,2,2,4,15000,2023-05-15,76,3,2,7,2
18,2,20,15,2025-09-06,2,2,3,3980,2025-07-20,48,5,2,6,2
124,8,75,76,2025-02-19,5,5,4,15000,2024-08-29,174,8,1,3,2
317,6,60,59,2024-05-22,1,1,2,8604,2023-12-24,150,10,5,3,1
192,5,41,45,2023-07-09,7,7,3,15000,2023-04-18,82,3,3,7,1
377,6,52,60,2024-03-17,5,5,4,15000,2023-11-06,132,6,3,7,1
242,9,86,90,2024-03-25,8,8,2,15000,2023-12-28,88,5,1,1,3
444,7,61,66,2025-09-14,10,10,1,15000,2025-04-04,163,4,2,7,2
208,10,98,94,2023-10-15,8,8,3,15000,2023-09-04,41,8,3,7,1
294,7,70,64,2024-11-11,8,8,4,15000,2024-06-12,152,10,5,1,1
433,9,90,81,2023-01-06,1,1,2,15000,2022-12-24,13,6,3,5,3
26,10,98,91,2024-10-18,8,8,4,15000,2024-07-17,93,4,1,5,1
106,6,60,57,2023-07-21,3,3,2,4052,2023-04-22,90,9,2,5,3
62,3,28,29,2023-10-04,3,3,3,1091,2023-09-14,20,10,2,3,3
132,8,75,79,2023-01-02,1,1,4,15000,2022-09-17,107,8,4,1,1
282,6,56,52,2025-02-04,1,1,2,954,2024-09-11,146,6,1,2,2
260,8,72,77,2024-03-17,4,4,3,15000,2024-01-13,64,2,3,7,1
357,7,63,62,2024-12-24,8,8,1,6543,2024-09-13,102,2,5,2,3
318,9,85,83,2025-08-31,10,10,3,8224,2025-05-31,92,5,3,7,1
494,9,84,81,2025-03-21,5,5,1,8019,2024-10-14,158,7,5,5,1
57,9,84,86,2025-12-13,8,8,1,4458,2025-07-14,152,1,2,6,2
317,4,36,34,2023-10-14,2,2,2,1356,2023-04-28,169,3,1,6,2
133,6,58,52,2025-04-09,3,3,2,15000,2024-11-08,152,2,4,3,2
388,3,23,24,2025-04-20,8,8,3,15000,2025-03-06,45,1,4,7,1
343,7,66,69,2024-12-13,2,2,2,15000,2024-08-12,123,2,1,5,1
11,9,81,82,2025-12-28,6,6,1,4066,2025-09-04,115,3,3,7,1
462,5,46,49,2023-03-25,4,4,2,8840,2022-12-30,85,7,4,6,1
485,7,66,61,2024-11-09,4,4,4,15000,2024-07-17,115,8,2,6,2
123,9,89,86,2024-06-04,5,5,4,10312,2024-02-17,108,10,2,2,2
30,6,53,55,2025-06-26,10,10,2,15000,2025-04-28,59,7,2,4,3
328,3,29,28,2025-05-11,10,10,3,15000,2025-02-12,88,9,5,7,2
136,3,29,21,2024-05-15,9,9,3,15000,2024-03-13,63,4,4,3,3
11,3,29,23,2024-05-10,9,9,1,6268,2024-04-17,23,4,4,5,2
420,10,93,95,2025-06-26,10,10,4,15000,2025-01-16,161,5,3,4,1
434,4,38,32,2023-08-24,8,8,4,11529,2023-05-16,100,3,2,4,1
28,10,99,98,2023-02-26,10,10,3,11162,2022-09-01,178,2,2,7,1
290,7,61,63,2023-04-27,4,4,3,15000,2022-11-14,164,8,5,4,2
72,9,87,84,2025-09-08,5,5,4,15000,2025-04-04,157,3,5,1,3
386,10,95,91,2025-09-27,2,2,2,8721,2025-07-03,86,5,1,6,2
25,10,99,96,2024-01-20,5,5,2,5600,2023-09-30,112,6,4,6,2
234,7,66,65,2023-04-18,7,7,3,15000,2023-04-09,9,9,5,2,2
11,6,59,58,2025-03-11,6,6,1,7443,2024-10-11,151,1,3,2,2
199,6,54,53,2024-02-22,2,2,2,15000,2023-09-25,150,3,2,4,1
70,8,77,74,2024-07-12,6,6,3,15000,2024-04-19,84,6,3,5,1
245,3,30,29,2023-04-18,5,5,2,15000,2023-03-03,46,6,5,2,3
12,4,33,37,2024-04-28,9,9,1,4452,2024-02-14,74,9,1,7,1
41,7,66,61,2023-09-15,2,2,1,6497,2023-05-15,123,10,5,5,2
404,10,95,96,2023-08-09,5,5,3,15000,2023-04-29,102,7,3,3,1
148,7,70,66,2023-05-07,9,9,1,7522,2023-04-22,15,3,2,7,2
106,2,14,20,2024-04-13,8,8,4,15000,2024-02-08,65,3,5,6,1
490,2,16,18,2023-03-03,3,3,3,15000,2022-10-30,124,3,5,5,2
261,5,47,50,2024-10-15,6,6,4,15000,2024-06-23,114,8,5,2,3
266,6,60,51,2023-10-04,1,1,2,3054,2023-09-10,24,10,2,3,1
427,6,52,53,2023-01-17,9,9,1,6676,2022-12-03,45,4,2,2,1
244,7,70,63,2023-01-28,2,2,2,11496,2022-08-05,176,9,3,6,1
494,8,80,73,2023-08-26,9,9,2,15000,2023-04-04,144,3,4,6,3
200,7,61,62,2023-09-27,6,6,2,15000,2023-05-22,128,5,3,3,2
437,10,94,96,2025-11-14,3,3,1,14095,2025-08-19,87,1,1,5,3
479,6,59,52,2023-02-16,9,9,3,15000,2022-09-07,162,3,4,4,3
238,2,14,13,2023-06-25,3,3,4,15000,2023-01-27,149,4,1,7,3
301,10,100,99,2025-12-06,10,10,1,1528,2025-10-24,43,3,4,6,2
386,2,16,18,2024-04-04,10,10,1,7443,2023-10-12,175,7,3,4,3
58,10,94,100,2025-01-16,2,2,2,6648,2024-11-02,75,8,3,4,3
17,6,59,58,2023-03-31,7,7,4,15000,2022-11-11,140,8,3,5,1
391,8,78,73,2025-10-25,1,1,3,15000,2025-08-13,73,6,2,6,2
442,2,19,20,2024-04-26,9,9,1,11562,2024-03-26,31,6,2,5,1
88,8,76,77,2023-04-20,4,4,4,15000,2023-02-16,63,4,5,4,1
59,3,25,23,2025-10-13,10,10,3,9363,2025-05-05,161,2,4,1,2
278,10,97,99,2024-05-13,3,3,4,15000,2024-05-12,1,8,3,1,1
368,7,66,64,2023-10-19,2,2,3,15000,2023-07-16,95,5,1,4,3
324,4,32,36,2025-12-25,3,3,1,13115,2025-10-05,81,4,3,4,1
392,9,85,84,2023-04-10,1,1,3,14304,2023-02-16,53,3,5,1,2
313,4,34,33,2023-05-29,9,9,3,15000,2023-03-23,67,2,2,1,1
232,1,7,5,2023-08-06,3,3,3,15000,2023-07-24,13,5,4,7,1
324,5,44,47,2023-07-22,5,5,2,15000,2023-06-26,26,3,3,6,2
437,6,60,57,2024-06-05,6,6,3,10550,2024-04-27,39,3,1,3,1
289,2,16,14,2025-02-25,7,7,4,15000,2024-12-02,85,9,3,2,2
74,6,55,60,2023-05-01,8,8,4,8756,2023-04-02,29,2,2,1,1
70,5,46,48,2023-12-13,7,7,4,8236,2023-12-08,5,2,2,3,2
420,3,23,25,2024-03-03,10,10,4,15000,2023-11-16,108,7,3,7,3
428,1,1,2,2025-05-20,5,5,2,15000,2024-11-24,177,9,3,2,3
307,6,55,51,2025-07-10,4,4,3,15000,2025-03-10,122,7,1,4,3
281,7,70,64,2025-03-08,9,9,3,15000,2025-01-20,47,10,1,6,1
379,1,10,3,2024-07-07,6,6,1,6363,2024-04-20,78,5,4,7,2
87,8,80,71,2025-02-10,8,8,4,15000,2024-10-24,109,8,3,1,1
327,7,65,61,2025-09-09,6,6,1,9787,2025-05-02,130,2,1,2,3
104,2,16,15,2024-07-10,9,9,4,15000,2024-07-02,8,5,1,3,1
414,7,65,67,2024-06-25,5,5,2,15000,2024-03-17,100,7,3,2,1
324,3,26,23,2023-06-01,8,8,1,15000,2023-02-16,105,4,4,4,1
353,10,91,97,2024-04-29,10,10,2,15000,2023-12-31,120,7,3,1,2
245,7,65,70,2024-08-26,10,10,2,1963,2024-05-28,90,4,5,1,2
478,2,19,11,2023-08-23,2,2,2,5893,2023-06-26,58,4,5,3,2
186,5,49,41,2024-08-06,8,8,3,15000,2024-05-21,77,10,1,2,3
233,4,31,38,2024-04-06,4,4,4,15000,2023-12-08,120,8,4,6,2
392,5,46,44,2025-02-07,7,7,3,15000,2024-10-15,115,8,3,5,1
171,2,16,20,2023-01-23,3,3,1,15000,2022-08-23,153,4,1,1,2
240,2,20,11,2023-07-31,6,6,1,3584,2023-05-12,80,3,2,1,3
32,4,38,40,2023-02-17,6,6,3,15000,2023-01-04,44,7,5,5,3
490,2,15,20,2024-10-25,2,2,4,15000,2024-08-29,57,1,2,5,1
415,10,97,100,2024-09-08,1,1,2,15000,2024-04-21,140,8,2,7,1
400,4,31,38,2024-02-23,9,9,4,4547,2024-01-17,37,7,4,5,2
233,8,78,79,2023-10-23,3,3,2,15000,2023-10-22,1,7,3,1,3
500,5,47,46,2023-05-29,3,3,4,15000,2023-03-10,80,4,4,1,2
307,8,72,73,2023-08-22,10,10,1,1651,2023-06-08,75,10,1,2,1
230,6,52,58,2023-05-25,3,3,2,15000,2022-12-28,148,9,4,4,1
83,5,43,42,2023-05-31,4,4,2,6650,2023-05-16,15,5,4,3,2
13,1,8,7,2024-07-13,1,1,2,1403,2024-01-18,177,10,2,6,1
225,10,93,92,2023-11-08,4,4,4,15000,2023-08-28,72,4,4,3,3
84,2,18,19,2025-03-23,10,10,2,15000,2025-01-14,68,4,1,7,1
175,4,33,36,2023-05-13,5,5,3,15000,2022-11-25,169,1,3,6,3
303,7,70,68,2024-09-02,8,8,1,1966,2024-05-16,109,4,4,1,1
53,2,19,11,2025-08-25,5,5,2,15000,2025-04-11,136,6,3,1,1
178,4,37,35,2024-04-06,6,6,4,15000,2023-12-12,116,2,2,6,2
232,2,18,11,2025-09-22,7,7,2,10090,2025-07-13,71,6,4,1,1
351,1,4,7,2024-10-27,6,6,4,15000,2024-07-01,118,7,4,7,2
497,2,18,17,2023-04-06,8,8,3,15000,2023-01-12,84,6,3,4,2
103,7,61,65,2025-01-04,3,3,2,15000,2024-10-21,75,7,1,6,2
41,7,69,65,2024-03-12,4,4,1,15000,2024-02-10,31,1,2,2,2
155,6,53,56,2023-09-18,10,10,1,13199,2023-05-05,136,1,3,1,2
6,3,27,22,2025-08-06,7,7,3,15000,2025-03-06,153,2,1,3,1
399,3,22,21,2024-06-30,1,1,2,15000,2024-06-16,14,7,3,7,1
210,6,60,55,2024-04-25,4,4,1,1818,2024-02-15,70,6,5,4,2
47,2,16,19,2025-12-04,8,8,1,1661,2025-08-15,111,10,1,4,2
383,9,86,82,2023-04-23,1,1,3,937,2023-03-30,24,4,4,7,2
406,8,77,80,2025-03-29,8,8,4,2501,2024-12-12,107,1,4,6,2
219,10,99,95,2025-06-30,1,1,2,1335,2025-05-14,47,8,5,1,3
31,9,90,83,2025-08-22,3,3,1,8541,2025-03-15,160,7,4,5,2
422,6,51,58,2024-10-30,8,8,3,15000,2024-09-18,42,7,2,3,2
354,4,35,34,2024-04-14,2,2,3,1239,2024-03-25,20,8,3,7,2
322,3,24,27,2025-01-30,8,8,1,15000,2024-09-03,149,10,3,4,2
218,2,15,19,2024-10-23,8,8,3,15000,2024-07-24,91,9,4,3,2
66,2,17,19,2025-08-20,1,1,2,15000,2025-03-15,158,10,2,3,1
254,3,27,29,2024-08-06,5,5,3,15000,2024-03-29,130,8,5,2,1
478,3,25,23,2024-09-22,4,4,1,12470,2024-05-11,134,10,1,7,1
482,6,60,51,2024-03-03,7,7,3,15000,2024-01-24,39,10,3,7,2
170,5,46,44,2024-09-14,8,8,4,13071,2024-07-08,68,6,3,6,2
146,9,86,90,2023-04-28,2,2,3,14537,2022-11-11,168,4,2,5,1
327,1,10,3,2025-01-28,10,10,1,12249,2024-12-17,42,5,1,2,1
98,9,88,84,2023-06-04,7,7,2,15000,2023-04-02,63,4,5,7,2
365,10,94,93,2023-02-13,5,5,3,15000,2023-01-20,24,9,5,1,1
316,8,76,77,2023-01-30,3,3,4,15000,2022-08-04,179,3,2,1,3
106,6,57,52,2024-05-29,2,2,2,15000,2024-02-09,110,6,5,3,2
202,2,14,13,2024-12-18,10,10,1,10126,2024-09-06,103,7,4,3,3
88,7,67,70,2023-05-30,6,6,3,15000,2023-01-26,124,7,4,2,1
175,1,4,7,2025-08-10,2,2,4,8450,2025-04-28,104,2,1,7,1
7,1,5,9,2025-01-31,1,1,3,15000,2025-01-22,9,9,3,5,2
429,6,53,59,2025-09-17,3,3,1,15000,2025-09-08,9,4,4,3,2
167,3,26,29,2024-03-25,5,5,3,6677,2024-01-08,77,7,2,1,2
82,1,1,4,2025-12-07,4,4,3,15000,2025-09-13,85,8,1,7,3
438,6,53,54,2024-11-11,4,4,2,12668,2024-08-14,89,3,3,1,1
168,7,62,65,2025-04-13,2,2,3,15000,2025-01-22,81,10,3,7,1
477,6,58,60,2025-12-24,9,9,1,1622,2025-12-12,12,2,1,3,2
228,9,85,88,2024-07-05,3,3,2,10931,2024-01-31,156,9,4,5,1
444,1,6,8,2023-10-13,1,1,3,3773,2023-07-03,102,10,5,5,2
314,6,58,53,2025-08-16,5,5,2,11893,2025-05-26,82,2,3,6,1
306,2,17,14,2024-05-01,1,1,2,3354,2024-04-27,4,1,4,3,2
377,8,78,76,2025-06-24,9,9,4,15000,2025-05-25,30,2,3,2,3
484,9,89,81,2024-08-06,9,9,4,15000,2024-05-14,84,6,4,2,2
364,3,21,25,2025-03-02,3,3,3,15000,2025-01-30,31,9,4,7,2
59,8,72,74,2024-12-19,5,5,2,15000,2024-12-17,2,8,2,4,2
333,9,84,85,2025-01-14,5,5,1,8323,2024-12-01,44,9,3,2,3
479,5,49,44,2025-01-20,5,5,2,10550,2024-12-05,46,9,1,1,1
94,1,8,3,2024-05-29,2,2,1,5970,2023-12-17,164,4,3,3,1
263,3,25,23,2024-12-04,1,1,2,4331,2024-08-04,122,4,1,3,3
442,9,87,85,2025-03-07,7,7,1,6234,2024-10-02,156,5,4,5,2
271,4,33,37,2023-07-06,4,4,2,10084,2023-03-11,117,3,4,4,3
274,6,52,51,2023-10-18,2,2,3,15000,2023-06-04,136,4,4,3,1
26,6,53,60,2025-03-25,10,10,2,15000,2025-03-10,15,6,2,2,2
432,10,97,96,2024-05-22,6,6,3,15000,2024-02-12,100,8,3,3,3
347,5,44,50,2025-03-16,10,10,4,15000,2025-03-03,13,9,1,7,2
234,9,84,82,2023-05-05,1,1,4,5844,2023-01-06,119,1,2,5,2
201,1,2,9,2025-07-29,7,7,3,15000,2025-06-07,52,2,1,2,1
16,2,19,13,2025-04-05,5,5,3,15000,2025-03-11,25,9,4,6,1
162,6,60,59,2023-04-23,10,10,1,15000,2022-12-18,126,5,5,7,2
449,7,64,62,2024-01-24,3,3,3,15000,2023-12-23,32,5,1,3,2
494,9,81,86,2024-09-29,10,10,3,15000,2024-08-10,50,10,2,7,2
419,6,57,58,2024-04-30,2,2,2,15000,2024-04-08,22,1,3,2,1
272,1,1,5,2024-04-05,1,1,3,9233,2023-12-20,107,1,1,5,3
472,6,57,54,2025-03-04,8,8,4,15000,2025-02-18,14,7,3,2,1
257,4,38,31,2025-03-27,5,5,2,1714,2024-11-09,138,6,1,4,1
357,5,49,43,2023-02-14,1,1,1,969,2022-09-03,164,9,5,2,2
495,5,49,42,2024-08-13,3,3,3,15000,2024-04-14,121,10,4,2,2
74,10,94,96,2025-01-13,9,9,2,3246,2024-12-01,43,3,1,1,2
124,1,6,8,2023-06-17,3,3,4,15000,2023-03-24,85,10,3,6,1
51,7,66,61,2024-09-28,6,6,2,15000,2024-05-24,127,5,5,6,1
304,3,24,21,2023-12-23,8,8,2,15000,2023-09-27,87,5,4,6,1
288,4,40,38,2023-10-05,8,8,3,15000,2023-09-02,33,10,2,4,2
25,3,24,28,2024-09-14,8,8,3,775,2024-06-21,85,10,3,6,2
91,6,51,52,2024-12-04,5,5,1,15000,2024-07-23,134,2,4,3,2
357,6,56,55,2025-06-30,10,10,2,15000,2025-04-15,76,5,2,1,1
32,3,28,23,2023-11-18,2,2,2,15000,2023-11-08,10,8,1,6,1
349,8,80,72,2025-12-04,10,10,4,5157,2025-06-28,159,10,3,4,1
335,1,1,2,2025-08-05,8,8,3,15000,2025-04-10,117,8,1,2,2
70,5,45,49,2024-01-23,5,5,3,15000,2023-08-27,149,8,1,2,1
18,3,26,24,2025-04-18,9,9,1,545,2025-01-05,103,7,1,5,1
316,1,3,4,2025-04-15,2,2,4,15000,2025-03-16,30,9,1,2,3
130,2,13,14,2024-05-17,9,9,3,15000,2024-05-16,1,9,1,5,3
391,8,73,77,2023-08-22,10,10,2,10727,2023-06-25,58,3,5,2,2
345,4,35,32,2023-11-25,7,7,2,15000,2023-06-17,161,3,1,6,3
121,8,75,77,2023-01-12,1,1,3,15000,2022-09-19,115,1,3,4,1
375,9,81,90,2025-10-06,7,7,1,2089,2025-10-02,4,2,2,1,2
339,3,24,30,2025-02-22,1,1,3,14022,2025-01-27,26,2,1,6,2
68,10,92,96,2023-08-26,8,8,3,10416,2023-06-04,83,9,3,6,2
357,10,96,94,2024-03-06,9,9,3,1142,2023-11-27,100,9,4,3,1
132,9,85,83,2024-10-15,6,6,1,9410,2024-08-11,65,4,2,2,2
96,8,73,74,2025-10-11,7,7,1,9460,2025-09-08,33,8,4,6,1
433,6,53,56,2023-09-16,4,4,4,15000,2023-06-04,104,5,2,6,2
378,8,76,71,2024-09-05,8,8,4,15000,2024-07-14,53,10,5,4,1
286,2,18,11,2023-10-24,4,4,2,15000,2023-09-15,39,10,4,2,1
486,6,53,51,2024-09-06,10,10,2,13075,2024-08-23,14,5,1,5,3
244,7,68,66,2023-07-29,10,10,2,15000,2023-02-15,164,7,4,6,2
357,6,58,59,2025-09-23,10,10,3,11157,2025-06-03,112,4,2,2,2
360,1,1,5,2024-11-26,7,7,3,15000,2024-05-31,179,8,5,2,2
207,2,19,14,2025-04-04,2,2,1,266,2024-10-24,162,1,2,5,2
477,4,40,37,2025-08-11,8,8,2,9912,2025-07-28,14,6,3,1,3
318,6,59,57,2023-09-27,2,2,2,15000,2023-09-03,24,3,5,3,3
294,4,38,40,2024-03-11,8,8,4,15000,2023-12-12,90,4,2,1,1
226,8,79,74,2024-12-16,5,5,2,4043,2024-08-18,120,2,1,1,2
252,8,71,78,2025-11-16,6,6,3,9243,2025-10-26,21,10,5,7,1
251,4,36,38,2025-10-17,6,6,2,15000,2025-08-24,54,3,3,5,2
358,4,36,37,2024-12-13,5,5,1,1519,2024-06-20,176,3,1,5,1
455,3,21,29,2025-03-26,5,5,4,15000,2025-02-08,46,10,3,3,2
321,1,3,5,2024-03-07,8,8,2,15000,2023-12-30,68,2,4,4,2
84,7,69,66,2023-08-02,8,8,1,1454,2023-05-09,85,1,4,3,1
287,7,69,62,2024-09-14,2,2,3,15000,2024-04-10,157,6,1,6,1
224,1,2,3,2025-09-17,10,10,2,5168,2025-08-31,17,9,3,3,3
36,9,87,89,2025-11-26,10,10,2,15000,2025-11-23,3,1,3,3,1
61,8,71,78,2024-06-04,2,2,1,6175,2024-02-08,117,3,3,2,1
482,10,100,91,2024-08-17,1,1,3,15000,2024-05-10,99,4,5,6,2
321,1,3,2,2023-04-11,6,6,4,15000,2022-12-05,127,8,4,2,1
292,7,64,63,2025-07-02,9,9,1,15000,2025-02-23,129,7,2,3,3
435,3,22,30,2025-07-28,1,1,1,1709,2025-05-13,76,9,2,1,1
175,4,31,35,2023-12-23,5,5,4,15000,2023-08-06,139,8,5,6,1
19,1,8,9,2023-11-23,4,4,4,15000,2023-08-05,110,6,1,4,2
248,1,9,8,2023-11-10,4,4,3,15000,2023-06-22,141,4,3,5,3
220,8,76,77,2025-12-13,7,7,1,6129,2025-10-13,61,7,3,6,1
221,3,24,27,2024-09-15,3,3,3,15000,2024-09-03,12,2,5,7,2
152,7,64,69,2023-07-15,5,5,2,15000,2023-01-28,168,10,3,6,1
433,10,92,93,2023-09-01,10,10,1,3225,2023-07-24,39,5,1,5,2
495,6,54,58,2024-02-14,2,2,2,15000,2024-01-17,28,4,2,3,2
328,7,66,62,2024-04-22,8,8,1,11396,2024-01-31,82,8,5,1,2
190,8,79,71,2025-02-24,2,2,3,9022,2024-10-24,123,2,4,1,2
293,6,57,51,2023-05-02,4,4,4,5267,2023-04-17,15,1,2,2,2
419,1,9,10,2023-08-11,4,4,2,8664,2023-07-03,39,7,1,5,2
118,7,70,63,2025-02-23,6,6,3,15000,2024-11-02,113,3,2,7,2
483,8,79,75,2024-05-20,5,5,4,15000,2023-12-24,148,1,5,1,2
128,8,78,73,2024-01-14,8,8,3,15000,2024-01-06,8,6,4,7,1
287,6,54,52,2024-08-03,7,7,3,15000,2024-05-31,64,8,4,6,2
416,4,32,31,2025-09-28,6,6,1,11078,2025-04-23,158,4,1,7,2
15,5,50,48,2024-07-25,2,2,2,2336,2024-06-03,52,6,3,4,2
42,9,89,86,2023-01-08,2,2,3,15000,2022-08-22,139,3,2,7,2
331,9,87,83,2023-11-06,1,1,4,15000,2023-06-19,140,2,1,1,2
243,1,6,5,2025-01-06,9,9,1,9127,2024-11-11,56,2,4,1,1
36,6,53,51,2024-03-29,6,6,2,10198,2024-01-28,61,8,4,5,1
11,7,67,63,2023-08-12,9,9,3,15000,2023-05-19,85,5,4,6,3
101,1,5,4,2023-12-29,1,1,2,15000,2023-12-19,10,5,5,5,3
138,1,9,3,2023-02-23,4,4,2,15000,2022-11-03,112,6,3,4,2
68,7,70,62,2024-09-10,9,9,2,15000,2024-05-23,110,3,1,2,2
177,2,16,11,2025-11-14,8,8,1,8926,2025-11-10,4,8,3,5,1
112,7,67,65,2024-10-31,6,6,3,15000,2024-10-09,22,6,3,4,1
342,8,77,76,2025-05-10,8,8,2,7699,2025-03-15,56,2,4,6,2
108,6,57,60,2023-05-06,6,6,2,9028,2022-12-27,130,1,1,6,2
268,10,100,98,2023-09-21,3,3,4,15000,2023-09-09,12,8,4,4,2
82,2,16,20,2024-07-05,6,6,4,15000,2024-03-31,96,10,2,5,2
482,6,57,59,2023-05-11,8,8,4,15000,2022-11-29,163,2,5,4,2
18,2,12,13,2023-03-03,4,4,4,15000,2023-02-11,20,7,1,5,1
374,9,87,88,2025-05-19,2,2,3,15000,2025-05-05,14,1,3,1,2
442,6,52,60,2025-07-08,10,10,3,4602,2025-03-14,116,1,3,2,1
374,7,64,65,2023-04-22,4,4,3,15000,2023-03-26,27,3,2,6,1
75,4,39,31,2025-03-23,5,5,4,15000,2024-12-31,82,7,5,7,1
185,1,10,7,2025-12-13,5,5,1,15000,2025-09-18,86,4,4,6,2
264,7,63,65,2025-08-22,1,1,1,15000,2025-07-14,39,2,2,5,2
163,5,46,49,2024-09-07,2,2,4,15000,2024-08-10,28,9,3,6,2
70,7,67,61,2023-04-02,9,9,3,15000,2023-02-23,38,8,1,7,3
322,2,13,18,2024-09-16,5,5,2,5832,2024-08-01,46,6,1,1,1
425,4,36,38,2023-11-01,3,3,2,15000,2023-10-31,1,10,5,3,2
167,6,59,57,2024-07-16,4,4,4,4401,2024-05-24,53,4,4,2,2
107,5,48,44,2023-04-21,5,5,4,15000,2023-01-10,101,7,2,5,2
212,1,5,8,2025-06-19,6,6,1,10098,2025-06-12,7,4,3,4,1
425,4,34,32,2025-12-04,2,2,3,15000,2025-07-18,139,1,1,4,2
104,2,17,16,2025-08-23,8,8,4,15000,2025-03-30,146,5,2,6,1
443,4,37,35,2024-11-22,2,2,2,15000,2024-05-30,176,1,1,5,2
306,9,88,90,2023-12-06,10,10,1,5654,2023-10-05,62,1,2,3,2
201,1,1,3,2025-11-17,8,8,1,9593,2025-10-20,28,10,3,1,1
128,1,8,7,2025-09-27,8,8,1,1299,2025-05-22,128,10,1,6,1
113,6,59,56,2024-05-31,2,2,1,8107,2024-05-10,21,10,1,5,3
182,5,45,50,2024-01-30,8,8,2,15000,2023-10-07,115,7,3,2,1
19,8,71,76,2023-01-24,7,7,4,4606,2022-11-04,81,3,4,2,1
415,6,60,56,2023-08-18,6,6,1,12157,2023-05-09,101,8,5,5,1
15,5,46,45,2024-06-21,10,10,2,15000,2024-03-09,104,8,1,5,2
68,2,20,19,2025-07-27,2,2,4,4673,2025-03-30,119,2,1,7,3
261,6,57,60,2023-11-21,2,2,4,15000,2023-08-02,111,3,5,2,2
80,8,77,71,2024-03-16,8,8,1,9202,2024-01-21,55,4,4,6,2
333,7,61,62,2023-07-06,7,7,4,15000,2023-04-23,74,4,3,4,2
323,7,67,63,2025-07-16,4,4,4,15000,2025-03-08,130,8,2,3,1
164,2,17,13,2025-05-24,8,8,3,15000,2025-04-01,53,5,2,6,3
433,6,55,54,2023-03-06,8,8,2,15000,2022-10-12,145,2,3,1,1
247,9,84,82,2024-02-10,5,5,2,15000,2023-09-09,154,10,5,6,2
191,7,70,65,2025-10-08,10,10,2,15000,2025-09-09,29,9,2,3,2
279,2,14,18,2024-02-25,4,4,3,15000,2023-11-29,88,10,3,7,2
325,8,71,77,2025-05-07,4,4,3,6438,2025-01-27,100,5,3,3,1
282,2,16,11,2024-04-15,1,1,4,15000,2023-11-27,140,2,5,1,1
445,3,22,28,2023-01-27,8,8,3,8133,2022-10-03,116,7,1,5,1
182,5,44,43,2023-12-27,8,8,1,9225,2023-09-15,103,7,5,3,2
447,6,54,60,2023-02-04,9,9,2,8808,2022-09-17,140,7,1,6,2
23,7,69,66,2023-01-10,5,5,2,15000,2022-08-11,152,5,5,2,1
190,4,34,37,2025-08-07,2,2,1,12532,2025-07-24,14,2,2,4,1
368,2,18,16,2024-02-12,1,1,4,15000,2023-11-24,80,7,1,1,2
285,9,87,90,2023-09-21,8,8,1,15000,2023-05-12,132,6,3,4,3
152,6,59,57,2024-04-09,6,6,4,15000,2023-11-19,142,3,3,2,1
247,8,71,77,2025-07-29,10,10,4,1085,2025-07-12,17,9,1,2,1
1,4,33,34,2024-07-08,6,6,3,15000,2024-07-06,2,2,4,1,3
136,9,86,81,2024-09-19,10,10,2,15000,2024-03-28,175,4,1,4,2
105,4,37,33,2024-09-26,3,3,1,5526,2024-05-03,146,2,4,4,1
433,1,8,2,2023-12-15,3,3,3,15000,2023-12-07,8,2,1,5,1
330,7,62,61,2024-05-06,10,10,3,15000,2024-03-16,51,10,3,1,3
343,8,76,80,2025-10-27,9,9,1,14114,2025-09-20,37,5,2,1,1
354,4,32,31,2024-12-17,10,10,4,15000,2024-09-13,95,7,5,2,3
255,4,37,31,2024-04-30,3,3,1,5135,2024-01-14,107,5,1,2,2
332,1,5,9,2024-11-12,3,3,3,15000,2024-08-23,81,1,3,2,1
99,6,59,54,2023-07-20,1,1,2,15000,2023-07-13,7,3,5,4,1
411,3,24,21,2025-11-11,5,5,3,15000,2025-10-05,37,7,1,2,2
337,9,88,83,2023-05-28,6,6,1,13418,2023-04-03,55,3,2,7,1
61,10,93,98,2023-08-19,1,1,3,15000,2023-08-14,5,3,3,6,1
128,5,42,45,2025-07-21,6,6,2,9671,2025-03-09,134,10,5,1,1
265,1,8,5,2025-06-21,9,9,1,6224,2025-03-26,87,8,4,6,2
44,4,31,39,2025-11-04,5,5,2,14484,2025-07-19,108,3,4,2,3
284,7,64,62,2025-09-18,10,10,2,550,2025-05-13,128,5,4,4,1
161,2,15,17,2025-03-28,8,8,4,15000,2025-02-23,33,6,4,5,3
459,1,10,1,2024-10-09,7,7,4,15000,2024-06-22,109,7,5,3,2
193,1,3,5,2024-03-23,1,1,2,15000,2023-12-09,105,9,3,6,2
452,3,29,25,2023-03-04,3,3,3,15000,2023-02-06,26,1,3,6,2
298,6,55,60,2023-07-28,2,2,2,11228,2023-03-11,139,6,2,5,2
404,2,12,11,2025-05-24,8,8,3,15000,2025-01-26,118,7,5,6,3
302,8,77,76,2025-08-10,10,10,3,1134,2025-07-15,26,3,2,7,1
82,8,71,75,2024-01-04,6,6,4,15000,2023-08-19,138,8,2,4,3
422,3,28,24,2024-04-10,1,1,2,10167,2023-11-13,149,9,2,3,1
149,6,59,53,2025-03-22,2,2,2,15000,2024-11-29,113,7,2,6,1
44,2,16,19,2025-12-30,1,1,1,13218,2025-08-25,127,8,2,2,2
484,2,20,11,2025-11-22,5,5,4,4468,2025-10-25,28,7,2,6,2
29,1,10,3,2024-07-05,1,1,2,14021,2024-02-01,155,4,5,5,2
318,6,60,56,2023-11-05,1,1,1,1931,2023-09-26,40,4,3,7,1
383,1,7,8,2025-02-13,10,10,1,5774,2024-11-09,96,10,2,4,1
229,5,48,46,2024-06-12,4,4,2,15000,2024-02-23,110,10,5,3,2
37,10,96,92,2023-03-05,5,5,2,15000,2022-12-23,72,9,2,7,1
349,4,35,40,2025-05-03,3,3,3,15000,2025-04-04,29,7,3,6,2
122,3,26,22,2023-02-21,7,7,2,15000,2023-01-08,44,9,2,2,1
239,7,66,65,2024-06-24,2,2,1,15000,2024-06-23,1,5,5,1,1
367,2,20,11,2024-04-15,1,1,1,11994,2023-11-24,143,6,5,1,1
470,7,61,70,2023-10-14,7,7,2,10665,2023-08-02,73,6,3,6,3
73,2,14,20,2024-03-04,1,1,1,5157,2023-09-15,171,6,2,1,2
45,10,92,98,2024-10-05,1,1,3,13893,2024-07-03,94,8,4,6,3
112,8,80,78,2023-02-05,1,1,4,15000,2022-12-22,45,9,1,7,3
39,3,22,30,2025-09-02,2,2,1,14573,2025-04-24,131,8,4,2,1
492,5,42,46,2024-05-03,10,10,2,12570,2024-01-22,102,1,4,5,1
336,2,12,14,2024-05-15,3,3,2,10505,2024-03-30,46,1,2,3,2
269,5,44,46,2024-05-15,8,8,3,15000,2023-12-19,148,8,4,3,1
2,6,58,56,2025-08-01,6,6,4,13345,2025-05-18,75,9,4,5,2
30,7,67,66,2025-08-21,8,8,3,15000,2025-03-22,152,4,3,4,2
326,9,89,88,2024-06-14,4,4,4,15000,2024-06-01,13,9,3,5,2
232,7,63,62,2023-12-27,4,4,1,13085,2023-11-05,52,2,5,3,3
361,6,51,58,2024-03-15,6,6,1,5522,2023-10-17,150,3,1,5,2
308,6,51,58,2024-10-01,9,9,3,15000,2024-04-26,158,1,3,2,1
217,8,75,71,2023-05-20,5,5,1,297,2022-11-29,172,3,4,6,1
491,6,60,51,2024-03-02,10,10,2,15000,2023-11-18,105,6,2,6,1
112,8,78,71,2023-12-28,7,7,3,15000,2023-12-21,7,4,5,4,1
118,3,26,22,2023-08-13,8,8,3,15000,2023-07-11,33,9,1,7,2
97,9,86,87,2025-08-30,6,6,3,15000,2025-08-24,6,6,1,6,3
276,2,14,18,2024-06-01,7,7,4,15000,2024-02-12,110,9,1,6,1
465,2,12,20,2024-06-19,4,4,3,11259,2024-03-16,95,3,3,3,2
146,7,69,66,2024-01-10,8,8,4,15000,2024-01-03,7,4,4,3,2
401,1,1,9,2025-08-19,9,9,2,12091,2025-06-25,55,5,1,2,2
376,6,55,58,2025-02-24,5,5,3,3745,2024-09-12,165,3,1,1,1
414,8,79,71,2025-02-10,3,3,1,4291,2024-12-16,56,1,4,1,1
289,9,86,85,2023-05-13,8,8,3,15000,2023-01-04,129,3,5,6,1
132,1,10,8,2025-07-26,2,2,1,1414,2025-03-31,117,5,1,6,2
89,5,44,43,2024-05-31,3,3,2,15000,2023-12-11,172,3,1,5,1
490,9,81,87,2024-04-15,2,2,1,2196,2024-02-07,68,8,1,1,1
288,3,29,21,2023-10-25,4,4,3,12147,2023-08-11,75,8,1,3,1
334,6,56,60,2023-06-27,9,9,3,15000,2023-06-22,5,3,5,2,1
107,9,85,84,2024-04-20,1,1,2,15000,2024-04-09,11,7,2,6,1
134,10,94,100,2024-09-07,8,8,3,15000,2024-04-07,153,3,1,6,1
207,6,59,56,2023-08-14,8,8,4,15000,2023-08-03,11,5,2,1,1
350,1,9,8,2023-10-31,2,2,2,15000,2023-06-04,149,6,3,2,3
427,1,10,6,2023-01-29,2,2,2,13503,2023-01-09,20,8,2,7,1
470,10,93,100,2024-12-20,10,10,4,15000,2024-09-22,89,4,3,5,2
266,4,37,31,2023-11-29,3,3,1,15000,2023-11-19,10,8,3,3,2
313,1,3,2,2024-02-27,7,7,1,502,2023-09-18,162,10,3,2,2
482,5,50,46,2025-07-19,7,7,2,15000,2025-06-17,32,1,2,6,2
422,6,53,54,2024-06-08,7,7,4,15000,2024-02-27,102,5,4,6,3
229,7,67,61,2025-06-08,4,4,3,15000,2025-04-14,55,10,4,7,1
271,6,57,59,2023-04-09,2,2,2,15000,2022-11-16,144,4,2,7,2
210,1,1,7,2025-01-05,2,2,4,8541,2024-11-22,44,5,4,7,2
280,4,36,38,2025-10-14,6,6,3,15000,2025-07-20,86,4,3,2,2
338,3,22,23,2023-07-25,5,5,2,15000,2023-03-15,132,3,4,2,1
337,5,49,50,2024-02-17,5,5,1,7067,2023-10-31,109,10,2,6,2
397,4,35,34,2024-09-24,9,9,3,15000,2024-05-07,140,1,5,2,1
464,8,76,78,2023-05-10,8,8,2,15000,2023-05-03,7,6,4,3,1
176,9,89,87,2024-02-19,2,2,3,15000,2023-08-30,173,9,5,1,2
360,2,16,12,2023-07-15,8,8,1,588,2023-02-08,157,4,5,6,1
138,4,35,40,2025-10-10,2,2,1,2674,2025-07-07,95,8,1,5,1
292,1,4,1,2024-04-19,5,5,3,6663,2024-03-14,36,1,1,5,1
329,9,85,88,2025-01-15,3,3,4,15000,2024-11-22,54,1,3,3,2
411,5,45,50,2023-06-07,8,8,2,10499,2023-01-17,141,1,1,3,2
429,10,96,91,2025-12-07,9,9,3,15000,2025-09-21,77,8,5,7,2
330,6,56,52,2025-12-15,3,3,1,2257,2025-07-04,164,9,5,1,2
463,6,55,60,2025-11-03,1,1,1,7801,2025-05-22,165,1,4,1,2
181,3,30,24,2023-01-03,8,8,4,15000,2022-07-14,173,1,4,2,2
219,9,87,83,2025-11-08,5,5,2,6456,2025-06-22,139,8,5,6,2
338,4,32,33,2025-12-17,8,8,3,15000,2025-07-19,151,1,3,3,2
433,1,7,9,2024-11-11,9,9,4,15000,2024-10-10,32,1,4,1,2
251,3,28,23,2025-04-29,5,5,3,15000,2024-11-15,165,8,1,2,3
481,8,80,74,2023-07-18,8,8,2,15000,2023-05-12,67,5,3,2,1
437,9,86,83,2025-11-09,9,9,1,12311,2025-08-15,86,4,5,7,2
358,7,63,65,2025-06-18,10,10,3,15000,2025-04-17,62,6,2,3,2
175,9,86,82,2023-03-09,2,2,4,15000,2022-11-30,99,2,1,4,3
210,2,20,13,2025-07-30,8,8,1,15000,2025-07-25,5,3,3,3,2
169,2,15,13,2024-03-09,1,1,3,15000,2023-10-23,138,9,2,6,2
272,1,7,9,2023-01-19,8,8,1,14680,2022-08-08,164,3,1,4,2
342,3,27,21,2024-04-21,1,1,4,15000,2024-02-24,57,10,1,7,2
254,6,60,53,2023-10-13,7,7,3,15000,2023-05-03,163,5,1,5,2
379,6,55,58,2023-01-17,2,2,2,15000,2022-10-10,99,2,4,2,1
97,2,16,11,2024-08-29,3,3,1,9796,2024-05-10,111,4,1,4,1
330,1,8,10,2023-04-07,6,6,1,8603,2023-02-20,46,3,4,5,2
257,6,51,56,2023-11-24,2,2,4,15000,2023-08-26,90,1,5,5,3
384,4,40,33,2025-05-12,7,7,1,9686,2025-04-05,37,2,3,1,1
429,8,79,80,2024-06-16,7,7,2,827,2024-03-15,93,9,1,7,2
48,6,60,54,2025-06-09,10,10,2,15000,2025-04-26,44,5,4,1,1
149,9,84,83,2023-06-20,10,10,3,15000,2023-01-03,168,6,5,2,1
440,10,92,93,2025-10-16,5,5,1,1949,2025-05-13,156,3,4,4,1
321,4,36,31,2023-08-07,10,10,1,375,2023-07-19,19,4,2,1,1
280,8,71,79,2024-05-18,5,5,3,15000,2024-02-09,99,5,1,6,3
416,10,95,96,2023-12-05,3,3,3,15000,2023-06-09,179,7,5,2,3
206,6,60,51,2024-06-07,2,2,2,15000,2024-01-26,133,10,1,5,2
98,1,9,10,2025-09-09,5,5,1,11514,2025-05-06,126,10,5,2,1
404,5,43,42,2025-10-11,6,6,3,15000,2025-05-21,143,5,1,6,2
471,10,96,100,2024-04-01,8,8,1,11077,2023-11-26,127,7,3,1,3
55,6,56,59,2023-02-14,3,3,1,14516,2022-12-21,55,8,1,2,1
280,4,38,39,2025-09-14,2,2,1,11107,2025-03-31,167,8,4,7,2
126,5,45,41,2023-11-14,3,3,1,13962,2023-05-28,170,7,4,2,3
81,5,50,46,2025-07-23,8,8,4,15000,2025-01-31,173,9,4,3,2
323,10,91,92,2023-03-29,2,2,3,15000,2023-03-09,20,4,1,3,1
113,7,65,66,2024-06-11,5,5,3,15000,2024-02-07,125,3,2,2,2
444,3,21,30,2023-02-11,8,8,2,15000,2022-10-20,114,10,1,6,1
400,1,8,3,2025-05-08,4,4,3,15000,2025-02-19,78,6,4,4,1
248,7,67,65,2024-06-27,8,8,3,5331,2024-04-26,62,6,5,4,1
327,9,85,83,2024-12-02,5,5,2,15000,2024-10-20,43,3,1,1,3
45,5,42,47,2023-02-13,6,6,3,15000,2022-12-07,68,10,5,1,2
403,10,97,92,2023-08-04,9,9,1,14920,2023-02-17,168,2,2,5,2
349,3,23,30,2025-02-23,5,5,2,5497,2025-02-18,5,3,3,7,2
387,3,26,28,2024-01-04,9,9,1,15000,2023-08-21,136,6,3,4,3
479,7,62,68,2024-03-18,9,9,1,8542,2023-10-31,139,6,3,1,2
184,1,6,8,2023-05-24,5,5,1,15000,2023-05-02,22,7,5,3,3
156,6,54,58,2025-07-24,1,1,1,731,2025-03-06,140,8,2,4,3
294,4,38,35,2025-10-20,9,9,2,15000,2025-07-04,108,8,3,1,1
24,6,59,54,2023-04-02,9,9,3,15000,2023-01-11,81,2,3,7,2
144,7,69,63,2025-12-28,9,9,3,15000,2025-10-03,86,6,5,7,3
307,9,86,90,2024-03-24,5,5,3,11061,2023-11-24,121,10,1,7,1
147,5,44,48,2025-11-07,5,5,2,15000,2025-10-26,12,6,1,5,1
183,1,2,9,2024-04-08,6,6,4,15000,2024-02-04,64,9,5,1,3
228,9,86,90,2023-07-12,7,7,3,15000,2023-06-17,25,6,1,3,2
287,2,13,18,2025-10-14,4,4,3,6137,2025-07-21,85,6,1,2,3
337,9,89,90,2025-12-22,8,8,1,9535,2025-12-14,8,5,1,1,1
161,9,88,81,2025-02-01,4,4,3,15000,2025-01-02,30,4,2,6,3
97,10,97,99,2023-03-03,3,3,4,15000,2022-09-05,179,4,2,5,2
438,9,82,83,2023-05-31,6,6,2,15000,2023-04-16,45,7,1,3,2
322,7,61,67,2024-05-30,7,7,4,15000,2024-05-10,20,3,3,4,2
285,2,17,18,2023-09-14,4,4,4,15000,2023-06-05,101,2,5,4,3
445,3,27,21,2023-03-16,6,6,1,15000,2023-01-28,47,8,2,4,2
241,2,14,20,2023-05-28,5,5,3,15000,2023-04-18,40,5,5,7,2
371,3,29,27,2025-09-14,1,1,2,6602,2025-04-23,144,1,4,7,2
437,6,51,55,2023-03-04,4,4,4,15000,2022-10-16,139,3,3,6,2
158,2,15,11,2024-05-07,9,9,3,4441,2023-12-17,142,5,3,2,2
35,2,14,16,2023-10-24,8,8,2,15000,2023-10-19,5,5,4,2,1
402,9,85,89,2024-02-23,8,8,2,15000,2023-09-11,165,4,4,5,2
69,6,52,51,2024-01-17,2,2,2,12148,2023-11-05,73,2,3,3,1
439,4,40,31,2024-10-03,6,6,4,15000,2024-09-28,5,5,2,4,1
167,2,13,14,2025-12-13,10,10,4,15000,2025-06-29,167,2,4,6,3
299,2,11,18,2025-05-27,7,7,3,15000,2025-03-02,86,2,2,2,1
249,9,87,84,2025-03-04,10,10,2,15000,2025-01-10,53,1,4,2,1
413,6,55,52,2023-06-24,1,1,4,15000,2023-03-31,85,6,4,6,1
37,3,29,25,2025-08-11,7,7,1,5436,2025-03-19,145,8,2,1,2
466,7,68,67,2023-03-22,8,8,1,9837,2022-09-28,175,4,5,3,1
415,7,67,70,2024-06-12,7,7,4,15000,2024-01-01,163,2,5,3,1
460,10,92,94,2023-08-16,9,9,2,10745,2023-03-11,158,10,4,3,1
413,8,78,77,2025-08-10,9,9,2,15000,2025-07-20,21,10,4,7,3
60,9,84,88,2023-11-15,7,7,2,15000,2023-08-02,105,3,3,3,2
305,1,3,1,2023-01-20,7,7,4,15000,2022-09-16,126,8,4,5,2
269,5,45,48,2025-01-28,1,1,2,15000,2025-01-19,9,8,1,2,1
170,5,48,43,2024-12-22,3,3,4,15000,2024-11-30,22,6,2,7,2
433,5,43,44,2024-01-16,6,6,4,15000,2023-12-17,30,7,2,2,1
127,2,13,17,2023-10-10,1,1,3,1935,2023-06-04,128,9,1,2,1
474,6,53,51,2023-07-07,10,10,3,15000,2023-02-07,150,1,3,5,3
285,7,65,66,2025-09-07,9,9,3,4002,2025-08-19,19,1,1,7,3
14,3,28,25,2024-11-20,7,7,3,5802,2024-06-17,156,2,1,3,1
446,8,72,78,2024-04-22,4,4,2,15000,2024-02-08,74,2,3,1,1
475,6,51,57,2024-12-24,8,8,1,5139,2024-10-21,64,6,1,2,2
19,6,55,52,2023-10-19,8,8,3,3740,2023-09-03,46,5,5,4,2
333,1,5,8,2024-12-11,9,9,2,15000,2024-07-10,154,6,4,3,2
311,6,55,57,2024-10-21,4,4,2,12577,2024-06-07,136,6,1,1,1
73,2,17,20,2023-01-27,1,1,1,15000,2022-11-16,72,1,3,5,2
487,6,52,58,2024-10-26,9,9,1,3910,2024-09-04,52,1,1,6,1
191,5,48,46,2024-01-09,8,8,4,15000,2023-10-07,94,10,5,2,1
102,5,47,45,2025-07-30,4,4,1,2302,2025-07-13,17,6,3,3,3
341,2,12,14,2024-11-24,1,1,1,9107,2024-10-04,51,3,4,7,1
423,6,54,57,2024-01-01,9,9,2,15000,2023-09-30,93,7,3,1,1
47,6,56,52,2025-07-14,5,5,2,15000,2025-01-25,170,8,4,1,1
131,7,67,70,2025-02-13,1,1,1,9269,2024-08-27,170,2,2,4,1
442,8,75,76,2023-08-19,4,4,3,15000,2023-04-09,132,9,5,6,2
52,1,1,10,2025-07-05,9,9,3,15000,2025-05-16,50,7,3,6,2
260,6,57,53,2023-09-25,6,6,2,6244,2023-08-09,47,2,2,1,1
432,5,48,45,2024-08-01,4,4,1,15000,2024-04-10,113,4,4,4,3
259,9,90,84,2024-06-04,8,8,1,1264,2024-01-04,152,8,5,2,2
497,2,15,11,2023-09-13,7,7,3,15000,2023-05-02,134,7,2,3,1
393,7,69,70,2025-03-25,4,4,4,15000,2024-09-26,180,1,2,2,1
197,2,20,16,2024-08-30,1,1,3,15000,2024-06-24,67,3,4,5,1
499,6,60,59,2023-10-09,6,6,3,15000,2023-07-21,80,10,2,1,1
328,9,88,81,2024-03-30,7,7,3,15000,2024-03-11,19,10,3,6,2
284,8,73,79,2025-12-17,5,5,1,9772,2025-08-02,137,3,2,3,2
148,5,46,47,2023-03-12,8,8,4,15000,2023-01-24,47,9,5,7,1
211,6,51,60,2025-12-25,3,3,1,4084,2025-10-22,64,3,4,4,2
409,7,68,67,2025-11-30,3,3,1,6071,2025-08-15,107,8,4,7,1
154,5,48,43,2024-05-28,9,9,2,12778,2024-01-03,146,5,3,2,1
2,9,84,86,2025-08-07,7,7,4,15000,2025-03-24,136,3,2,4,3
18,3,28,22,2024-01-14,7,7,1,15000,2023-11-19,56,10,5,7,3
392,8,72,77,2025-12-15,5,5,1,10927,2025-07-05,163,7,2,1,1
80,4,36,34,2023-04-27,8,8,1,15000,2023-02-27,59,3,3,4,3
330,8,71,79,2023-03-02,8,8,1,15000,2022-12-14,78,1,3,4,3
353,5,44,42,2024-02-23,5,5,2,15000,2023-11-25,90,10,5,5,3
381,2,20,13,2023-09-12,2,2,4,13035,2023-08-20,23,10,4,2,2
237,10,91,99,2025-10-20,7,7,3,15000,2025-08-30,51,8,2,1,3
281,8,74,78,2024-06-02,1,1,2,15000,2024-04-25,38,7,1,7,2
229,1,5,8,2024-08-26,8,8,3,15000,2024-05-02,116,8,5,1,1
280,1,9,3,2023-11-19,6,6,1,13543,2023-11-13,6,1,3,7,3
456,9,88,86,2025-08-16,8,8,4,15000,2025-03-09,160,2,1,6,2
367,9,85,81,2024-11-03,6,6,3,8816,2024-09-06,58,2,4,7,1
212,6,60,54,2023-12-09,9,9,4,15000,2023-07-31,131,2,3,6,2
84,10,92,94,2024-08-23,4,4,2,15000,2024-03-12,164,2,3,5,3
500,9,86,87,2023-04-17,10,10,2,1694,2022-12-21,117,5,5,1,3
478,9,86,90,2023-05-24,10,10,3,15000,2023-05-23,1,10,5,3,1
19,4,38,32,2024-11-06,6,6,2,15000,2024-06-04,155,8,4,3,2
376,8,74,76,2024-04-19,1,1,3,15000,2023-10-30,172,3,1,5,2
194,8,80,71,2023-01-25,1,1,4,15000,2022-10-07,110,3,2,3,2
23,10,100,91,2023-12-15,5,5,3,15000,2023-11-10,35,8,1,5,1
301,7,64,67,2024-10-21,9,9,2,3893,2024-08-10,72,2,5,1,3
312,6,58,59,2023-12-21,10,10,2,4209,2023-08-17,126,2,2,4,3
443,10,97,96,2023-04-22,9,9,4,15000,2023-01-10,102,1,2,6,3
72,4,32,40,2024-05-19,7,7,3,15000,2024-05-14,5,1,5,7,1
391,8,75,73,2023-02-03,1,1,4,15000,2023-01-12,22,4,3,5,2
99,5,46,42,2025-05-03,2,2,4,15000,2025-01-18,105,5,2,6,3
188,9,86,85,2025-11-08,3,3,1,14458,2025-09-24,45,6,1,6,1
281,6,51,56,2023-01-30,2,2,1,734,2023-01-29,1,2,3,1,1
172,3,22,30,2025-01-11,3,3,2,15000,2024-09-18,115,2,1,6,1
215,7,64,69,2023-11-15,5,5,3,15000,2023-07-19,119,9,5,3,2
465,6,51,56,2023-06-12,10,10,2,15000,2023-03-13,91,4,2,1,2
233,8,78,73,2025-10-19,3,3,1,14105,2025-08-25,55,5,4,7,1
224,9,84,83,2025-06-30,3,3,1,7286,2025-04-06,85,10,3,1,1
418,7,63,65,2025-04-06,4,4,3,15000,2025-02-26,39,9,1,7,2
237,9,88,82,2023-09-16,3,3,3,15000,2023-06-26,82,9,4,6,2
472,5,50,48,2024-07-09,7,7,4,11918,2024-06-25,14,4,5,2,2
78,3,21,27,2025-10-22,7,7,1,15000,2025-05-21,154,3,2,3,2
213,10,91,95,2024-01-25,10,10,3,1573,2023-09-11,136,9,2,4,2
470,2,12,16,2024-02-07,2,2,2,2804,2023-11-14,85,2,2,3,2
2,1,5,8,2024-01-12,3,3,4,15000,2023-09-16,118,10,3,5,1
376,3,24,25,2023-09-01,2,2,3,13357,2023-08-13,19,6,5,5,2
173,4,32,31,2025-04-11,1,1,1,6580,2025-02-13,57,2,4,5,1
92,1,7,4,2025-05-24,5,5,2,15000,2025-05-04,20,8,5,6,3
329,6,57,59,2025-06-27,1,1,4,6992,2025-04-13,75,8,5,5,3
404,1,10,9,2025-10-13,4,4,2,566,2025-06-05,130,2,5,1,1
157,5,42,43,2024-07-14,6,6,4,15000,2024-05-18,57,6,1,7,2
162,7,66,64,2023-02-15,5,5,3,15000,2022-12-30,47,6,4,3,3
317,4,33,38,2024-11-26,2,2,3,6455,2024-11-19,7,4,5,2,2
500,5,41,44,2024-03-13,3,3,2,15000,2023-11-02,132,10,2,3,3
456,5,44,42,2023-12-05,6,6,1,9218,2023-09-20,76,10,3,2,1
173,5,42,49,2023-06-18,1,1,1,7201,2023-06-02,16,5,5,7,1
114,1,2,9,2025-09-25,6,6,3,15000,2025-06-10,107,7,3,4,2
400,3,21,24,2023-01-06,7,7,4,15000,2022-09-25,103,1,2,5,1
204,9,88,86,2025-10-07,4,4,4,15000,2025-05-17,143,2,1,2,1
416,2,17,11,2025-11-07,4,4,3,15000,2025-08-31,68,6,2,5,1
94,1,5,10,2025-01-02,4,4,2,2148,2024-12-24,9,8,2,4,1
489,8,77,76,2024-10-05,8,8,3,15000,2024-07-08,89,5,3,6,2
374,4,39,33,2024-11-28,7,7,3,15000,2024-10-27,32,3,5,4,2
11,9,86,85,2025-08-25,1,1,3,15000,2025-07-18,38,8,4,1,2
123,10,93,97,2025-11-30,10,10,1,11739,2025-07-20,133,5,2,7,3
433,3,22,26,2024-09-03,3,3,1,7282,2024-06-26,69,10,1,2,1
34,3,24,29,2024-12-23,4,4,3,6972,2024-10-10,74,7,2,1,2
269,9,87,86,2025-04-12,6,6,3,15000,2025-03-01,42,1,5,6,3
110,7,69,61,2023-07-21,2,2,1,14615,2023-06-02,49,9,2,5,3
284,6,58,54,2023-05-31,5,5,1,12529,2023-05-23,8,10,4,3,2
27,2,17,11,2023-03-23,2,2,1,6343,2023-01-29,53,7,1,4,1
211,1,6,5,2023-07-09,6,6,2,5384,2023-06-18,21,5,5,7,1
453,10,97,93,2023-09-20,9,9,1,11091,2023-05-13,130,1,1,3,1
280,10,100,91,2025-10-12,10,10,2,5099,2025-08-29,44,2,3,7,3
481,5,49,42,2024-06-11,8,8,4,15000,2024-01-27,136,7,4,2,1
336,6,53,60,2024-03-24,7,7,1,5752,2023-10-29,147,3,1,7,2
142,8,72,76,2023-12-06,9,9,1,4035,2023-10-27,40,7,5,3,3
52,4,37,38,2024-05-24,4,4,2,802,2024-05-15,9,6,3,5,2
437,4,32,36,2025-04-20,5,5,4,15000,2024-11-05,166,8,4,7,3
476,10,99,92,2025-02-04,6,6,2,15000,2025-01-03,32,10,5,2,1
433,2,17,19,2025-04-23,7,7,3,15000,2024-11-08,166,8,3,3,1
181,9,86,82,2024-07-16,8,8,3,7314,2024-05-14,63,10,5,2,1
245,2,11,18,2024-08-26,7,7,1,9451,2024-03-10,169,5,2,1,1
36,3,30,26,2025-03-07,4,4,3,4595,2024-11-16,111,9,1,5,1
288,9,89,88,2024-12-22,10,10,2,15000,2024-09-26,87,6,2,7,2
206,6,60,53,2023-06-15,9,9,2,2358,2023-05-02,44,2,2,4,2
389,6,56,58,2023-03-08,5,5,2,15000,2023-01-08,59,4,3,3,3
461,2,19,17,2023-06-20,1,1,4,15000,2023-01-09,162,5,2,2,3
397,2,16,13,2025-06-16,8,8,3,15000,2025-04-23,54,8,5,1,1
175,7,64,70,2023-05-02,7,7,1,14956,2023-03-08,55,9,4,2,2
423,10,93,97,2024-04-29,7,7,3,15000,2024-01-05,115,5,2,1,1
468,9,81,83,2023-05-16,1,1,1,1420,2023-04-01,45,1,2,2,1
484,5,42,48,2025-10-01,8,8,1,15000,2025-05-30,124,10,5,3,3
95,9,82,87,2024-11-15,7,7,1,15000,2024-10-07,39,8,2,5,3
168,1,1,3,2024-08-30,7,7,1,6292,2024-08-12,18,3,4,5,1
166,1,9,7,2023-03-02,2,2,1,12338,2022-10-15,138,2,3,4,2
120,3,21,25,2023-08-31,4,4,1,7004,2023-05-20,103,1,3,4,3
185,3,22,26,2025-09-26,10,10,2,6926,2025-09-05,21,2,5,5,1
257,7,64,69,2024-01-18,1,1,1,5537,2023-11-10,69,7,4,4,1
72,8,77,71,2023-07-30,7,7,2,15000,2023-02-08,172,10,1,7,3
292,9,90,89,2024-04-19,5,5,4,15000,2024-03-27,23,5,3,5,1
50,2,19,14,2024-12-03,5,5,1,574,2024-10-08,56,3,2,2,2
390,2,19,18,2025-09-15,1,1,3,8366,2025-07-17,60,7,5,1,2
431,7,65,64,2025-11-16,1,1,3,15000,2025-05-27,173,3,4,7,1
109,1,5,4,2024-06-21,9,9,4,15000,2024-03-28,85,6,2,5,2
24,4,38,36,2025-07-01,5,5,4,15000,2025-05-05,57,8,5,2,2
352,3,30,23,2025-08-19,6,6,3,15000,2025-08-15,4,5,5,2,3
235,10,94,95,2024-09-08,6,6,3,15000,2024-04-02,159,6,3,7,1
215,7,63,62,2024-09-25,3,3,4,15000,2024-07-30,57,1,2,3,2
30,7,69,63,2024-07-17,4,4,4,15000,2024-07-08,9,1,2,3,1
384,6,54,60,2025-07-22,6,6,1,2607,2025-04-15,98,7,3,2,1
83,9,83,90,2025-10-30,7,7,2,13732,2025-07-01,121,1,2,4,3
180,1,3,10,2025-07-16,5,5,2,10494,2025-03-28,110,9,5,3,1
277,9,90,85,2023-07-08,7,7,4,15000,2023-06-10,28,5,2,6,1
280,4,36,31,2023-09-10,7,7,4,15000,2023-04-03,160,7,1,7,1
363,5,42,50,2025-12-29,1,1,2,15000,2025-12-13,16,6,1,1,3
8,5,46,41,2023-10-06,9,9,2,8292,2023-08-22,45,2,2,5,1
272,6,60,55,2025-02-07,1,1,2,15000,2024-09-29,131,5,5,5,1
313,9,81,84,2025-12-16,7,7,4,15000,2025-10-02,75,7,4,2,3
68,8,74,73,2023-06-19,4,4,1,7613,2023-02-03,136,6,5,1,1
81,5,45,41,2024-01-13,5,5,4,8080,2023-08-13,153,2,3,6,2
210,1,2,3,2025-08-19,1,1,3,15000,2025-03-04,168,2,4,2,2
145,5,49,48,2025-03-20,7,7,1,10593,2024-12-01,109,1,2,4,1
471,7,64,70,2023-08-28,10,10,4,15000,2023-03-19,162,8,5,1,2
160,8,78,71,2025-10-08,10,10,3,6318,2025-07-10,90,8,1,3,1
215,3,22,21,2025-05-25,4,4,4,15000,2025-01-21,124,6,2,7,1
399,10,98,97,2024-01-26,8,8,1,13724,2023-08-20,159,3,4,5,1
324,9,85,82,2025-10-13,2,2,3,15000,2025-08-07,67,5,3,1,2
279,10,99,94,2023-12-26,1,1,4,15000,2023-08-19,129,3,4,2,3
121,3,27,26,2024-04-20,2,2,1,14733,2023-12-05,137,2,2,6,3
367,3,22,30,2025-02-10,1,1,4,15000,2024-11-14,88,3,1,1,1
160,5,46,47,2024-02-09,2,2,1,14946,2023-10-20,112,10,3,5,2
330,4,35,34,2023-12-28,4,4,4,2493,2023-10-15,74,6,4,4,1
74,8,77,79,2024-02-01,5,5,4,15000,2023-09-05,149,2,2,4,3
333,1,3,7,2024-09-05,5,5,2,15000,2024-06-13,84,3,3,4,2
171,8,80,73,2023-05-30,1,1,1,7703,2023-01-08,142,7,3,2,1
173,8,77,73,2024-08-18,3,3,3,15000,2024-08-07,11,8,5,7,2
68,3,22,27,2025-01-11,3,3,4,15000,2024-08-11,153,5,1,6,2
430,3,22,25,2024-05-30,2,2,1,8264,2023-12-30,152,5,2,4,1
35,4,31,36,2025-09-27,8,8,1,1204,2025-08-06,52,3,4,6,3
223,7,63,68,2024-10-20,6,6,2,15000,2024-06-15,127,7,1,7,2
62,6,53,60,2023-12-23,3,3,2,15000,2023-09-30,84,9,2,6,1
394,9,86,81,2023-04-03,4,4,1,11421,2022-10-18,167,2,1,1,1
87,9,82,89,2024-02-15,4,4,4,13856,2023-11-24,83,8,2,4,2
144,2,15,20,2024-07-20,3,3,4,10110,2024-05-19,62,7,4,6,1
322,6,55,60,2023-03-04,6,6,2,2608,2022-11-13,111,3,4,6,2
48,4,36,32,2025-06-20,8,8,1,11619,2025-02-06,134,7,2,5,1
261,10,100,95,2023-02-09,3,3,3,15000,2022-11-29,72,6,2,4,3
486,5,42,46,2024-03-21,4,4,1,9654,2023-10-15,158,8,4,4,1
264,6,57,59,2025-12-21,2,2,3,15000,2025-08-01,142,4,2,7,2
202,4,39,36,2023-09-17,7,7,1,2417,2023-07-30,49,3,2,7,1
245,4,38,37,2025-02-02,7,7,3,15000,2024-10-29,96,9,3,7,3
99,2,18,16,2024-10-08,1,1,2,10968,2024-06-28,102,9,4,2,2
448,7,66,63,2024-12-03,10,10,2,15000,2024-07-16,140,1,5,2,3
334,5,48,42,2024-01-31,4,4,4,15000,2023-08-11,173,1,2,3,2
170,1,5,7,2024-11-10,2,2,3,6770,2024-09-03,68,8,4,7,1
161,7,66,63,2025-03-05,4,4,2,15000,2025-03-01,4,6,2,3,1
175,2,15,13,2023-05-23,8,8,4,10269,2022-12-27,147,5,5,2,1
334,7,70,64,2025-04-17,6,6,1,13519,2024-11-02,166,6,2,4,1
316,6,59,52,2023-01-09,8,8,2,4005,2022-08-26,136,9,2,1,1
113,8,71,73,2024-05-23,8,8,4,15000,2024-05-22,1,9,3,4,2
9,6,51,58,2024-12-11,3,3,4,15000,2024-11-11,30,9,1,3,1
455,9,90,85,2024-11-07,1,1,3,15000,2024-06-20,140,4,2,4,2
64,5,44,49,2024-09-03,10,10,4,15000,2024-08-29,5,3,1,2,1
12,7,67,62,2024-11-06,9,9,1,9378,2024-10-16,21,4,5,3,2
136,1,8,4,2023-08-22,8,8,2,15000,2023-05-14,100,4,2,2,1
236,4,35,31,2024-12-13,8,8,1,11264,2024-12-08,5,5,5,5,3
236,4,31,40,2024-09-05,5,5,3,13509,2024-07-19,48,2,4,4,2
118,8,72,74,2025-01-01,7,7,4,15000,2024-07-26,159,7,3,3,1
117,1,7,4,2024-05-20,3,3,3,11067,2024-03-22,59,5,1,1,2
314,8,79,72,2025-03-25,9,9,1,14574,2024-11-19,126,4,5,2,2
377,5,45,49,2024-08-26,7,7,2,5752,2024-05-18,100,10,5,1,1
121,1,3,7,2024-02-09,10,10,1,3653,2023-10-03,129,9,3,5,3
6,3,25,26,2023-10-22,2,2,1,3800,2023-05-10,165,5,3,7,1
44,5,43,49,2025-01-30,6,6,4,3344,2024-08-19,164,1,1,4,2
225,6,55,60,2024-08-31,9,9,1,6200,2024-05-06,117,2,3,6,2
494,2,20,11,2024-11-09,6,6,1,7157,2024-09-25,45,6,5,6,1
24,5,49,44,2023-09-27,10,10,4,15000,2023-07-04,85,4,3,3,1
64,3,24,26,2024-03-03,1,1,2,15000,2023-12-13,81,8,3,7,3
130,5,48,44,2025-12-26,9,9,3,15000,2025-10-13,74,4,3,5,2
342,5,43,41,2024-02-20,10,10,2,8054,2023-09-23,150,10,4,2,2
417,10,94,100,2025-01-17,4,4,3,2279,2024-09-06,133,5,2,5,1
246,8,77,75,2023-07-08,1,1,1,1965,2023-05-31,38,5,4,6,1
130,9,83,82,2024-11-12,8,8,4,11435,2024-06-04,161,9,3,2,1
299,8,74,79,2024-06-06,8,8,2,15000,2024-01-26,132,6,1,4,3
108,9,90,89,2023-03-18,3,3,1,11915,2023-02-14,32,3,4,6,2
19,9,82,90,2024-03-05,2,2,2,15000,2023-12-29,67,8,5,2,1
306,8,76,74,2023-04-25,3,3,3,15000,2023-02-06,78,5,4,2,2
88,7,61,70,2023-07-03,9,9,1,15000,2023-03-17,108,1,4,1,2
163,1,9,8,2025-02-11,2,2,3,15000,2024-09-15,149,5,3,2,3
245,8,74,80,2023-07-22,5,5,1,15000,2023-02-06,166,6,5,6,2
169,1,4,10,2025-08-26,9,9,2,15000,2025-08-15,11,8,5,2,1
47,9,81,86,2023-05-18,8,8,1,10721,2023-04-04,44,9,1,4,1
472,3,23,27,2025-12-31,9,9,1,11857,2025-10-23,69,3,2,3,2
243,2,11,12,2025-04-30,5,5,2,15000,2025-03-21,40,6,5,3,3
94,5,42,43,2024-12-07,3,3,4,15000,2024-09-15,83,1,3,6,1
56,2,17,18,2024-02-04,7,7,2,13485,2023-10-17,110,8,4,7,1
204,3,27,21,2023-06-12,5,5,4,15000,2023-02-16,116,1,4,1,1
218,1,10,4,2024-03-07,6,6,2,15000,2023-11-08,120,1,3,4,2
291,6,56,60,2024-05-02,5,5,1,1321,2024-01-25,98,2,2,4,1
95,3,25,30,2024-02-09,1,1,3,15000,2024-02-07,2,7,4,5,1
194,1,10,9,2025-11-14,8,8,1,14327,2025-07-06,131,6,1,5,2
226,1,7,2,2024-06-30,3,3,1,10193,2024-03-18,104,2,3,7,2
407,4,34,39,2023-03-15,2,2,1,12880,2022-11-10,125,8,1,3,1
108,7,69,68,2024-07-22,2,2,4,15000,2024-02-11,162,7,4,1,2
111,8,77,72,2025-03-20,8,8,4,15000,2025-01-22,57,6,4,4,1
407,1,5,1,2025-03-28,3,3,1,2613,2025-01-24,63,10,1,5,1
484,7,67,65,2025-04-08,10,10,1,8900,2024-12-07,122,2,3,2,2
83,3,29,27,2024-06-28,4,4,2,2472,2024-01-19,161,5,5,5,2
209,8,74,78,2023-06-16,6,6,3,785,2023-03-08,100,3,4,5,2
250,3,24,25,2023-09-26,6,6,2,15000,2023-06-08,110,3,4,2,1
234,2,16,15,2025-06-05,3,3,3,15000,2025-01-16,140,2,2,4,3
289,3,23,26,2025-02-13,9,9,2,2695,2024-09-12,154,2,5,4,1
415,10,92,94,2024-04-07,4,4,4,15000,2024-03-17,21,9,5,7,1
188,9,90,86,2023-07-11,8,8,1,10983,2023-02-17,144,2,2,2,1
170,10,95,96,2025-03-08,6,6,3,15000,2024-10-04,155,6,1,6,2
49,2,14,16,2024-12-17,5,5,4,15000,2024-12-16,1,6,3,2,2
199,4,34,31,2025-03-15,1,1,2,15000,2024-11-02,133,5,5,6,3
399,7,66,68,2024-12-13,7,7,4,15000,2024-12-10,3,5,2,5,3
217,9,86,89,2025-06-27,4,4,4,15000,2025-05-10,48,6,5,5,3
74,2,13,14,2023-07-27,4,4,3,15000,2023-02-20,157,3,4,4,3
407,8,77,75,2025-04-07,2,2,2,15000,2025-01-15,82,2,5,1,1
183,1,8,2,2024-07-13,8,8,1,990,2024-06-11,32,5,4,6,3
485,6,59,57,2024-02-05,8,8,4,10518,2024-01-13,23,7,1,1,3
293,5,43,49,2025-08-10,6,6,3,15000,2025-07-13,28,10,4,7,2
92,3,21,30,2024-10-17,3,3,3,5345,2024-06-19,120,1,2,4,3
394,4,37,39,2024-02-26,1,1,2,10189,2023-09-06,173,7,1,1,3
295,1,6,5,2024-10-06,10,10,4,15000,2024-09-22,14,7,4,7,2
25,1,8,2,2023-12-15,7,7,4,11063,2023-08-29,108,9,5,5,2
222,3,24,23,2024-07-28,9,9,1,6892,2024-05-04,85,4,5,7,2
13,1,9,8,2025-04-09,1,1,4,15000,2025-01-29,70,9,1,3,1
321,10,93,95,2023-12-25,4,4,1,15000,2023-08-23,124,6,4,1,3
176,10,93,91,2024-06-18,9,9,3,15000,2024-05-21,28,9,3,2,2
177,7,62,64,2025-01-10,3,3,2,11847,2024-11-10,61,3,2,5,1
68,1,8,4,2025-11-08,1,1,2,15000,2025-10-09,30,10,5,6,1
372,5,49,44,2023-07-23,5,5,2,15000,2023-01-24,180,2,3,7,2
261,8,73,78,2023-04-03,3,3,2,8449,2023-01-26,67,10,2,1,2
389,1,10,8,2024-02-18,10,10,1,14394,2023-11-21,89,3,3,7,3
270,7,61,64,2023-02-15,2,2,3,15000,2022-11-13,94,10,5,3,1
87,3,30,21,2024-05-11,4,4,2,15000,2023-12-28,135,5,1,6,1
223,2,13,18,2023-01-07,5,5,4,9105,2022-08-02,158,8,3,6,2
438,9,81,86,2025-11-10,10,10,2,15000,2025-10-17,24,1,4,1,3
335,7,68,61,2024-08-13,1,1,3,9332,2024-05-08,97,8,3,2,2
207,10,95,91,2023-08-13,5,5,1,15000,2023-08-12,1,5,3,7,3
127,7,65,69,2023-06-07,6,6,1,3389,2023-01-24,134,5,4,3,3
282,9,82,83,2024-10-14,5,5,1,4654,2024-07-30,76,6,5,1,2
238,7,70,66,2023-02-20,6,6,3,15000,2022-12-02,80,2,3,1,2
289,8,79,75,2025-11-14,9,9,4,15000,2025-09-29,46,4,4,5,2
359,6,52,54,2023-12-12,1,1,3,11307,2023-10-08,65,9,1,2,1
480,7,63,66,2025-07-15,2,2,1,13857,2025-06-29,16,9,1,2,1
352,2,12,14,2023-05-27,9,9,1,4494,2023-03-28,60,3,3,6,1
323,1,1,2,2025-12-31,8,8,2,15000,2025-12-16,15,7,4,3,3
43,3,21,30,2023-06-25,5,5,3,11919,2023-03-31,86,3,2,7,2
426,10,97,100,2025-09-19,8,8,4,15000,2025-08-14,36,7,3,5,2
437,10,94,96,2023-03-08,3,3,2,14812,2022-12-31,67,2,5,3,2
375,8,76,78,2025-07-05,3,3,3,4964,2025-05-03,63,5,4,6,3
224,7,64,61,2023-10-04,6,6,4,14189,2023-04-30,157,7,5,3,2
109,10,95,92,2025-10-27,3,3,4,1600,2025-09-23,34,2,5,1,1
257,7,64,65,2024-11-12,4,4,3,15000,2024-11-07,5,2,4,2,2
497,9,85,81,2023-07-29,2,2,1,8070,2023-06-11,48,1,2,6,2
79,2,20,11,2024-07-14,10,10,2,14474,2024-05-22,53,6,1,7,1
7,4,32,35,2024-08-12,4,4,3,15000,2024-04-09,125,6,3,1,1
489,8,71,75,2025-05-04,8,8,4,15000,2025-03-09,56,8,3,7,2
95,10,99,97,2025-11-19,1,1,3,15000,2025-10-05,45,1,1,3,1
232,5,43,45,2024-11-01,8,8,1,15000,2024-10-10,22,6,5,5,2
195,10,96,94,2025-01-07,8,8,4,15000,2025-01-02,5,2,1,2,3
433,6,58,53,2024-06-29,7,7,3,15000,2024-01-10,171,3,3,6,3
308,6,59,53,2025-09-08,7,7,2,15000,2025-05-11,120,2,4,1,1
463,9,83,81,2023-10-19,5,5,1,7356,2023-09-17,32,5,1,4,1
368,1,5,2,2023-05-10,1,1,1,15000,2023-04-22,18,7,1,3,1
377,8,71,76,2024-12-07,9,9,2,15000,2024-07-31,129,5,4,6,1
140,6,53,55,2025-04-01,6,6,1,9081,2025-02-09,51,2,1,2,3
26,8,80,78,2023-10-10,6,6,4,15000,2023-09-05,35,6,2,2,1
356,9,82,83,2023-08-26,8,8,2,6721,2023-05-05,113,1,5,6,2
24,8,78,72,2023-04-11,10,10,4,15000,2023-03-29,13,3,2,2,3
310,4,31,34,2023-09-02,3,3,2,11209,2023-08-07,26,5,2,6,1
21,2,18,20,2023-06-25,6,6,3,15000,2023-03-13,104,4,4,7,2
104,9,89,85,2023-05-13,3,3,3,15000,2022-12-24,140,10,4,6,1
20,5,45,50,2023-08-05,8,8,2,2120,2023-02-13,173,6,4,6,1
159,9,83,84,2023-08-30,3,3,2,9368,2023-06-04,87,3,1,3,1
113,9,81,84,2024-07-15,9,9,3,15000,2024-03-03,134,5,5,1,3
406,10,98,95,2023-10-29,3,3,3,15000,2023-08-13,77,9,4,7,2
295,3,25,24,2023-07-10,4,4,3,14383,2023-04-16,85,1,2,1,2
28,6,55,52,2024-12-26,4,4,1,15000,2024-10-18,69,5,1,4,2
65,7,70,61,2025-02-18,7,7,2,15000,2024-12-13,67,2,3,2,2
431,5,42,49,2023-11-19,2,2,4,14259,2023-10-23,27,5,1,7,1
373,10,98,96,2023-10-14,2,2,1,11886,2023-09-01,43,3,3,6,2
357,2,15,19,2025-12-24,5,5,3,9510,2025-08-07,139,4,2,3,2
366,4,31,32,2025-03-14,9,9,1,3127,2024-11-25,109,4,4,5,1
455,3,29,22,2024-05-24,2,2,1,15000,2024-05-08,16,6,3,5,1
132,7,61,63,2025-05-31,1,1,4,2333,2025-01-17,134,5,5,6,2
184,8,76,71,2025-09-09,4,4,1,15000,2025-08-17,23,4,4,2,3
192,2,13,12,2025-12-24,10,10,3,13379,2025-08-29,117,1,2,3,1
186,4,38,34,2023-10-21,6,6,2,15000,2023-10-20,1,6,1,6,2
182,10,98,91,2023-11-19,2,2,4,15000,2023-10-28,22,2,5,7,2
97,6,59,52,2024-07-23,10,10,3,14015,2024-04-25,89,1,1,2,2
220,4,33,38,2025-04-26,2,2,4,15000,2025-03-19,38,6,3,6,1
426,1,1,2,2023-03-24,5,5,4,15000,2023-03-05,19,10,5,5,2
429,9,88,82,2024-10-15,2,2,2,1842,2024-08-16,60,6,3,2,3
389,8,71,79,2024-03-15,4,4,4,15000,2024-03-06,9,8,4,5,1
13,9,81,90,2023-02-20,10,10,3,10009,2022-12-14,68,9,5,1,3
328,10,97,95,2023-08-14,10,10,3,15000,2023-04-25,111,1,4,1,1
293,1,10,7,2023-03-15,4,4,4,15000,2023-01-05,69,10,3,3,1
92,1,6,9,2025-12-01,5,5,4,10255,2025-06-28,156,5,3,1,1
29,1,5,7,2023-11-20,4,4,4,15000,2023-06-16,157,5,4,1,1
360,5,43,42,2024-11-07,8,8,2,15000,2024-06-08,152,5,4,4,1
143,2,13,14,2024-11-22,7,7,2,5157,2024-09-04,79,9,2,5,2
267,8,78,71,2023-10-25,5,5,4,15000,2023-05-19,159,9,4,3,3
181,9,83,89,2025-08-12,1,1,4,15000,2025-05-30,74,6,2,2,1
279,1,10,6,2025-07-13,10,10,4,6797,2025-01-30,164,6,2,7,2
397,10,95,97,2024-09-30,1,1,3,15000,2024-06-04,118,1,2,1,2
19,4,36,37,2024-01-19,4,4,1,8260,2023-07-24,179,7,3,5,1
183,4,40,33,2025-10-04,1,1,3,15000,2025-06-04,122,1,3,6,2
342,9,86,89,2023-02-05,10,10,2,15000,2022-09-19,139,6,1,7,2
326,8,74,78,2023-02-28,1,1,2,15000,2023-01-14,45,4,5,2,1
70,1,5,7,2023-01-06,5,5,3,15000,2022-12-10,27,10,1,5,3
401,7,70,64,2024-10-16,8,8,4,15000,2024-09-24,22,2,2,3,3
167,10,94,97,2023-05-10,10,10,1,14547,2023-03-08,63,2,4,3,1
85,5,44,48,2023-12-30,4,4,1,10524,2023-10-30,61,10,5,6,2
218,10,94,99,2023-12-10,3,3,4,15000,2023-07-12,151,8,3,7,1
187,6,52,54,2024-02-11,1,1,2,15000,2023-09-13,151,5,5,7,2
337,3,24,25,2025-04-18,10,10,1,8610,2025-01-11,97,8,2,5,2
379,9,90,89,2025-11-11,9,9,2,15000,2025-05-15,180,9,2,2,3
308,3,24,26,2024-08-16,10,10,2,5460,2024-05-11,97,4,5,5,2
67,7,64,68,2023-01-09,8,8,1,11145,2022-10-23,78,6,1,1,2
163,8,76,72,2025-04-12,5,5,4,15000,2025-03-02,41,6,3,6,2
483,10,99,97,2025-12-08,8,8,4,15000,2025-11-04,34,8,2,1,3
412,1,9,8,2023-05-12,2,2,1,5645,2023-01-12,120,7,2,5,2
30,5,43,42,2023-01-13,1,1,2,10197,2022-07-31,166,5,4,5,1
477,4,33,34,2023-07-13,3,3,1,11200,2023-03-07,128,8,5,4,1
266,3,28,22,2023-11-18,5,5,2,4510,2023-07-19,122,2,2,6,2
213,2,16,17,2025-02-04,2,2,3,2479,2024-12-17,49,1,3,2,2
7,6,53,57,2023-06-12,5,5,1,11024,2023-03-29,75,10,2,1,1
390,8,76,75,2025-09-04,10,10,1,6282,2025-09-03,1,4,1,4,3
393,9,87,83,2023-03-23,8,8,3,15000,2023-02-17,34,6,1,4,2
52,1,5,10,2025-01-13,3,3,2,10387,2024-11-13,61,3,3,1,1
402,1,1,6,2023-03-28,6,6,3,15000,2022-11-05,143,6,4,2,1
390,2,15,13,2024-06-11,9,9,3,14108,2023-12-20,174,10,4,2,1
363,3,27,21,2025-09-27,2,2,4,15000,2025-06-12,107,2,5,6,2
109,9,84,87,2024-11-26,1,1,1,5236,2024-09-20,67,5,4,2,1
94,1,1,3,2024-03-29,1,1,4,15000,2023-10-18,163,8,3,5,3
337,8,77,72,2024-09-06,8,8,3,15000,2024-05-23,106,1,5,5,2
236,2,11,15,2023-03-22,2,2,3,15000,2022-10-18,155,6,4,3,2
228,10,99,93,2024-08-09,4,4,3,15000,2024-06-11,59,7,2,5,1
278,7,69,70,2024-01-03,6,6,4,15000,2023-11-27,37,6,1,3,2
428,7,65,63,2024-10-14,3,3,1,6497,2024-08-27,48,7,5,1,1
217,7,61,67,2024-08-16,8,8,2,15000,2024-06-26,51,3,4,5,2
163,10,92,99,2025-07-01,2,2,4,15000,2025-01-26,156,9,3,2,1
4,4,32,38,2023-12-06,7,7,3,15000,2023-06-15,174,10,3,3,1
300,7,64,69,2025-12-27,10,10,2,15000,2025-07-26,154,2,1,6,3
130,5,44,43,2025-10-29,5,5,3,3828,2025-08-16,74,1,3,3,1
238,3,29,24,2025-04-15,9,9,4,15000,2024-10-20,177,7,2,2,2
150,3,24,30,2024-01-09,3,3,3,15000,2023-09-30,101,6,3,2,2
484,7,65,62,2025-02-28,5,5,3,15000,2025-01-26,33,4,1,5,3
446,1,10,9,2024-09-15,2,2,4,15000,2024-05-13,125,4,1,7,1
273,4,35,37,2024-08-14,4,4,3,15000,2024-06-14,61,2,1,3,1
238,10,92,95,2023-12-11,2,2,4,13258,2023-11-04,37,5,4,1,1
405,9,82,86,2025-05-14,1,1,1,13823,2024-12-03,162,8,5,3,1
486,7,61,70,2025-12-18,9,9,2,15000,2025-08-25,115,3,5,4,2
66,10,94,96,2025-03-16,4,4,1,11378,2025-03-02,14,8,5,7,1
265,3,22,30,2023-02-06,6,6,3,15000,2023-01-22,15,5,5,1,2
215,7,68,63,2025-02-28,6,6,2,1895,2024-10-17,134,4,5,5,2
453,5,44,49,2024-05-17,10,10,4,15000,2024-01-18,120,4,3,5,2
412,8,76,78,2024-11-08,3,3,4,15000,2024-07-01,130,1,4,5,3
361,2,14,12,2023-03-19,8,8,1,8680,2023-03-17,2,5,2,7,1
202,4,34,35,2023-04-28,8,8,1,8267,2023-03-01,58,9,5,5,2
107,6,60,53,2024-02-21,6,6,3,15000,2023-11-09,104,1,3,3,2
71,3,23,28,2024-05-04,10,10,2,15000,2023-11-06,180,9,2,6,1
85,9,87,81,2025-08-17,6,6,4,15000,2025-07-05,43,10,5,7,1
447,6,56,58,2023-08-16,6,6,1,5038,2023-03-17,152,2,2,3,2
134,1,6,5,2024-11-04,9,9,1,516,2024-06-23,134,7,5,1,2
60,5,44,42,2024-03-01,10,10,4,15000,2023-10-24,129,7,3,5,2
335,9,88,82,2024-07-18,7,7,3,15000,2024-05-17,62,2,4,4,3
260,5,43,49,2023-08-15,1,1,2,15000,2023-07-26,20,10,4,2,1
176,5,44,46,2025-03-23,10,10,1,7760,2025-02-06,45,3,4,7,1
294,8,79,74,2025-09-11,7,7,1,11952,2025-08-25,17,5,3,4,2
406,2,12,15,2023-12-21,4,4,3,15000,2023-08-06,137,10,5,4,2
304,1,9,7,2024-03-22,7,7,4,15000,2023-10-04,170,6,4,5,2
113,5,41,48,2024-06-04,9,9,1,2115,2024-05-11,24,8,2,2,3
8,5,43,47,2024-07-10,3,3,2,6937,2024-02-08,153,10,3,3,2
346,1,7,3,2023-10-23,6,6,1,6280,2023-06-13,132,2,1,1,1
331,8,73,76,2023-07-10,2,2,3,15000,2023-04-29,72,1,3,1,3
189,2,20,18,2025-07-14,6,6,3,15000,2025-04-01,104,6,5,1,1
270,1,4,5,2023-06-03,9,9,1,15000,2022-12-10,175,6,1,6,3
415,4,37,36,2025-05-04,9,9,3,15000,2025-04-26,8,3,1,7,3
354,3,28,23,2025-01-18,3,3,3,14382,2024-08-23,148,7,1,6,1
41,2,15,17,2024-01-08,2,2,2,15000,2023-08-27,134,5,5,1,3
19,4,32,36,2024-11-26,10,10,4,15000,2024-09-18,69,10,2,2,1
358,9,90,83,2024-11-26,9,9,4,15000,2024-08-12,106,8,1,2,1
156,6,53,51,2023-09-01,10,10,2,15000,2023-03-08,177,10,1,5,1
255,9,81,82,2023-03-17,9,9,2,14768,2023-01-17,59,8,5,5,2
187,1,7,2,2023-08-26,4,4,2,15000,2023-03-30,149,3,4,6,3
356,1,3,4,2024-02-07,3,3,2,4530,2024-01-28,10,8,5,3,2
61,7,66,69,2023-02-05,5,5,4,15000,2022-12-26,41,9,3,7,3
491,6,53,60,2023-08-10,2,2,4,15000,2023-04-02,130,10,4,4,1
487,1,7,2,2023-03-17,10,10,1,15000,2023-01-27,49,9,4,5,2
496,9,83,87,2025-08-10,2,2,2,15000,2025-03-04,159,3,3,7,1
66,1,8,7,2023-04-25,2,2,1,6096,2023-02-06,78,3,1,2,2
494,8,80,78,2025-03-08,3,3,2,12474,2024-09-17,172,4,5,6,3
312,8,72,78,2023-10-30,4,4,1,2224,2023-07-31,91,1,4,1,1
119,4,37,36,2024-12-22,4,4,4,15000,2024-09-13,100,3,5,7,2
422,4,37,38,2024-02-24,8,8,3,15000,2023-10-20,127,5,3,6,3
93,8,77,71,2023-11-13,4,4,4,6666,2023-09-06,68,7,5,1,3
243,5,41,44,2025-09-26,4,4,1,8447,2025-09-18,8,5,5,5,1
253,5,45,50,2025-10-27,3,3,4,11575,2025-05-09,171,8,4,1,2
479,3,23,22,2023-09-02,9,9,3,3552,2023-06-01,93,6,3,6,3
233,7,67,61,2024-01-21,4,4,3,15000,2023-12-13,39,4,2,7,1
286,5,49,44,2025-04-23,4,4,1,782,2025-03-31,23,6,1,3,3
305,3,25,27,2025-07-30,5,5,3,15000,2025-06-11,49,1,2,3,1
235,3,29,21,2023-09-02,6,6,4,15000,2023-04-26,129,9,3,6,2
174,4,40,36,2025-03-22,2,2,3,15000,2025-01-26,55,8,2,6,2
499,2,14,16,2024-07-17,1,1,4,15000,2024-03-27,112,8,5,3,2
472,6,52,58,2023-09-09,8,8,2,15000,2023-07-07,64,7,5,6,1
142,8,75,80,2024-02-29,5,5,1,7089,2023-09-22,160,5,2,4,2
376,5,43,42,2024-04-15,1,1,2,15000,2024-02-25,50,6,3,1,2
302,2,13,12,2024-05-13,8,8,3,15000,2024-04-02,41,6,1,1,3
247,5,42,44,2023-03-27,4,4,4,15000,2022-11-13,134,8,5,1,1
289,4,34,32,2025-01-25,5,5,4,15000,2024-08-25,153,1,2,6,2
416,7,66,64,2025-07-03,9,9,4,15000,2025-04-14,80,10,2,4,1
476,10,98,91,2023-12-12,8,8,3,15000,2023-11-27,15,8,5,2,2
109,2,14,19,2025-12-07,10,10,2,4001,2025-07-18,142,2,5,7,1
311,5,48,49,2023-08-05,6,6,4,15000,2023-07-11,25,6,2,6,1
192,1,3,2,2025-02-01,3,3,2,13604,2025-01-21,11,7,2,6,2
404,4,39,34,2024-09-22,8,8,2,4083,2024-08-19,34,4,3,7,2
467,4,38,33,2024-06-16,6,6,1,15000,2024-05-18,29,1,2,7,3
73,10,95,100,2025-01-22,10,10,4,15000,2024-10-12,102,5,3,3,1
442,4,33,39,2023-10-04,8,8,3,1032,2023-04-16,171,10,1,3,2
207,9,87,88,2023-08-22,5,5,4,15000,2023-03-30,145,5,5,2,2
44,3,23,26,2024-10-03,1,1,2,873,2024-05-25,131,4,1,4,3
477,5,43,45,2023-06-19,6,6,2,15000,2023-02-17,122,3,5,1,2
284,8,74,72,2024-05-31,2,2,3,13176,2024-03-24,68,6,1,5,2
169,2,14,18,2025-09-14,9,9,4,15000,2025-09-08,6,8,1,7,2
315,10,96,100,2023-04-21,4,4,3,15000,2023-04-18,3,5,3,5,1
279,2,13,12,2025-10-08,3,3,1,13213,2025-08-02,67,4,3,3,2
143,8,71,79,2023-01-19,5,5,4,15000,2022-09-28,113,9,2,4,1
278,1,2,8,2024-09-13,8,8,4,4538,2024-06-21,84,1,4,5,1
371,1,4,5,2023-08-22,3,3,1,7474,2023-07-28,25,8,5,2,1
230,2,19,15,2024-08-28,2,2,1,14862,2024-05-11,109,7,2,3,2
187,4,34,40,2024-04-11,9,9,4,9778,2023-10-28,166,3,3,4,3
435,3,27,23,2025-04-20,8,8,4,15000,2024-12-30,111,1,1,7,1
15,9,90,87,2023-04-04,9,9,4,15000,2022-11-15,140,5,2,2,2
23,5,42,45,2024-11-02,7,7,3,4057,2024-08-22,72,4,4,6,1
102,4,37,31,2023-03-11,3,3,1,9977,2023-02-24,15,2,4,6,2
105,7,69,61,2025-05-01,4,4,1,11043,2024-11-04,178,3,5,4,1
471,3,27,23,2023-01-06,1,1,2,13537,2022-12-01,36,3,1,5,2
406,9,89,82,2023-03-01,2,2,1,8565,2022-12-25,66,5,1,3,1
257,4,40,38,2025-08-13,7,7,2,479,2025-07-02,42,9,4,3,1
470,7,63,62,2025-05-21,6,6,4,15000,2024-12-19,153,6,2,3,1
67,10,100,93,2023-06-23,5,5,2,15000,2023-05-24,30,6,4,5,2
17,7,69,68,2023-02-21,2,2,4,15000,2022-12-26,57,1,5,2,2
101,4,34,33,2024-12-27,5,5,3,15000,2024-12-14,13,9,1,5,3
169,7,69,64,2025-12-14,2,2,2,15000,2025-10-04,71,2,1,7,1
100,7,67,62,2025-01-20,5,5,1,9166,2024-09-15,127,6,2,1,2
164,9,90,86,2023-10-06,10,10,3,15000,2023-05-16,143,9,5,5,1
355,5,42,46,2023-07-29,3,3,1,6921,2023-03-18,133,7,1,6,2
92,7,62,63,2023-07-04,9,9,3,749,2023-04-05,90,2,5,2,2
116,8,71,75,2025-01-06,4,4,2,15000,2024-07-23,167,6,3,1,1
326,10,95,92,2023-12-04,6,6,1,6000,2023-10-19,46,9,1,1,1
224,2,11,12,2023-05-19,6,6,1,6117,2023-01-16,123,10,2,5,2
67,9,90,89,2025-02-28,8,8,1,2207,2024-12-24,66,5,5,5,2
24,3,29,21,2024-01-13,10,10,3,15000,2023-09-04,131,1,1,6,2
342,2,20,13,2024-11-05,3,3,3,15000,2024-10-14,22,4,4,2,1
307,8,74,78,2024-05-26,3,3,4,15000,2024-03-07,80,3,2,7,2
296,4,40,31,2024-04-24,1,1,3,15000,2024-04-20,4,1,5,3,2
223,8,71,76,2024-09-25,4,4,4,15000,2024-09-07,18,7,5,3,1
31,10,91,99,2024-10-30,9,9,4,15000,2024-07-23,99,5,2,3,2
482,7,69,65,2023-01-29,8,8,4,15000,2022-10-21,100,7,4,7,1
106,10,93,96,2023-12-08,1,1,4,15000,2023-07-21,140,8,2,5,3
493,5,42,49,2024-06-28,3,3,2,15000,2024-03-30,90,5,4,5,2
237,8,73,78,2024-12-30,8,8,1,6408,2024-08-11,141,3,3,1,3
284,10,96,92,2025-03-27,5,5,2,15000,2024-10-21,157,7,5,4,2
92,7,70,67,2023-02-06,5,5,4,15000,2022-08-25,165,8,1,1,1
395,2,13,16,2024-01-07,5,5,3,4885,2023-08-06,154,3,5,7,1
69,3,28,24,2024-08-10,8,8,1,6296,2024-03-29,134,8,2,6,2
147,10,92,95,2024-07-15,5,5,4,15000,2024-03-29,108,4,5,1,1
426,3,29,25,2024-11-06,5,5,3,15000,2024-07-17,112,10,5,3,2
162,2,19,20,2023-04-11,8,8,1,4701,2022-12-30,102,7,3,2,1
462,5,42,48,2024-06-05,10,10,3,4407,2024-01-12,145,4,2,3,1
346,2,12,15,2024-08-30,1,1,1,2505,2024-06-24,67,10,4,5,1
318,7,65,67,2024-12-27,9,9,4,15000,2024-10-16,72,8,3,5,2
325,5,47,49,2024-10-01,8,8,2,4537,2024-09-28,3,3,3,2,2
377,7,63,67,2023-06-01,7,7,1,8494,2023-04-30,32,5,2,4,1
242,3,26,22,2024-11-29,5,5,2,15000,2024-07-21,131,5,1,5,2
95,2,16,20,2025-07-19,9,9,3,15000,2025-05-06,74,1,4,6,3
443,5,49,45,2025-08-05,2,2,1,4684,2025-04-17,110,10,4,2,3
290,5,41,46,2024-01-04,6,6,2,15000,2023-10-06,90,8,1,4,3
166,5,41,48,2025-10-27,4,4,2,15000,2025-07-29,90,2,2,1,3
119,10,97,93,2025-06-10,6,6,4,12118,2025-02-24,106,10,2,2,1
41,6,56,60,2023-03-07,1,1,4,15000,2023-02-20,15,1,2,2,1
256,3,21,30,2024-11-08,3,3,2,13899,2024-10-03,36,3,3,5,2
460,3,25,28,2025-02-10,5,5,3,15000,2024-12-03,69,10,2,1,3
67,6,59,53,2025-04-14,5,5,1,14521,2025-01-25,79,4,3,1,1
101,8,72,77,2024-05-21,3,3,3,15000,2023-11-25,178,7,5,2,2
149,7,68,67,2024-08-25,6,6,4,15000,2024-08-24,1,5,3,7,2
381,4,39,31,2025-08-26,7,7,2,15000,2025-07-24,33,8,5,2,2
333,5,42,44,2025-01-31,8,8,3,15000,2025-01-18,13,9,3,5,3
449,1,9,2,2025-01-12,4,4,4,15000,2024-07-28,168,3,2,7,3
260,6,52,60,2023-07-09,3,3,4,15000,2023-03-10,121,2,3,7,1
475,7,68,66,2024-10-05,6,6,2,7277,2024-09-30,5,5,4,6,2
40,10,93,97,2024-12-26,8,8,4,15000,2024-11-18,38,5,4,4,3
283,3,25,28,2023-07-25,1,1,3,15000,2023-06-21,34,1,3,2,2
108,9,81,89,2025-10-17,9,9,2,15000,2025-05-25,145,4,1,5,2
210,2,12,18,2024-08-06,1,1,1,12838,2024-05-09,89,4,3,2,2
333,9,86,81,2023-09-27,10,10,1,3685,2023-07-12,77,1,1,3,1
116,10,94,95,2024-10-08,2,2,4,15000,2024-10-06,2,6,4,2,2
168,8,78,73,2023-08-29,9,9,3,15000,2023-08-02,27,10,5,2,2
195,9,87,83,2025-05-15,6,6,2,12330,2025-02-09,95,4,1,4,2
298,7,62,64,2025-05-30,5,5,4,15000,2024-12-17,164,3,1,5,3
428,6,54,52,2025-02-18,5,5,4,15000,2025-02-01,17,8,2,2,1
10,5,42,50,2025-05-28,3,3,1,7430,2025-05-25,3,8,3,3,1
6,4,33,35,2024-03-09,4,4,4,15000,2023-11-22,108,1,1,6,2
17,5,48,41,2024-10-14,5,5,1,3851,2024-09-25,19,10,5,1,3
19,10,98,91,2023-04-15,8,8,2,6989,2023-03-30,16,7,4,6,1
130,10,96,94,2023-06-21,6,6,2,11922,2023-03-08,105,1,2,3,1
286,3,22,21,2023-12-19,3,3,4,15000,2023-08-23,118,2,1,2,1
330,7,69,68,2024-11-28,5,5,2,15000,2024-06-10,171,1,2,4,2
337,5,46,45,2024-07-11,7,7,2,15000,2024-03-18,115,7,3,4,3
309,3,27,28,2025-03-02,1,1,1,15000,2024-11-03,119,9,1,7,3
464,4,32,31,2023-10-20,3,3,4,15000,2023-07-24,88,3,1,5,3
366,1,8,9,2024-02-03,3,3,3,15000,2024-02-01,2,10,1,6,1
41,2,11,20,2025-01-23,5,5,3,15000,2024-12-28,26,7,5,4,1
59,8,73,77,2023-10-13,9,9,4,15000,2023-09-15,28,4,1,5,2
393,1,10,3,2024-03-09,4,4,3,15000,2024-02-25,13,8,4,6,3
341,6,53,57,2024-05-04,6,6,1,12243,2024-01-29,96,10,4,6,2
368,6,53,57,2023-02-03,5,5,1,6391,2022-09-27,129,10,2,5,3
286,10,100,98,2025-12-23,7,7,2,1132,2025-07-06,170,6,4,2,1
360,7,65,62,2024-05-06,2,2,3,15000,2024-03-11,56,2,5,1,2
126,6,51,60,2023-12-19,9,9,3,15000,2023-12-16,3,3,2,2,2
212,2,15,11,2024-06-25,9,9,1,8640,2024-01-28,149,7,1,2,2
188,6,52,55,2023-12-31,5,5,3,15000,2023-07-31,153,1,1,7,1
478,4,36,31,2023-10-18,7,7,1,14941,2023-05-22,149,4,4,3,2
455,10,96,97,2023-01-29,8,8,1,15000,2022-11-12,78,5,3,7,2
40,8,76,74,2023-07-31,4,4,4,15000,2023-03-06,147,6,4,1,2
351,10,94,96,2025-03-26,4,4,3,15000,2024-10-24,153,8,5,3,3
108,2,11,19,2024-04-07,5,5,3,15000,2024-03-12,26,6,1,7,1
123,3,22,29,2025-10-19,4,4,3,7263,2025-07-04,107,3,1,7,2
227,8,76,75,2024-08-15,5,5,2,15000,2024-03-15,153,3,4,4,2
50,7,69,68,2024-04-12,9,9,2,15000,2023-11-26,138,8,2,5,3
486,6,53,51,2025-10-08,2,2,3,15000,2025-10-06,2,7,3,3,1
214,7,61,63,2024-08-12,9,9,4,15000,2024-02-28,166,7,2,1,2
32,9,83,89,2023-10-01,5,5,1,10159,2023-05-19,135,3,1,7,3
347,7,62,64,2025-08-12,4,4,3,15000,2025-02-15,178,6,2,2,3
439,1,5,7,2025-10-20,1,1,3,5596,2025-07-12,100,9,3,1,1
261,2,18,11,2024-07-13,1,1,1,6785,2024-02-17,147,3,1,6,2
499,1,4,5,2024-08-16,1,1,4,15000,2024-05-24,84,3,4,5,2
105,7,65,62,2025-05-30,10,10,1,6739,2025-05-16,14,5,2,5,1
125,6,58,57,2023-04-02,5,5,4,15000,2023-03-11,22,10,1,7,2
302,2,13,15,2023-07-20,7,7,2,15000,2023-06-11,39,8,2,4,2
471,6,58,51,2024-02-24,9,9,1,6596,2023-12-30,56,5,2,6,2
177,3,28,30,2025-02-20,2,2,1,15000,2025-02-12,8,7,5,4,2
236,2,15,13,2023-11-17,10,10,1,1976,2023-08-09,100,1,5,5,1
281,9,87,83,2025-02-27,1,1,1,12593,2024-09-21,159,7,3,4,2
446,2,16,18,2023-01-21,5,5,2,15000,2022-08-26,148,9,5,6,1
153,4,36,32,2023-11-02,3,3,4,15000,2023-05-25,161,2,4,4,1
240,3,30,22,2024-03-22,8,8,1,15000,2024-01-25,57,3,2,5,2
422,7,63,62,2024-02-15,4,4,2,15000,2023-11-01,106,9,4,4,1
441,3,27,29,2025-11-25,5,5,1,1855,2025-09-26,60,2,3,2,2
499,10,99,92,2023-09-05,10,10,3,5895,2023-05-26,102,6,1,2,1
94,2,14,15,2025-09-24,2,2,3,15000,2025-06-12,104,4,4,3,2
134,5,46,41,2025-10-17,1,1,1,11869,2025-09-21,26,6,5,5,2
479,1,8,6,2025-02-12,10,10,3,15000,2025-01-10,33,5,2,3,2
205,8,75,74,2023-08-08,7,7,4,15000,2023-03-16,145,9,1,2,3
120,1,10,2,2023-03-25,8,8,4,15000,2023-03-17,8,6,3,6,2
271,8,77,80,2025-09-18,5,5,1,12449,2025-06-09,101,3,3,4,2
427,1,6,5,2024-12-22,1,1,4,15000,2024-09-15,98,10,4,7,3
7,4,34,32,2024-09-18,1,1,1,15000,2024-09-05,13,6,3,3,2
76,10,95,93,2025-10-06,5,5,1,5068,2025-06-25,103,5,3,1,1
177,8,72,76,2024-07-11,5,5,3,15000,2024-02-10,152,10,4,4,3
363,10,93,98,2023-04-27,4,4,1,2422,2022-11-13,165,7,5,4,2
213,6,56,59,2024-08-24,9,9,4,15000,2024-08-12,12,9,5,6,1
281,9,87,81,2025-05-24,6,6,3,1621,2024-12-15,160,6,1,6,3
144,4,40,39,2023-06-08,9,9,1,15000,2022-12-21,169,7,5,4,3
437,9,89,82,2023-11-11,3,3,2,7605,2023-10-26,16,5,5,6,3
327,2,13,15,2024-10-25,7,7,2,2653,2024-08-07,79,2,3,5,2
225,1,5,9,2025-12-03,7,7,4,15000,2025-08-16,109,6,5,3,2
327,1,5,4,2025-12-20,9,9,2,3827,2025-11-23,27,3,4,6,2
364,1,1,9,2024-11-09,6,6,2,15000,2024-10-20,20,6,4,6,2
315,9,86,82,2023-03-23,6,6,2,1165,2022-12-27,86,10,3,4,2
18,4,35,34,2025-10-22,4,4,3,15000,2025-05-23,152,3,5,3,3
378,1,2,4,2023-02-25,3,3,4,15000,2022-12-07,80,6,4,6,2
26,3,23,25,2023-04-06,7,7,4,15000,2023-03-25,12,7,3,4,1
368,2,16,18,2025-08-12,6,6,4,15000,2025-03-28,137,10,5,2,2
181,2,13,15,2023-09-05,3,3,3,12716,2023-08-16,20,8,4,2,1
245,3,22,26,2025-01-19,2,2,4,15000,2024-11-27,53,10,5,7,2
2,10,95,98,2025-09-22,2,2,1,310,2025-06-03,111,7,4,1,1
403,1,5,7,2025-07-17,5,5,3,15000,2025-03-09,130,4,5,4,3
312,7,63,61,2025-12-22,7,7,2,15000,2025-12-15,7,9,4,1,2
189,2,17,18,2024-04-10,6,6,2,15000,2024-03-31,10,2,1,3,1
336,1,2,8,2024-04-27,8,8,3,9321,2024-03-02,56,3,4,6,3
437,4,35,32,2023-11-06,4,4,4,4860,2023-09-22,45,1,2,1,3
399,4,35,40,2023-04-24,5,5,4,4607,2023-01-03,111,6,3,1,2
103,3,30,26,2024-11-07,7,7,1,9074,2024-05-22,169,1,2,4,1
449,6,53,54,2024-06-26,7,7,2,15000,2024-02-24,123,4,5,3,2
334,8,80,78,2025-01-07,7,7,1,15000,2024-12-02,36,4,2,2,3
76,6,60,51,2025-10-07,4,4,3,15000,2025-09-14,23,4,4,2,1
165,9,89,86,2024-10-13,7,7,3,15000,2024-08-04,70,5,5,7,2
331,7,61,68,2025-11-18,7,7,4,15000,2025-09-30,49,7,3,2,3
37,8,75,79,2025-10-26,1,1,4,15000,2025-04-29,180,8,5,7,3
55,10,95,93,2024-08-22,3,3,4,13639,2024-04-13,131,8,4,4,2
65,9,90,86,2025-03-20,8,8,3,15000,2025-02-26,22,9,3,4,3
396,2,14,16,2023-06-23,4,4,3,15000,2023-06-14,9,2,1,5,1
83,9,81,84,2025-11-17,6,6,4,15000,2025-09-25,53,7,4,1,3
482,9,89,87,2025-10-30,8,8,1,13044,2025-05-03,180,10,1,4,1
280,9,86,83,2025-02-22,8,8,1,13208,2024-10-03,142,10,5,6,1
197,1,9,8,2025-10-25,9,9,1,7060,2025-04-30,178,1,3,6,1
388,8,78,80,2025-08-20,10,10,4,10172,2025-02-21,180,2,4,3,2
215,7,68,63,2024-05-15,5,5,3,15000,2023-11-20,177,5,2,3,1
399,7,62,70,2025-01-06,5,5,2,12857,2024-10-28,70,9,3,1,2
345,8,73,72,2024-07-30,2,2,3,15000,2024-04-28,93,2,4,2,3
306,9,88,85,2025-10-11,1,1,1,7346,2025-09-25,16,9,5,6,1
112,9,81,84,2024-05-31,10,10,4,15000,2024-03-01,91,4,5,5,2
450,10,92,93,2025-01-15,8,8,1,6844,2024-08-31,137,10,3,3,3
345,2,11,17,2024-07-11,3,3,2,12458,2024-02-11,151,1,5,4,2
419,8,76,78,2023-12-05,9,9,2,15000,2023-09-16,80,1,1,2,2
407,1,7,10,2025-09-07,1,1,4,15000,2025-07-13,56,2,4,7,1
449,5,49,43,2024-06-13,7,7,3,5383,2023-12-24,172,10,5,4,1
332,10,92,98,2025-07-22,3,3,1,12718,2025-02-22,150,9,3,2,1
375,7,64,61,2025-10-08,7,7,4,15000,2025-10-03,5,8,5,3,2
234,9,85,88,2025-11-23,3,3,2,15000,2025-11-02,21,1,4,7,1
50,7,67,65,2025-09-19,2,2,4,15000,2025-05-24,118,2,3,5,1
193,7,61,65,2023-06-21,8,8,1,8366,2022-12-25,178,5,5,3,2
220,4,31,35,2024-07-16,2,2,2,15000,2024-03-19,119,7,2,2,2
425,6,55,60,2025-07-01,9,9,1,8158,2025-01-09,173,8,5,2,2
266,1,9,6,2025-06-03,2,2,1,895,2025-03-22,73,3,1,2,1
464,5,48,47,2025-05-10,8,8,1,4661,2025-01-15,115,2,2,6,2
66,7,66,65,2025-05-10,6,6,3,15000,2024-12-24,137,8,2,6,1
493,3,27,28,2025-02-15,4,4,2,15000,2025-01-06,40,7,5,6,3
241,10,93,91,2023-02-12,5,5,3,3933,2022-09-08,157,7,2,7,1
213,9,81,83,2025-12-07,8,8,4,15000,2025-08-28,101,3,1,7,2
203,9,81,85,2023-05-13,5,5,1,1972,2023-04-11,32,2,4,6,3
288,7,62,67,2024-06-04,10,10,3,14465,2024-02-08,117,5,5,2,1
16,1,3,7,2023-11-19,10,10,4,15000,2023-07-06,136,9,4,7,1
188,1,7,6,2024-11-20,5,5,4,5540,2024-10-25,26,5,4,3,1
280,2,12,19,2024-08-10,4,4,4,15000,2024-07-07,34,4,4,6,1
202,3,23,30,2023-12-31,1,1,3,15000,2023-07-16,168,2,4,7,2
236,4,37,40,2025-07-03,7,7,3,15000,2025-03-26,99,2,3,4,1
265,7,66,68,2025-04-27,1,1,3,15000,2025-01-16,101,5,3,7,2
323,3,27,30,2023-05-26,10,10,3,7751,2023-02-19,96,3,4,5,2
257,1,5,4,2025-10-17,9,9,3,1521,2025-07-27,82,7,4,5,1
67,5,46,49,2024-09-09,7,7,4,15000,2024-09-06,3,10,3,1,1
103,9,87,89,2023-03-28,2,2,4,15000,2022-10-21,158,8,1,2,1
237,3,27,26,2025-12-08,9,9,4,15000,2025-09-23,76,5,2,1,2
403,9,82,81,2025-06-10,4,4,2,6730,2025-01-18,143,10,4,2,1
481,3,28,30,2024-04-20,5,5,4,6112,2024-02-15,65,5,1,6,1
151,8,71,76,2023-04-14,3,3,4,10783,2023-02-21,52,2,1,5,1
243,6,59,52,2024-02-12,4,4,1,2596,2023-08-18,178,8,4,1,1
285,3,22,29,2023-02-24,8,8,2,15000,2023-02-20,4,9,2,5,1
320,8,77,75,2023-12-31,8,8,2,8750,2023-11-13,48,4,4,7,1
356,4,34,35,2025-01-13,3,3,4,15000,2024-12-31,13,8,3,1,2
370,8,80,79,2025-02-03,6,6,4,15000,2025-01-26,8,4,4,1,3
390,2,16,20,2023-09-16,5,5,3,15000,2023-07-01,77,6,2,6,3
89,9,90,84,2023-11-01,10,10,3,15000,2023-08-09,84,10,2,3,3
155,7,67,68,2024-03-08,3,3,2,13454,2024-02-03,34,4,3,5,2
162,2,16,11,2024-10-30,6,6,3,15000,2024-07-06,116,10,4,3,1
132,2,14,16,2025-07-09,7,7,4,15000,2025-03-07,124,1,4,3,3
268,4,31,38,2024-05-05,3,3,2,15000,2024-01-31,95,10,5,7,3
301,1,1,8,2025-04-27,9,9,2,15000,2025-01-31,86,8,4,7,2
383,6,59,57,2024-01-19,9,9,1,2929,2023-12-25,25,10,3,5,2
147,4,35,39,2023-06-02,5,5,3,15000,2023-03-24,70,4,3,5,2
361,7,69,65,2023-05-11,4,4,4,15000,2023-02-08,92,10,2,4,2
377,2,11,20,2023-03-21,8,8,1,1445,2023-03-11,10,2,2,2,2
446,4,38,35,2025-04-28,7,7,4,15000,2024-11-09,170,8,5,1,1
82,3,23,25,2023-09-11,5,5,1,2255,2023-08-06,36,4,3,1,3
407,6,57,52,2024-11-26,5,5,3,14544,2024-06-27,152,1,1,2,3
98,6,54,51,2025-05-19,5,5,2,11610,2025-01-03,136,4,3,1,1
364,5,42,48,2023-06-04,4,4,1,13556,2023-02-09,115,3,3,7,2
143,10,91,100,2024-12-06,9,9,1,15000,2024-09-23,74,10,2,5,2
380,5,47,45,2024-12-17,3,3,1,1802,2024-07-30,140,2,5,2,1
67,3,29,21,2024-08-12,3,3,1,6152,2024-06-09,64,7,4,1,1
328,1,7,8,2024-10-31,6,6,2,11274,2024-07-02,121,2,4,4,1
477,1,9,10,2024-04-13,3,3,3,15000,2023-12-14,121,1,1,6,2
54,10,93,97,2023-09-13,7,7,1,6016,2023-03-21,176,1,3,3,1
53,4,34,36,2023-05-15,2,2,3,15000,2023-04-04,41,1,2,1,2
63,6,54,56,2024-12-11,7,7,4,15000,2024-07-21,143,6,5,3,1
109,1,6,7,2025-09-22,9,9,4,9576,2025-04-20,155,9,1,1,1
132,6,56,57,2023-07-11,7,7,3,15000,2023-04-13,89,7,2,2,2
106,7,67,65,2023-06-16,2,2,1,8706,2023-05-20,27,6,3,5,2
317,1,5,4,2024-01-02,4,4,4,15000,2023-09-07,117,2,5,2,2
46,8,80,71,2024-09-07,9,9,3,15000,2024-05-10,120,5,4,6,2
427,2,17,16,2024-06-19,2,2,1,15000,2024-01-11,160,7,2,3,2
414,8,77,79,2023-08-25,6,6,3,15000,2023-06-20,66,4,4,5,1
84,4,33,37,2025-08-17,2,2,3,15000,2025-04-08,131,8,3,7,3
17,10,91,92,2025-10-04,10,10,2,15000,2025-09-27,7,4,2,6,3
319,1,10,7,2024-03-30,5,5,4,4473,2023-12-08,113,8,2,6,2
284,3,22,24,2023-02-19,10,10,2,6427,2022-11-29,82,6,2,7,1
326,6,54,57,2023-02-23,10,10,1,15000,2023-02-12,11,2,2,4,2
20,10,93,97,2024-12-20,7,7,3,15000,2024-07-07,166,4,3,5,2
102,8,79,74,2025-08-30,4,4,3,15000,2025-04-14,138,5,4,6,2
349,7,64,70,2024-02-01,8,8,2,13512,2023-11-02,91,1,5,4,2
134,1,5,3,2023-09-24,2,2,1,9606,2023-06-18,98,10,3,7,1
359,4,34,33,2025-01-06,1,1,4,15000,2024-07-12,178,3,3,1,3
235,1,8,7,2025-08-08,5,5,2,7997,2025-04-09,121,9,2,5,2
2,2,15,13,2025-10-30,2,2,2,15000,2025-10-08,22,7,1,4,2
120,10,98,95,2025-05-28,1,1,4,2453,2025-01-12,136,10,4,3,2
165,5,44,43,2025-12-20,5,5,4,7664,2025-09-02,109,2,5,6,1
340,10,100,97,2025-07-08,3,3,1,12322,2025-05-08,61,5,1,2,1
34,5,50,41,2024-10-13,2,2,3,15000,2024-09-22,21,10,5,7,1
77,9,88,82,2023-03-25,5,5,2,5734,2023-03-01,24,1,5,6,3
457,8,80,77,2024-05-31,5,5,2,6709,2024-01-12,140,10,3,5,1
94,7,66,70,2023-11-27,5,5,3,10235,2023-10-14,44,2,5,1,1
6,2,17,12,2023-10-21,3,3,3,15000,2023-05-06,168,6,2,6,1
430,6,59,52,2025-06-23,3,3,2,5022,2025-02-20,123,7,3,1,1
143,10,94,100,2025-01-01,6,6,2,13012,2024-11-30,32,1,5,3,1
462,4,32,39,2024-03-01,2,2,3,15000,2024-02-08,22,4,3,5,2
67,4,36,37,2025-07-02,8,8,4,15000,2025-05-12,51,3,1,3,2
429,5,48,47,2023-11-24,3,3,2,2844,2023-11-18,6,2,3,5,2
8,5,46,42,2024-02-23,2,2,3,15000,2023-09-05,171,5,4,5,1
239,2,17,13,2023-10-01,9,9,4,15000,2023-09-06,25,6,5,7,3
251,7,68,61,2024-05-28,4,4,4,15000,2024-04-21,37,2,4,2,2
219,4,37,32,2025-03-01,1,1,2,3345,2025-01-16,44,1,3,6,2
367,4,40,34,2023-06-07,10,10,3,15000,2023-06-06,1,10,1,3,2
196,3,22,29,2025-05-10,10,10,3,15000,2025-04-15,25,8,3,6,1
455,4,33,39,2023-09-13,10,10,2,5097,2023-07-23,52,6,2,3,2
81,7,61,64,2023-03-23,4,4,1,6004,2022-10-09,165,9,4,4,2
416,6,53,60,2023-12-14,6,6,3,9616,2023-06-24,173,6,4,4,1
86,6,56,53,2025-07-27,2,2,1,6556,2025-05-17,71,7,4,7,2
246,7,68,69,2024-05-23,8,8,4,15000,2024-01-19,125,3,1,4,2
55,9,81,84,2023-06-04,3,3,3,5210,2022-12-10,176,10,2,7,1
114,6,52,57,2024-08-01,8,8,3,3423,2024-05-30,63,2,5,4,2
406,3,22,23,2024-03-22,10,10,1,3682,2023-11-04,139,3,5,5,2
360,10,92,99,2023-06-25,8,8,1,3585,2023-02-04,141,9,2,7,1
421,3,22,30,2025-11-10,5,5,1,14933,2025-06-08,155,4,4,1,1
279,5,49,43,2023-02-04,2,2,4,15000,2022-11-09,87,8,1,6,1
322,8,78,75,2023-02-13,6,6,1,9589,2022-12-29,46,2,3,1,1
304,4,31,40,2025-07-25,3,3,1,5635,2025-03-05,142,8,2,5,3
292,10,92,98,2024-12-18,5,5,1,3223,2024-10-09,70,1,5,3,3
102,3,21,23,2024-08-05,10,10,4,15000,2024-03-23,135,9,3,1,1
459,9,84,85,2025-07-16,5,5,4,15000,2025-05-30,47,7,4,3,2
314,9,86,81,2024-12-08,2,2,4,15000,2024-09-08,91,7,5,7,1
318,6,52,54,2023-03-21,2,2,4,15000,2023-03-18,3,8,2,2,3
29,2,16,15,2023-04-04,7,7,4,15000,2022-10-15,171,5,2,2,1
290,6,53,51,2023-06-03,4,4,2,12593,2023-04-07,57,9,2,6,1
56,3,26,23,2023-11-10,3,3,2,15000,2023-10-18,23,8,2,5,2
370,1,9,4,2025-01-05,6,6,3,15000,2024-10-14,83,7,2,7,2
88,9,82,90,2025-08-09,7,7,3,15000,2025-05-23,78,3,1,6,1
170,5,48,46,2024-03-15,3,3,2,1758,2024-02-02,42,2,1,5,1
462,8,78,73,2024-04-13,6,6,3,14038,2023-11-07,158,3,2,6,1
149,4,31,37,2025-10-16,8,8,1,1630,2025-07-27,81,5,2,4,3
103,7,65,61,2023-11-07,7,7,2,15000,2023-09-12,56,2,5,2,2
247,5,44,42,2024-10-22,10,10,3,15000,2024-10-15,7,9,4,2,1
312,8,78,79,2023-03-09,2,2,3,15000,2022-12-16,83,2,2,4,2
48,10,99,92,2024-06-14,1,1,2,15000,2023-12-19,178,3,3,5,3
444,3,22,28,2024-09-06,1,1,2,15000,2024-07-17,51,10,2,5,2
493,9,83,85,2023-04-19,1,1,1,792,2023-03-28,22,5,5,3,1
375,2,14,12,2025-01-14,1,1,3,15000,2024-12-15,30,4,4,2,1
161,10,95,91,2025-04-17,8,8,2,15000,2025-01-09,98,1,1,4,1
429,10,95,99,2025-06-09,6,6,1,11736,2025-01-18,142,5,5,1,1
411,10,93,95,2024-08-23,9,9,2,15000,2024-07-18,36,2,1,5,1
448,7,67,66,2024-01-11,8,8,1,15000,2023-09-30,103,4,1,4,2
24,3,23,30,2023-11-21,6,6,3,15000,2023-08-05,108,7,2,2,2
119,7,69,65,2023-10-09,4,4,1,1229,2023-06-21,110,3,3,1,2
351,6,53,52,2023-07-11,4,4,4,15000,2023-02-26,135,3,5,2,2
297,9,82,90,2023-12-11,1,1,2,15000,2023-08-24,109,4,2,1,1
11,2,17,19,2024-05-15,4,4,4,15000,2024-01-08,128,3,3,3,2
211,3,30,22,2025-01-10,9,9,2,1081,2024-09-07,125,9,2,5,2
384,7,67,68,2025-03-18,7,7,1,5110,2024-10-09,160,3,1,2,1
350,9,88,87,2023-12-25,10,10,1,7354,2023-08-04,143,7,3,1,2
56,4,35,39,2025-02-20,10,10,1,2645,2024-09-09,164,10,3,4,3
332,9,87,86,2023-03-24,6,6,2,15000,2023-01-01,82,1,3,5,1
485,5,49,45,2025-02-15,10,10,4,15000,2024-12-23,54,1,1,6,1
416,8,77,75,2024-10-15,8,8,1,7926,2024-09-20,25,7,3,2,1
140,2,17,19,2025-01-11,3,3,1,15000,2024-08-17,147,3,3,6,3
438,9,90,82,2023-06-26,6,6,3,15000,2023-06-18,8,6,1,1,2
54,5,43,46,2025-01-22,2,2,1,11473,2024-08-08,167,5,3,3,1
35,7,64,66,2023-02-28,2,2,2,3474,2023-02-21,7,1,4,2,1
435,10,96,97,2023-08-07,5,5,1,5853,2023-06-09,59,4,2,1,2
142,6,60,56,2025-12-11,8,8,1,15000,2025-06-18,176,5,4,4,2
175,10,95,100,2025-01-21,4,4,3,15000,2024-07-25,180,7,3,2,1
159,1,7,5,2025-11-10,7,7,4,15000,2025-06-28,135,4,2,1,2
361,6,56,52,2024-01-02,1,1,1,10228,2023-11-03,60,9,5,2,3
55,6,58,60,2024-12-24,1,1,4,15000,2024-08-15,131,2,3,2,1
46,9,81,87,2025-05-25,7,7,3,15000,2025-03-06,80,1,5,7,2
321,2,20,13,2024-11-22,10,10,3,2034,2024-09-17,66,10,4,5,1
348,1,3,7,2025-04-16,8,8,1,1783,2024-11-28,139,10,3,3,1
184,10,94,93,2024-04-01,6,6,3,15000,2023-10-24,160,5,3,1,3
451,4,32,40,2024-02-27,9,9,4,15000,2024-02-17,10,4,5,2,2
410,9,83,82,2025-06-27,10,10,1,15000,2025-02-02,145,1,3,5,3
459,2,15,14,2023-05-17,4,4,1,4555,2023-05-15,2,7,1,3,1
453,9,90,86,2025-11-15,10,10,1,11575,2025-06-01,167,5,1,6,3
21,8,72,76,2024-03-06,4,4,3,15000,2024-02-01,34,7,2,3,2
337,7,67,64,2025-08-14,3,3,4,6499,2025-05-25,81,7,3,4,2
104,6,56,53,2023-04-28,10,10,2,15000,2023-04-19,9,1,2,5,1
317,7,70,69,2025-05-16,6,6,2,5319,2025-01-30,106,4,1,5,1
213,5,42,45,2024-10-25,4,4,2,3200,2024-05-22,156,9,4,5,2
253,6,53,54,2024-06-04,8,8,3,15000,2024-02-16,109,8,4,2,2
106,5,48,47,2023-10-01,4,4,1,5658,2023-04-11,173,3,2,7,1
399,1,2,1,2025-01-23,2,2,4,15000,2024-08-25,151,1,4,4,1
190,10,96,98,2024-02-26,3,3,3,15000,2024-01-03,54,2,3,1,3
48,6,57,58,2025-09-19,9,9,2,10702,2025-07-22,59,9,3,5,1
303,4,39,38,2023-08-08,8,8,3,15000,2023-03-06,155,5,5,2,3
138,5,46,41,2025-06-14,6,6,1,9981,2025-03-29,77,4,1,6,1
427,6,56,51,2025-07-25,3,3,3,4461,2025-03-27,120,7,4,5,2
86,8,71,78,2023-08-19,7,7,1,947,2023-05-03,108,1,3,6,2
361,8,73,71,2025-12-30,8,8,4,15000,2025-09-16,105,6,4,2,1
374,7,66,65,2024-09-17,2,2,3,15000,2024-05-23,117,3,1,2,2
98,3,22,21,2024-07-09,2,2,3,15000,2024-04-11,89,2,5,2,2
90,3,27,22,2023-02-26,2,2,2,15000,2022-11-29,89,7,5,7,3
203,4,38,35,2025-12-03,7,7,2,15000,2025-10-19,45,7,4,3,3
331,5,46,47,2023-12-05,4,4,3,15000,2023-11-14,21,7,4,2,3
326,6,59,58,2025-02-07,5,5,1,1266,2024-09-13,147,2,2,5,2
54,2,13,20,2023-03-20,3,3,1,9793,2022-10-08,163,4,5,1,3
86,6,59,54,2024-10-15,9,9,3,5175,2024-05-28,140,7,1,2,3
179,7,70,62,2024-12-08,9,9,3,4032,2024-07-13,148,10,3,7,1
288,7,68,63,2025-11-16,9,9,3,15000,2025-10-26,21,1,4,7,2
255,2,18,17,2024-10-02,1,1,2,15000,2024-07-06,88,7,4,3,3
184,6,60,51,2023-09-02,4,4,1,13036,2023-04-13,142,1,1,6,3
93,2,15,17,2025-10-19,4,4,2,854,2025-05-03,169,2,5,7,2
278,3,26,27,2024-11-13,8,8,2,15000,2024-06-20,146,7,4,3,1
332,3,30,29,2023-03-13,2,2,2,3118,2022-09-26,168,7,3,1,1
5,1,6,8,2024-11-06,1,1,3,15000,2024-07-25,104,4,1,3,2
352,5,45,50,2023-03-06,7,7,2,15000,2022-11-14,112,1,1,1,1
314,8,80,79,2023-06-05,5,5,2,15000,2023-02-15,110,1,5,1,2
472,2,19,18,2024-04-03,2,2,3,15000,2024-02-29,34,9,5,3,3
404,6,58,53,2025-03-12,6,6,3,15000,2024-11-04,128,2,2,3,2
307,9,86,85,2023-01-30,8,8,1,9490,2022-12-07,54,3,1,1,3
2,5,45,50,2024-01-27,9,9,2,15000,2023-09-11,138,8,2,6,1
55,6,60,53,2024-12-10,8,8,3,5027,2024-09-22,79,6,3,2,2
356,4,35,36,2024-09-01,5,5,4,15000,2024-06-28,65,1,3,7,3
206,7,70,66,2024-07-17,5,5,2,15000,2024-05-09,69,7,4,3,2
224,10,93,99,2024-10-20,3,3,4,15000,2024-07-31,81,4,1,7,2
185,4,34,35,2024-10-23,1,1,2,15000,2024-08-24,60,1,5,3,1
235,7,70,67,2024-05-05,1,1,1,15000,2024-01-16,110,7,5,7,2
21,10,96,97,2023-08-23,8,8,1,12981,2023-04-08,137,2,5,3,1
356,3,25,21,2025-12-12,4,4,3,15000,2025-07-01,164,2,1,5,2
300,7,70,62,2023-04-25,6,6,2,15000,2023-03-22,34,9,5,2,2
361,2,18,11,2025-06-04,3,3,4,15000,2025-05-28,7,9,2,3,3
184,10,96,93,2023-07-12,7,7,2,15000,2023-07-08,4,3,5,3,3
108,6,56,55,2023-11-28,5,5,4,15000,2023-08-01,119,2,3,2,1
296,10,91,98,2025-03-11,3,3,4,15000,2024-09-21,171,6,1,2,1
141,4,37,34,2025-12-07,4,4,4,15000,2025-09-11,87,1,5,7,1
250,1,7,10,2024-11-13,9,9,1,4801,2024-08-30,75,6,5,3,3
195,9,82,87,2025-11-15,3,3,1,4940,2025-06-10,158,5,5,6,1
176,9,87,85,2025-11-10,9,9,3,10983,2025-11-08,2,6,5,1,2
305,10,91,96,2024-03-16,3,3,1,15000,2023-09-27,171,9,4,6,3
280,3,26,24,2024-01-07,5,5,3,15000,2023-12-13,25,6,4,7,2
258,3,29,27,2023-11-15,2,2,1,2377,2023-09-24,52,4,3,3,2
222,3,21,23,2023-09-01,7,7,1,2536,2023-03-19,166,6,2,5,1
441,7,61,63,2023-06-10,7,7,2,4959,2023-02-25,105,10,3,6,2
13,10,97,94,2023-05-07,9,9,3,15000,2023-03-13,55,9,5,7,3
279,10,97,99,2025-03-24,4,4,4,15000,2024-12-09,105,2,2,1,2
32,8,74,76,2023-11-30,2,2,1,15000,2023-08-18,104,1,1,4,3
437,5,45,50,2023-04-21,8,8,1,578,2023-03-11,41,5,5,5,2
366,8,72,76,2024-04-13,7,7,2,15000,2023-11-12,153,8,5,6,2
458,5,43,47,2024-07-09,2,2,3,15000,2024-06-03,36,2,3,2,3
119,2,12,17,2023-05-26,7,7,3,15000,2022-12-27,150,4,2,5,3
181,10,97,96,2024-05-28,10,10,1,1752,2024-01-09,140,1,1,2,1
72,9,89,81,2024-06-30,1,1,2,15000,2024-04-03,88,10,3,7,1
97,1,6,3,2023-09-23,9,9,1,6246,2023-07-20,65,8,3,6,1
235,7,69,62,2025-01-25,8,8,4,15000,2024-08-13,165,2,5,6,2
491,10,92,100,2023-03-30,8,8,3,15000,2023-01-03,86,8,3,4,3
274,7,65,64,2024-07-28,1,1,3,15000,2024-04-07,112,2,3,7,2
256,4,33,31,2023-05-01,1,1,2,11552,2023-04-13,18,7,4,1,3
300,1,4,10,2023-12-23,7,7,3,15000,2023-07-03,173,8,5,6,3
245,4,36,31,2023-04-06,8,8,3,15000,2023-03-25,12,9,5,4,1
365,8,78,73,2024-04-10,7,7,2,4200,2023-12-27,105,4,2,3,3
344,5,48,47,2023-09-11,4,4,4,15000,2023-09-03,8,3,2,1,2
140,4,40,34,2024-01-19,4,4,1,15000,2023-12-21,29,6,4,5,2
54,5,41,46,2023-04-07,8,8,4,15000,2022-11-11,147,5,4,5,2
300,4,33,31,2024-01-20,1,1,4,8293,2023-11-26,55,7,1,6,3
181,6,56,57,2025-06-27,6,6,2,551,2025-06-17,10,4,3,5,2
441,1,2,10,2025-02-16,7,7,1,3121,2024-10-15,124,9,1,7,1
475,4,31,38,2023-03-11,6,6,1,11065,2023-03-05,6,2,1,6,1
234,9,81,82,2025-08-11,8,8,4,15000,2025-05-04,99,10,5,1,2
28,3,24,25,2023-08-02,4,4,3,15000,2023-06-28,35,6,4,3,1
45,2,15,12,2023-06-30,9,9,4,15000,2023-03-24,98,7,4,5,1
226,1,4,2,2024-08-07,3,3,3,15000,2024-04-29,100,2,5,3,1
100,8,76,72,2023-11-17,9,9,1,648,2023-06-10,160,5,2,5,1
319,4,35,37,2023-03-09,4,4,4,15000,2022-12-22,77,3,2,4,1
154,4,38,32,2023-10-02,6,6,1,5442,2023-07-25,69,7,5,1,2
201,2,20,18,2023-07-07,6,6,3,12086,2023-03-31,98,10,1,5,1
427,6,55,59,2023-11-28,10,10,2,15000,2023-06-21,160,5,5,2,1
254,5,42,41,2025-11-13,2,2,3,9855,2025-06-12,154,2,2,4,3
233,6,54,55,2024-10-19,1,1,4,15000,2024-06-09,132,6,4,6,3
370,9,83,84,2023-11-21,5,5,2,15000,2023-05-31,174,2,5,2,3
225,8,71,74,2024-03-17,10,10,4,7215,2023-11-25,113,7,2,7,2
113,2,20,16,2023-02-26,6,6,3,15000,2022-09-18,161,6,4,7,3
114,3,26,21,2024-02-23,3,3,4,15000,2023-11-21,94,5,3,5,2
366,5,50,43,2024-07-06,2,2,1,12434,2024-05-02,65,6,4,6,2
429,2,19,20,2024-07-09,10,10,1,1546,2024-06-10,29,4,3,2,1
144,5,44,43,2023-12-03,10,10,4,15000,2023-08-30,95,1,4,7,1
415,8,73,72,2023-10-28,1,1,1,15000,2023-09-21,37,3,4,6,3
102,1,5,8,2025-06-01,3,3,3,1623,2025-01-07,145,9,1,7,2
147,1,5,10,2023-10-16,7,7,2,15000,2023-09-02,44,3,5,1,2
135,7,67,66,2023-01-26,2,2,3,15000,2022-08-07,172,1,5,4,2
43,7,70,64,2023-08-30,2,2,3,7091,2023-06-20,71,10,1,3,1
496,9,84,83,2023-06-28,3,3,3,15000,2023-03-04,116,1,3,3,2
496,4,33,39,2024-12-24,2,2,1,4439,2024-11-26,28,4,1,2,2
210,5,49,41,2025-12-25,9,9,1,14307,2025-08-16,131,3,4,4,3
307,1,8,6,2024-07-04,4,4,1,13085,2024-02-12,143,7,1,4,2
281,1,9,8,2024-05-08,4,4,3,15000,2023-12-27,133,7,4,3,2
460,2,12,18,2023-12-11,7,7,2,15000,2023-09-02,100,2,5,1,2
387,7,69,62,2024-12-30,7,7,4,15000,2024-08-07,145,2,4,1,1
440,8,71,75,2023-03-18,6,6,4,15000,2023-01-17,60,5,2,6,1
380,1,7,8,2025-09-29,2,2,3,15000,2025-07-03,88,3,2,1,1
11,9,82,81,2025-12-02,6,6,1,14183,2025-10-26,37,8,4,2,1
21,10,92,97,2024-09-27,1,1,1,5490,2024-08-11,47,2,1,5,1
74,5,41,46,2025-03-06,2,2,1,4180,2024-12-26,70,4,4,4,2
210,8,71,79,2024-03-28,7,7,3,15000,2023-12-30,89,10,3,4,2
247,5,50,48,2025-09-08,1,1,4,9630,2025-08-08,31,7,3,1,2
330,1,9,6,2024-12-24,8,8,3,15000,2024-10-30,55,6,1,2,3
461,4,35,33,2025-06-20,3,3,1,15000,2025-02-09,131,5,1,5,3
59,3,23,22,2024-05-10,8,8,4,15000,2024-01-05,126,7,1,5,2
110,1,2,3,2025-10-22,2,2,4,15000,2025-05-31,144,3,1,3,1
175,7,69,67,2025-12-07,3,3,2,15000,2025-07-14,146,9,5,7,2
51,8,72,73,2023-02-26,2,2,2,15000,2022-12-20,68,3,2,7,3
377,8,76,80,2023-01-12,10,10,4,15000,2022-07-17,179,10,5,4,2
107,3,28,29,2024-01-11,4,4,1,14052,2023-10-13,90,3,4,4,1
447,5,46,50,2025-05-06,1,1,2,15000,2024-12-18,139,8,1,2,1
477,2,16,18,2024-10-09,2,2,2,5102,2024-07-04,97,6,1,3,1
481,10,95,100,2024-11-03,10,10,3,15000,2024-07-15,111,2,4,7,1
395,6,59,57,2025-02-10,2,2,4,15000,2024-10-24,109,3,4,1,3
475,10,100,94,2025-03-13,1,1,3,15000,2025-02-02,39,8,3,4,2
356,9,84,83,2025-06-07,7,7,4,15000,2025-02-03,124,5,4,6,2
13,4,35,36,2025-08-26,2,2,4,15000,2025-03-05,174,1,1,2,2
414,4,38,37,2024-02-23,4,4,1,4602,2023-11-08,107,6,5,5,3
337,9,90,82,2025-05-21,1,1,2,6484,2025-03-24,58,9,5,3,2
13,9,89,81,2025-09-10,4,4,3,15000,2025-07-30,42,6,1,3,1
340,5,41,47,2024-08-29,2,2,3,15000,2024-07-10,50,6,5,4,1
111,7,64,67,2023-10-30,8,8,1,5916,2023-06-07,145,1,5,1,2
269,5,49,42,2024-01-13,8,8,2,15000,2023-09-04,131,1,3,6,3
74,4,33,32,2025-10-29,7,7,4,15000,2025-08-27,63,1,4,3,3
477,7,70,65,2024-10-15,10,10,4,15000,2024-05-08,160,2,3,2,3
204,4,35,31,2024-07-16,4,4,2,15000,2024-03-15,123,3,1,2,1
114,1,4,2,2024-08-03,1,1,2,15000,2024-02-15,170,10,1,6,3
370,9,88,84,2024-07-31,8,8,4,15000,2024-06-11,50,4,1,3,3
334,8,72,74,2025-02-18,4,4,2,8609,2024-12-24,56,1,4,2,1
82,9,85,88,2025-09-26,8,8,1,6734,2025-05-05,144,6,1,5,1
403,4,38,32,2023-11-16,6,6,4,15000,2023-08-02,106,2,4,4,2
126,2,18,20,2024-06-10,7,7,4,15000,2024-05-03,38,7,2,1,1
348,6,51,55,2025-10-05,3,3,1,15000,2025-10-01,4,4,3,7,3
469,7,69,70,2024-08-07,1,1,2,15000,2024-05-19,80,2,5,3,1
32,1,8,7,2025-07-22,1,1,4,15000,2025-03-08,136,4,4,2,1
478,9,81,86,2025-07-10,4,4,2,15000,2025-03-29,103,2,2,4,3
209,2,16,20,2024-03-19,2,2,1,15000,2023-12-28,82,6,4,2,2
464,1,5,7,2025-10-23,6,6,1,3302,2025-10-14,9,8,3,4,1
360,5,49,47,2023-08-14,4,4,2,15000,2023-03-16,151,7,1,1,2
484,4,32,39,2023-01-09,8,8,1,3842,2022-10-06,95,9,5,1,2
117,9,81,89,2025-03-17,7,7,2,15000,2025-03-10,7,7,4,1,1
143,2,18,14,2023-06-21,10,10,2,15000,2023-05-10,42,4,2,3,1
398,5,50,46,2023-07-12,10,10,2,15000,2023-03-03,131,1,1,3,2
331,4,37,33,2025-10-31,2,2,3,15000,2025-09-06,55,8,4,5,2
478,3,28,30,2024-05-06,10,10,2,11130,2024-04-01,35,8,1,1,2
147,7,64,70,2023-01-04,10,10,2,15000,2022-11-25,40,1,3,3,2
279,6,55,53,2024-11-03,5,5,2,15000,2024-10-25,9,10,4,7,3
328,8,74,71,2024-07-04,4,4,2,15000,2024-04-23,72,7,2,4,2
426,5,42,46,2023-08-21,7,7,1,11993,2023-03-20,154,10,5,1,1
386,1,9,10,2024-08-24,10,10,2,15000,2024-04-30,116,8,1,6,2
159,6,54,58,2024-11-07,8,8,4,15000,2024-07-21,109,7,1,4,3
218,8,80,76,2025-12-11,1,1,2,15000,2025-08-04,129,1,4,4,1
170,5,44,49,2023-11-18,6,6,4,15000,2023-08-02,108,5,5,6,2
336,9,83,85,2025-02-07,10,10,3,15000,2024-12-15,54,3,2,5,1
276,6,54,60,2024-01-21,4,4,2,1002,2023-10-07,106,3,3,7,2
387,3,22,30,2025-04-16,9,9,1,11773,2025-02-09,66,6,3,3,1
358,2,20,18,2024-11-13,6,6,4,12790,2024-10-03,41,9,1,3,2
325,7,66,64,2024-11-22,8,8,1,10519,2024-09-10,73,10,4,5,2
440,6,60,54,2023-10-21,10,10,4,15000,2023-09-01,50,4,5,6,1
340,3,24,22,2025-05-14,2,2,2,15000,2025-01-14,120,4,2,3,1
96,2,16,20,2024-04-28,5,5,4,15000,2024-01-01,118,6,2,7,3
27,3,22,24,2023-08-16,3,3,2,4295,2023-06-08,69,2,2,3,1
104,2,12,18,2023-02-27,1,1,1,15000,2022-09-14,166,5,3,1,3
291,2,12,15,2024-09-05,1,1,4,5995,2024-05-04,124,8,4,4,3
135,3,21,24,2024-07-12,4,4,4,15000,2024-05-16,57,10,3,5,2
39,10,96,98,2024-02-06,4,4,4,15000,2024-01-22,15,4,5,2,2
119,8,80,76,2025-10-03,1,1,1,15000,2025-07-03,92,1,5,5,3
140,8,75,76,2025-08-11,6,6,1,15000,2025-06-29,43,3,5,1,1
416,9,89,81,2024-11-14,2,2,2,14149,2024-06-23,144,4,4,4,1
150,6,59,60,2023-07-01,2,2,3,13042,2023-02-16,135,6,1,6,3
252,4,35,38,2025-12-08,9,9,2,15000,2025-07-02,159,9,5,1,2
197,9,83,87,2025-10-27,4,4,1,4937,2025-06-27,122,3,1,1,1
93,4,31,34,2024-05-27,6,6,1,7129,2024-03-14,74,7,2,1,2
77,6,60,52,2025-06-17,4,4,3,15000,2025-04-04,74,8,1,2,1
279,3,22,24,2024-10-13,7,7,4,15000,2024-08-28,46,2,2,7,1
102,9,87,88,2023-10-05,7,7,4,15000,2023-06-18,109,10,1,4,1
226,3,22,30,2025-05-29,1,1,1,15000,2025-02-28,90,9,1,4,2
282,2,12,19,2024-11-26,5,5,2,12877,2024-09-11,76,5,1,2,2
459,8,72,80,2025-05-27,8,8,2,7408,2025-02-07,109,7,2,2,2
2,7,64,69,2023-01-02,5,5,4,15000,2022-08-24,131,6,2,1,3
23,4,32,37,2024-09-24,9,9,2,15000,2024-04-18,159,9,4,2,3
462,8,71,77,2023-11-30,4,4,2,15000,2023-07-05,148,2,4,4,1
127,3,25,26,2023-01-13,5,5,2,15000,2022-10-09,96,2,1,5,2
482,5,45,47,2024-07-06,1,1,2,15000,2024-01-21,167,2,2,6,2
427,2,14,18,2024-07-19,8,8,3,15000,2024-05-09,71,2,3,5,1
364,5,50,41,2023-05-28,10,10,2,1250,2023-02-18,99,1,3,7,2
149,2,12,18,2024-08-23,8,8,3,15000,2024-06-02,82,5,4,5,2
484,4,32,38,2023-06-27,10,10,4,15000,2023-04-30,58,10,4,2,2
116,4,36,39,2024-01-06,9,9,4,15000,2023-07-25,165,2,5,6,2
168,5,45,41,2024-07-13,4,4,2,830,2024-03-01,134,2,1,6,1
297,3,22,29,2024-05-21,7,7,2,15000,2024-04-23,28,6,1,2,2
83,9,84,90,2025-04-14,8,8,1,15000,2024-11-15,150,2,3,1,3
300,1,2,8,2024-11-15,3,3,4,15000,2024-06-09,159,7,1,5,2
21,7,66,68,2025-12-05,6,6,2,15000,2025-07-26,132,5,1,5,3
96,7,70,65,2025-02-03,4,4,4,15000,2024-12-01,64,3,3,1,2
43,8,71,77,2025-12-08,7,7,2,15000,2025-09-09,90,4,3,1,1
263,7,68,62,2025-12-23,2,2,4,15000,2025-07-08,168,10,1,2,1
36,6,56,58,2023-06-28,3,3,1,12638,2023-05-25,34,6,1,3,2
328,1,7,6,2025-03-11,10,10,3,7670,2025-01-16,54,7,1,2,2
356,1,4,1,2024-06-08,3,3,3,15000,2024-04-17,52,2,4,6,1
220,8,75,71,2025-09-04,10,10,2,5211,2025-04-09,148,8,3,4,2
420,6,60,56,2024-11-09,10,10,3,15000,2024-09-15,55,7,5,6,3
206,7,62,65,2025-05-03,5,5,3,3839,2025-01-15,108,2,4,6,1
350,2,17,18,2023-05-06,10,10,4,15000,2022-11-26,161,1,2,6,2
42,4,37,38,2025-08-28,6,6,3,15000,2025-05-09,111,5,4,4,3
39,4,39,33,2023-09-30,5,5,1,8544,2023-06-08,114,6,2,6,3
467,9,85,83,2023-11-17,9,9,1,952,2023-07-02,138,5,2,5,2
231,7,64,66,2025-06-07,5,5,3,15000,2024-12-20,169,2,3,6,2
169,7,69,66,2023-05-16,4,4,3,2825,2023-04-20,26,2,1,2,1
264,9,90,87,2023-03-06,9,9,3,15000,2022-09-07,180,1,3,1,3
76,10,96,95,2024-08-30,8,8,1,4167,2024-05-18,104,5,1,5,1
266,10,91,92,2025-04-23,4,4,4,15000,2025-04-05,18,10,4,3,2
59,1,10,3,2023-10-16,10,10,1,9225,2023-08-09,68,3,1,1,1
8,4,33,31,2024-07-24,7,7,4,4855,2024-03-12,134,3,5,3,1
17,6,56,53,2024-06-22,5,5,4,15000,2023-12-30,175,9,5,6,3
400,9,83,89,2025-04-18,10,10,3,15000,2024-10-29,171,8,4,5,2
79,4,34,40,2025-02-03,9,9,2,12607,2024-10-08,118,9,1,1,1
47,2,17,15,2025-09-19,8,8,2,15000,2025-05-16,126,1,1,5,3
8,3,26,29,2024-05-27,5,5,1,6630,2024-03-05,83,8,2,1,2
332,6,51,54,2025-12-29,6,6,3,15000,2025-10-20,70,8,5,1,2
358,6,51,58,2025-07-04,5,5,1,453,2025-05-10,55,1,4,5,2
69,6,59,57,2023-04-08,6,6,3,15000,2023-02-12,55,1,4,6,2
314,3,22,24,2023-09-21,9,9,3,15000,2023-04-01,173,5,5,4,1
260,9,83,87,2024-12-16,5,5,4,15000,2024-08-18,120,7,2,1,2
54,5,42,43,2023-10-01,6,6,1,2778,2023-04-12,172,7,3,7,1
421,2,12,17,2023-02-18,5,5,4,15000,2023-02-08,10,8,3,6,3
149,10,97,100,2023-08-20,5,5,4,15000,2023-05-06,106,9,2,7,2
83,3,21,28,2023-11-27,9,9,4,15000,2023-08-31,88,4,3,1,3
267,10,94,91,2023-10-26,6,6,2,15000,2023-06-20,128,5,1,4,1
400,7,67,65,2023-12-18,10,10,4,15000,2023-07-12,159,8,2,1,1
434,10,96,93,2024-05-25,2,2,1,4957,2024-04-13,42,10,1,6,2
127,4,33,40,2024-08-29,10,10,1,4591,2024-08-09,20,8,2,4,2
308,7,63,65,2023-07-02,4,4,4,15000,2023-04-15,78,8,3,7,2
244,9,81,82,2025-02-05,5,5,2,15000,2024-08-23,166,3,2,3,1
219,7,68,61,2024-01-24,3,3,3,15000,2023-08-19,158,6,4,3,2
268,6,55,54,2025-04-03,9,9,2,15000,2025-03-17,17,1,5,4,2
93,7,66,69,2024-02-22,1,1,4,15000,2023-09-16,159,8,5,4,2
354,1,6,10,2025-04-21,4,4,4,15000,2025-02-12,68,5,2,1,1
494,10,95,99,2025-10-05,2,2,2,15000,2025-09-19,16,5,5,7,3
133,8,80,76,2024-03-07,5,5,2,4441,2024-02-16,20,6,1,4,1
407,4,39,38,2023-08-20,5,5,3,15000,2023-07-15,36,3,4,7,2
73,8,72,73,2025-06-05,1,1,2,15000,2025-02-01,124,9,4,4,2
214,1,3,8,2025-05-23,8,8,1,15000,2025-05-17,6,3,4,5,3
118,7,66,65,2025-06-26,8,8,1,4871,2025-03-30,88,4,4,4,2
283,8,73,74,2023-04-17,2,2,3,15000,2023-01-23,84,7,5,1,1
258,4,33,38,2025-04-30,10,10,1,12962,2025-02-28,61,2,1,3,2
27,1,2,10,2025-05-24,2,2,4,15000,2025-02-24,89,6,2,6,1
15,10,96,97,2023-01-04,1,1,3,15000,2022-12-30,5,2,3,3,3
359,10,97,98,2023-11-26,5,5,1,864,2023-09-23,64,6,5,7,2
411,5,42,50,2023-10-17,5,5,1,2717,2023-09-27,20,10,5,2,2
348,1,7,2,2023-09-27,2,2,1,5207,2023-06-02,117,3,5,3,1
301,2,19,14,2024-04-30,9,9,4,15000,2024-01-25,96,6,1,2,1
12,2,16,18,2023-10-28,7,7,2,10230,2023-09-28,30,8,5,6,2
491,5,48,47,2025-11-06,4,4,2,1508,2025-10-25,12,10,5,4,2
10,5,46,47,2023-10-14,6,6,4,6885,2023-04-17,180,1,3,6,3
88,2,20,12,2023-04-13,2,2,4,15000,2022-11-16,148,5,3,4,1
419,1,2,7,2025-09-16,8,8,2,13600,2025-05-29,110,8,5,2,1
421,3,28,30,2024-07-15,9,9,3,15000,2024-06-19,26,4,2,1,3
372,9,83,84,2023-02-11,4,4,4,15000,2022-09-29,135,1,5,6,2
146,2,13,11,2023-10-30,7,7,3,15000,2023-05-05,178,8,2,1,2
482,7,67,65,2023-12-26,6,6,4,15000,2023-08-20,128,10,4,2,2
27,4,31,35,2024-06-10,8,8,2,15000,2024-03-08,94,8,3,1,2
248,2,18,17,2024-05-28,8,8,2,15000,2024-03-24,65,7,5,2,2
457,5,50,45,2024-12-05,6,6,4,15000,2024-06-08,180,10,4,4,3
323,9,85,83,2024-10-31,6,6,1,14160,2024-09-29,32,5,2,4,3
494,5,43,48,2024-03-09,8,8,4,11262,2023-12-03,97,2,1,6,2
123,9,88,85,2025-12-29,7,7,1,8956,2025-09-18,102,3,3,1,1
395,4,31,39,2025-10-06,9,9,4,15000,2025-08-30,37,2,2,1,3
445,9,87,81,2023-03-16,10,10,3,15000,2022-12-18,88,3,5,4,3
422,5,43,42,2025-09-22,6,6,1,15000,2025-08-03,50,2,3,1,1
332,6,57,59,2024-08-21,4,4,2,6979,2024-07-30,22,6,5,3,1
192,9,83,86,2024-09-28,10,10,3,15000,2024-06-21,99,3,2,6,1
141,8,74,71,2025-11-25,6,6,1,15000,2025-09-01,85,10,4,2,3
272,7,69,70,2025-11-17,5,5,4,15000,2025-06-12,158,1,3,1,2
9,3,23,24,2024-07-27,2,2,3,15000,2024-02-20,158,1,4,6,2
189,6,60,53,2023-07-10,9,9,2,15000,2023-04-13,88,1,2,1,2
391,4,35,36,2025-10-18,7,7,1,3795,2025-10-01,17,3,1,6,1
18,7,62,67,2023-03-20,4,4,1,1028,2023-02-22,26,7,5,1,3
40,7,67,70,2023-07-17,7,7,4,15000,2023-05-31,47,6,2,1,3
209,6,55,52,2023-09-02,8,8,3,15000,2023-03-29,157,10,4,6,1
447,3,30,28,2025-09-08,5,5,4,15000,2025-04-16,145,2,2,1,1
225,6,55,59,2024-04-26,7,7,4,15000,2024-04-10,16,6,3,5,2
487,4,33,38,2023-08-24,7,7,2,15000,2023-04-14,132,4,2,4,2
410,6,54,52,2024-07-24,4,4,1,2227,2024-05-24,61,3,3,3,2
305,1,4,2,2025-04-09,3,3,2,11704,2025-03-01,39,3,1,3,2
266,7,65,70,2023-10-27,2,2,4,5710,2023-08-13,75,10,1,5,1
448,1,1,2,2023-09-05,5,5,2,4318,2023-07-21,46,6,4,2,3
224,8,78,73,2024-11-05,5,5,4,15000,2024-09-25,41,6,3,2,1
295,10,97,92,2024-08-22,6,6,3,15000,2024-05-23,91,4,3,4,3
46,4,36,35,2025-10-20,10,10,3,15000,2025-07-16,96,8,1,1,3
459,3,30,29,2025-07-12,6,6,4,15000,2025-04-23,80,2,1,6,2
371,6,59,58,2023-03-25,7,7,4,8742,2023-03-20,5,1,5,6,1
83,4,34,33,2025-03-04,1,1,4,15000,2025-01-24,39,1,4,2,1
468,2,15,14,2024-02-11,5,5,1,15000,2023-12-02,71,10,1,7,3
42,8,77,80,2024-12-10,10,10,1,11762,2024-08-03,129,10,1,2,2
412,10,92,93,2024-10-20,3,3,4,15000,2024-08-18,63,3,3,7,3
23,7,62,63,2025-01-28,10,10,2,825,2025-01-11,17,6,1,2,2
241,10,100,93,2025-12-27,6,6,2,1923,2025-10-20,68,4,1,6,1
59,5,43,45,2024-12-01,9,9,2,15000,2024-08-11,112,5,4,7,1
163,8,73,77,2023-10-20,4,4,4,15000,2023-09-07,43,5,2,5,3
313,2,18,19,2024-05-21,10,10,3,15000,2023-12-27,146,6,5,2,2
485,1,4,2,2025-02-23,10,10,2,3710,2024-12-12,73,1,5,7,1
214,6,60,57,2023-02-26,1,1,3,15000,2022-09-17,162,1,3,7,2
153,4,33,37,2023-10-30,1,1,3,15000,2023-05-13,170,7,4,1,1
223,4,36,31,2024-07-29,5,5,3,13563,2024-06-07,52,3,5,1,1
300,10,98,92,2023-12-24,1,1,2,8481,2023-11-30,24,6,2,7,3
236,9,83,85,2023-03-14,8,8,2,3459,2023-02-21,21,3,1,2,1
355,7,68,69,2025-07-20,6,6,3,7536,2025-01-29,172,8,2,7,3
164,7,68,69,2023-07-22,6,6,1,9934,2023-06-28,24,4,2,6,1
83,4,34,37,2024-10-27,4,4,3,11045,2024-05-19,161,1,1,7,1
452,6,54,57,2024-05-28,1,1,3,15000,2023-12-01,179,4,3,2,2
334,4,34,33,2024-03-31,9,9,1,15000,2023-12-04,118,4,3,7,3
446,5,46,42,2024-01-04,3,3,1,8860,2023-10-02,94,4,2,4,2
156,4,35,34,2025-12-16,2,2,4,15000,2025-09-24,83,9,4,2,1
390,7,67,63,2025-01-05,10,10,3,11233,2024-12-22,14,9,1,7,1
291,9,88,84,2025-04-15,4,4,3,15000,2025-03-25,21,7,1,2,2
473,9,88,89,2023-04-26,3,3,4,15000,2023-01-12,104,4,1,3,3
366,9,84,82,2025-10-23,7,7,1,9686,2025-09-14,39,9,1,4,2
222,1,9,8,2025-02-19,10,10,3,15000,2024-10-04,138,8,4,3,3
436,8,71,80,2023-12-20,7,7,3,15000,2023-12-08,12,10,5,3,3
136,6,51,52,2024-05-08,6,6,1,6067,2024-01-10,119,4,2,3,3
441,7,69,68,2023-08-04,10,10,2,15000,2023-06-10,55,2,2,5,2
465,9,83,89,2024-07-15,2,2,3,15000,2024-04-06,100,3,5,1,2
432,2,17,18,2025-02-13,1,1,4,15000,2024-08-23,174,9,3,4,1
480,4,34,31,2024-10-29,9,9,3,15000,2024-07-18,103,5,5,2,3
410,9,83,88,2023-01-01,1,1,3,15000,2022-09-11,112,7,4,7,2
71,5,46,42,2023-01-14,4,4,3,4779,2022-11-20,55,9,4,6,2
366,3,24,30,2023-01-02,8,8,1,15000,2022-08-11,144,3,1,1,3
416,8,78,80,2025-01-01,7,7,4,15000,2024-08-16,138,10,1,3,2
74,1,5,1,2025-08-29,3,3,3,15000,2025-07-12,48,3,1,5,3
202,2,16,15,2023-09-26,10,10,2,4307,2023-05-18,131,1,4,2,3
451,9,82,87,2023-02-23,1,1,3,1670,2023-01-03,51,5,4,4,1
489,4,31,40,2023-11-04,9,9,1,14628,2023-05-09,179,4,4,6,2
312,10,97,100,2025-01-26,9,9,3,15000,2024-11-27,60,3,4,7,2
5,5,49,42,2024-03-11,1,1,2,15000,2023-10-01,162,6,1,1,3
186,6,60,53,2023-01-16,5,5,2,2055,2022-08-11,158,7,1,1,2
417,2,15,20,2025-04-28,7,7,4,15000,2024-12-16,133,8,5,1,2
449,4,34,40,2023-01-19,9,9,1,13363,2023-01-11,8,6,2,4,1
7,1,1,4,2025-04-17,10,10,3,10743,2024-10-31,168,10,2,4,1
97,8,72,71,2025-09-26,2,2,3,15000,2025-07-29,59,1,1,5,2
450,4,32,34,2025-05-10,5,5,1,3351,2024-12-02,159,5,4,6,1
229,6,58,51,2024-06-15,9,9,3,15000,2024-04-15,61,7,4,6,2
203,3,25,30,2023-12-02,4,4,3,15000,2023-10-23,40,7,4,6,2
330,8,74,76,2024-07-31,1,1,4,15000,2024-07-18,13,7,5,3,2
347,2,17,11,2024-06-13,8,8,1,15000,2024-02-08,126,1,4,4,2
38,6,60,52,2023-11-23,2,2,4,15000,2023-07-28,118,6,4,4,1
495,8,77,74,2024-06-23,1,1,1,665,2024-01-10,165,6,3,7,3
419,3,30,21,2025-02-19,3,3,4,15000,2024-10-10,132,4,4,3,3
392,1,6,10,2025-06-06,10,10,2,15000,2025-03-03,95,10,3,5,3
71,5,47,41,2025-10-23,10,10,2,15000,2025-07-08,107,3,5,4,1
301,10,92,91,2025-04-21,9,9,2,4987,2025-02-10,70,10,2,1,3
211,3,23,21,2024-07-07,7,7,1,1873,2024-04-25,73,1,1,7,1
250,2,12,20,2025-02-09,4,4,1,5043,2024-10-08,124,3,5,7,2
372,6,54,58,2024-09-11,8,8,2,15000,2024-08-09,33,10,5,3,2
371,10,97,98,2024-12-13,3,3,1,7045,2024-10-04,70,8,1,5,1
499,2,20,13,2023-09-19,7,7,1,8302,2023-06-14,97,8,1,2,1
88,6,52,60,2024-04-04,7,7,1,15000,2024-03-31,4,8,3,4,2
490,5,45,43,2023-02-17,10,10,3,15000,2022-12-23,56,8,5,5,2
388,3,28,27,2024-12-06,2,2,4,15000,2024-10-01,66,6,5,5,1
176,2,13,16,2024-12-19,2,2,4,2434,2024-09-02,108,7,2,4,2
103,1,1,5,2025-08-09,6,6,1,8100,2025-02-26,164,5,2,6,1
364,4,38,32,2023-09-12,6,6,4,15000,2023-05-25,110,5,2,2,3
409,1,5,10,2024-09-02,7,7,2,15000,2024-06-09,85,10,1,1,1
72,5,46,45,2024-01-27,1,1,4,15000,2024-01-26,1,3,3,6,1
428,7,61,70,2024-02-12,3,3,1,1247,2023-11-08,96,8,1,1,1
269,7,67,62,2025-08-05,5,5,3,15000,2025-05-29,68,7,4,2,2
377,9,84,81,2025-05-10,7,7,2,15000,2024-12-02,159,6,4,6,3
37,1,3,1,2025-12-30,6,6,2,15000,2025-10-24,67,4,3,2,3
214,1,9,5,2023-04-13,10,10,2,15000,2022-10-20,175,2,2,4,1
244,9,88,86,2024-08-21,8,8,3,3468,2024-05-02,111,9,2,3,2
320,2,12,18,2024-11-28,9,9,2,1898,2024-06-14,167,7,4,4,3
199,6,54,51,2025-10-10,6,6,3,15000,2025-08-24,47,4,1,5,2
43,1,9,2,2025-05-07,7,7,2,15000,2025-05-04,3,1,3,3,2
252,2,17,11,2025-10-04,5,5,2,15000,2025-07-11,85,10,5,6,2
373,4,40,32,2023-09-07,4,4,1,13389,2023-03-17,174,5,3,4,2
332,1,10,1,2023-01-03,4,4,3,15000,2022-12-21,13,2,5,2,3
405,10,100,94,2025-05-16,9,9,1,12574,2025-03-23,54,1,1,5,1
204,4,38,40,2023-06-20,1,1,1,3933,2023-06-16,4,10,4,2,3
411,2,17,16,2025-06-05,10,10,2,15000,2025-05-30,6,2,1,4,1
346,1,6,4,2024-04-08,1,1,3,1086,2024-02-18,50,8,2,1,2
356,5,46,41,2023-06-28,2,2,2,15000,2023-03-28,92,10,4,3,2
91,5,42,43,2025-09-28,3,3,3,899,2025-04-27,154,8,1,7,1
243,8,79,74,2023-08-31,5,5,4,15000,2023-03-10,174,1,1,4,1
28,7,68,67,2024-01-25,4,4,4,15000,2024-01-02,23,8,2,4,1
162,10,93,91,2025-05-10,8,8,4,13429,2025-02-07,92,7,5,6,1
495,9,89,84,2023-08-03,10,10,1,1163,2023-03-15,141,10,4,4,3
236,7,64,63,2024-04-16,9,9,4,15000,2023-11-20,148,9,1,2,3
349,9,84,89,2024-09-21,9,9,4,15000,2024-06-28,85,8,2,6,1
312,2,16,13,2024-10-05,8,8,3,12298,2024-06-22,105,2,5,6,2
286,2,15,20,2024-02-24,3,3,4,15000,2024-02-19,5,10,4,6,1
500,4,38,34,2023-01-28,5,5,3,15000,2022-12-04,55,8,4,6,3
44,9,86,84,2024-04-21,8,8,4,15000,2023-11-21,152,6,2,7,1
444,1,8,3,2025-06-27,10,10,1,15000,2025-05-20,38,4,5,5,1
492,8,80,77,2025-05-08,7,7,4,15000,2025-01-18,110,9,5,4,2
383,3,27,29,2025-08-17,8,8,2,15000,2025-05-09,100,3,2,7,2
77,8,80,71,2024-04-12,5,5,3,15000,2023-11-07,157,7,4,5,1
102,6,56,57,2023-12-13,5,5,3,15000,2023-08-18,117,6,3,3,2
392,3,23,26,2025-04-17,4,4,1,8080,2024-12-12,126,4,1,4,2
234,1,3,6,2024-03-24,2,2,1,4273,2024-01-19,65,8,4,7,2
183,2,15,17,2024-12-08,7,7,3,15000,2024-09-11,88,5,2,7,2
413,4,37,32,2024-02-06,3,3,1,9263,2023-12-24,44,8,1,2,1
174,2,18,16,2024-04-06,8,8,2,4370,2024-02-13,53,3,2,6,3
350,5,43,46,2023-12-18,4,4,2,6614,2023-09-28,81,1,3,1,3
231,5,50,42,2024-10-09,4,4,2,10660,2024-04-21,171,7,4,3,2
484,6,59,55,2024-10-02,1,1,1,11497,2024-05-06,149,1,5,3,1
18,10,96,94,2025-05-25,5,5,1,9017,2024-12-27,149,8,5,7,1
434,2,20,17,2024-05-28,10,10,1,11535,2024-01-31,118,1,5,2,3
28,5,41,49,2023-10-21,9,9,2,533,2023-10-05,16,10,1,6,1
448,1,8,3,2024-01-14,8,8,3,8369,2023-11-19,56,5,5,7,1
196,4,31,35,2023-06-27,5,5,4,15000,2023-01-18,160,1,2,2,3
445,7,61,64,2024-07-01,1,1,4,15000,2024-05-06,56,9,3,1,2
249,1,8,4,2024-06-17,5,5,1,2615,2024-02-12,126,7,3,1,3
135,2,17,12,2025-06-13,6,6,4,1699,2024-12-21,174,2,4,5,1
498,3,23,27,2024-04-24,8,8,1,656,2023-12-03,143,3,1,3,1
393,8,71,79,2024-03-25,2,2,1,11140,2024-03-15,10,10,2,1,1
10,2,13,14,2024-11-25,1,1,4,15000,2024-09-11,75,7,1,1,3
34,8,71,75,2023-05-09,9,9,4,15000,2022-11-29,161,1,4,2,2
125,6,52,53,2024-09-11,6,6,3,11886,2024-08-05,37,8,3,3,2
165,8,79,73,2025-01-04,5,5,2,2843,2024-09-23,103,4,5,6,1
224,7,64,65,2025-07-25,7,7,4,15000,2025-02-14,161,9,4,5,3
399,8,80,72,2025-07-19,10,10,2,4238,2025-04-18,92,6,4,6,2
289,7,69,64,2023-01-23,1,1,1,8280,2022-11-25,59,7,5,1,2
171,10,95,97,2024-12-29,3,3,1,15000,2024-09-29,91,1,1,7,3
66,1,9,5,2023-08-24,9,9,1,14617,2023-07-07,48,4,4,4,1
473,6,54,53,2025-09-21,9,9,1,11559,2025-05-04,140,3,1,7,2
324,10,94,95,2024-02-29,8,8,2,15000,2023-12-30,61,9,2,4,3
478,9,86,82,2025-02-02,5,5,1,8453,2025-01-27,6,6,1,7,2
457,5,45,41,2023-12-21,6,6,4,15000,2023-09-14,98,1,3,4,2
192,4,38,31,2023-06-08,10,10,4,15000,2023-05-27,12,9,3,4,2
289,6,58,54,2023-07-31,1,1,1,1271,2023-02-03,178,5,5,1,3
379,4,35,31,2023-06-19,3,3,3,15000,2022-12-30,171,9,2,1,1
393,6,57,60,2025-09-04,3,3,2,15000,2025-03-23,165,8,2,4,2
76,4,40,39,2025-07-24,8,8,2,8042,2025-06-01,53,5,5,4,1
97,7,70,64,2024-06-03,8,8,2,15000,2024-01-31,124,7,5,1,1
199,5,41,49,2024-01-04,4,4,2,762,2023-12-05,30,3,4,4,3
426,6,57,55,2025-01-20,8,8,3,9982,2024-12-14,37,9,2,1,2
84,9,89,84,2023-05-06,1,1,2,15000,2023-03-21,46,7,2,6,1
487,2,12,18,2023-11-19,4,4,2,15000,2023-11-16,3,10,3,7,2
437,1,6,1,2024-04-13,4,4,4,15000,2023-11-04,161,3,5,6,3
411,10,94,100,2024-04-12,2,2,2,15000,2024-03-04,39,9,3,5,2
230,1,5,9,2023-07-27,4,4,3,12202,2023-07-08,19,10,5,4,2
143,8,75,78,2023-10-17,7,7,4,15000,2023-07-29,80,10,1,2,1
281,7,63,61,2025-02-25,5,5,3,15000,2024-10-08,140,6,2,2,2
205,7,61,69,2025-09-20,7,7,4,15000,2025-05-29,114,8,4,6,2
205,3,28,26,2024-11-07,2,2,3,15000,2024-08-23,76,3,5,4,1
49,5,44,45,2025-01-07,5,5,1,15000,2024-12-11,27,7,4,2,3
301,10,98,94,2024-06-12,8,8,3,15000,2024-01-16,148,4,1,3,3
32,10,97,94,2023-07-21,10,10,3,15000,2023-03-04,139,6,4,5,1
216,10,97,93,2025-05-23,2,2,2,15000,2025-01-20,123,3,3,5,1
441,3,23,30,2024-05-31,10,10,4,15000,2023-12-20,163,3,3,5,1
337,10,100,94,2023-09-26,4,4,3,15000,2023-08-10,47,3,2,2,1
221,6,54,59,2025-08-09,9,9,1,2867,2025-06-08,62,8,4,6,2
380,4,40,39,2024-05-28,7,7,3,15000,2024-02-06,112,6,4,2,3
43,9,84,81,2025-01-31,3,3,2,15000,2024-10-26,97,9,5,5,2
302,2,18,14,2025-10-16,8,8,3,15000,2025-09-07,39,2,3,4,3
377,8,77,79,2024-04-08,2,2,2,15000,2024-04-04,4,6,3,1,2
239,10,93,98,2023-11-05,10,10,2,15000,2023-09-12,54,8,4,7,1
313,3,22,30,2024-03-02,8,8,4,15000,2024-01-17,45,10,3,6,2
313,6,52,53,2025-05-06,1,1,2,15000,2025-02-13,82,2,1,2,2
407,8,74,76,2024-03-23,8,8,1,6607,2024-01-09,74,4,5,6,1
486,6,59,60,2024-05-30,1,1,3,15000,2024-04-28,32,10,2,4,3
390,10,97,93,2025-05-12,2,2,1,15000,2024-12-01,162,5,1,1,3
14,3,30,26,2025-02-24,9,9,3,15000,2025-01-08,47,1,2,1,2
10,4,32,40,2025-02-13,4,4,3,15000,2024-09-23,143,2,2,4,2
47,4,35,36,2024-11-02,2,2,1,15000,2024-10-10,23,6,5,6,2
450,6,60,52,2024-03-31,3,3,1,7919,2023-10-26,157,5,4,7,2
11,2,14,20,2025-10-08,1,1,2,8505,2025-06-12,118,9,2,3,1
267,3,25,29,2024-02-02,9,9,1,4373,2023-10-12,113,10,5,5,2
463,2,12,19,2024-01-24,7,7,4,15000,2024-01-05,19,1,3,3,1
228,6,56,60,2025-12-14,8,8,3,4881,2025-07-15,152,3,4,7,2
333,4,39,40,2024-12-12,9,9,2,1370,2024-10-06,67,4,5,4,1
237,2,17,13,2024-04-07,9,9,3,15000,2024-04-05,2,8,2,7,1
436,9,82,89,2024-06-25,5,5,2,15000,2024-06-14,11,7,3,2,2
466,9,88,85,2024-03-28,7,7,3,15000,2023-12-13,106,2,5,4,1
474,7,61,66,2025-04-28,5,5,1,7409,2024-11-07,172,9,2,1,2
78,7,68,67,2025-07-14,1,1,2,9629,2025-02-02,162,7,1,1,1
133,5,48,46,2024-02-02,4,4,4,15000,2023-09-23,132,3,2,5,2
266,2,16,19,2024-03-03,1,1,1,6994,2023-09-05,180,1,1,7,1
321,1,9,10,2023-07-30,3,3,3,15000,2023-04-22,99,4,2,7,2
285,1,2,8,2023-06-25,3,3,4,15000,2023-02-21,124,1,3,7,2
104,6,58,52,2025-05-21,5,5,1,15000,2025-05-04,17,8,3,3,2
284,6,56,57,2025-01-04,6,6,2,15000,2024-08-14,143,5,2,6,2
396,2,12,17,2023-09-09,4,4,1,2774,2023-06-23,78,4,4,6,2
230,1,1,8,2023-10-05,7,7,3,15000,2023-06-23,104,4,1,4,2
310,4,31,40,2023-12-18,3,3,2,15000,2023-09-10,99,10,3,1,3
161,6,55,54,2023-11-02,2,2,4,15000,2023-06-26,129,3,2,4,1
247,9,87,81,2024-07-11,5,5,3,7634,2024-06-06,35,2,1,4,1
175,1,4,9,2025-05-08,1,1,4,10176,2024-11-25,164,3,2,4,1
328,4,39,34,2025-12-06,9,9,1,10985,2025-09-18,79,10,4,6,1
243,2,14,18,2025-08-18,6,6,2,15000,2025-04-07,133,4,3,1,2
62,7,66,64,2024-07-08,7,7,4,4562,2024-04-27,72,7,1,1,2
269,9,84,90,2023-11-16,4,4,3,15000,2023-06-25,144,8,2,4,2
100,5,41,45,2024-11-14,8,8,3,6017,2024-07-03,134,9,3,4,1
335,10,91,92,2023-11-04,5,5,1,5005,2023-09-18,47,8,2,6,1
232,3,25,27,2023-04-27,6,6,2,4207,2023-02-11,75,7,1,4,1
375,9,87,88,2025-07-11,3,3,4,15000,2025-06-05,36,7,4,5,1
389,1,7,9,2023-11-19,2,2,1,13748,2023-07-05,137,10,5,7,2
407,1,5,1,2023-03-25,8,8,2,15000,2022-11-17,128,4,1,6,2
188,1,2,9,2023-11-13,8,8,1,6513,2023-10-18,26,4,4,1,1
118,10,98,93,2024-05-16,8,8,3,15000,2024-04-22,24,10,5,4,2
330,10,94,99,2025-11-26,2,2,2,3985,2025-06-24,155,1,1,3,1
21,4,40,39,2025-11-04,5,5,3,15000,2025-09-10,55,10,1,2,2
372,2,18,12,2023-01-11,6,6,4,13426,2022-08-05,159,10,5,3,3
261,1,6,9,2023-01-16,7,7,3,15000,2022-11-07,70,4,5,1,2
382,4,33,35,2023-01-25,9,9,3,15000,2022-11-07,79,8,1,3,3
223,10,99,98,2023-09-08,5,5,2,5049,2023-07-24,46,7,2,5,1
429,7,67,61,2024-04-25,5,5,4,15000,2023-12-16,131,3,5,4,1
29,2,12,17,2023-01-28,6,6,2,15000,2022-10-01,119,8,3,6,3
492,10,94,91,2024-01-20,8,8,3,15000,2023-10-10,102,1,1,6,3
361,5,42,45,2024-02-26,1,1,4,15000,2023-09-19,160,5,5,1,3
228,7,65,68,2025-11-13,7,7,4,10428,2025-08-04,101,1,5,4,2
313,3,27,24,2025-03-03,4,4,1,6553,2024-12-30,63,7,1,1,1
375,5,47,42,2023-11-16,7,7,4,15000,2023-09-20,57,7,5,4,1
7,4,39,36,2024-09-30,6,6,2,15000,2024-06-30,92,8,1,1,1
401,10,98,93,2024-02-01,10,10,4,13491,2024-01-10,22,7,2,4,1
374,3,30,23,2023-06-21,10,10,1,8726,2023-03-14,99,4,5,3,2
293,2,20,14,2023-04-15,3,3,1,6914,2023-01-21,84,7,5,6,1
50,8,74,78,2025-11-30,9,9,3,15000,2025-11-01,29,5,2,7,1
471,5,48,46,2023-05-08,1,1,2,15000,2022-12-07,152,5,5,1,3
169,4,39,34,2023-11-17,2,2,3,15000,2023-11-06,11,1,2,5,3
82,3,28,24,2025-07-23,9,9,2,15000,2025-05-14,70,5,1,3,1
101,7,66,70,2024-11-18,5,5,3,10610,2024-05-25,177,5,1,1,1
269,1,4,7,2024-02-26,9,9,2,8613,2023-11-24,94,6,3,1,3
326,2,19,14,2024-05-01,2,2,3,15000,2024-01-04,118,6,2,3,2
447,2,20,13,2023-09-15,9,9,4,15000,2023-06-19,88,2,3,5,3
281,6,52,57,2024-07-01,9,9,3,15000,2024-06-16,15,6,1,1,1
2,5,48,50,2024-09-30,6,6,3,15000,2024-05-17,136,8,4,1,2
424,4,33,31,2025-09-01,6,6,1,3420,2025-05-30,94,9,4,1,3
57,8,72,78,2025-12-14,3,3,1,279,2025-11-12,32,7,5,7,1
238,6,51,52,2025-12-11,2,2,2,15000,2025-11-29,12,7,3,4,2
91,8,72,71,2023-07-16,6,6,1,1403,2023-02-13,153,9,2,7,2
344,8,80,72,2024-02-03,9,9,2,15000,2023-11-25,70,10,3,6,2
82,3,27,21,2025-04-15,9,9,4,15000,2024-11-12,154,1,5,2,2
393,6,56,51,2024-12-28,4,4,1,15000,2024-09-24,95,10,5,6,3
354,10,96,92,2024-10-07,10,10,4,15000,2024-07-27,72,1,5,1,3
477,6,54,60,2025-05-29,6,6,3,7678,2025-05-15,14,10,2,4,1
209,1,2,4,2024-09-24,7,7,3,4877,2024-08-09,46,9,3,2,2
194,6,51,54,2025-05-28,5,5,4,15000,2024-12-31,148,4,5,3,1
421,5,45,42,2023-02-12,8,8,3,4004,2022-09-14,151,1,1,7,1
41,2,17,13,2024-08-19,10,10,2,13913,2024-06-10,70,9,3,1,1
379,10,93,99,2023-06-27,8,8,3,15000,2023-04-13,75,4,1,2,1
477,6,54,55,2023-12-10,8,8,1,15000,2023-08-13,119,7,3,7,2
372,5,46,50,2023-07-19,2,2,1,12158,2023-06-09,40,4,3,3,1
121,10,91,96,2025-01-14,2,2,1,2460,2024-12-29,16,7,5,2,1
52,10,94,95,2024-05-29,6,6,2,15000,2024-03-20,70,5,2,3,2
213,10,91,99,2025-04-14,9,9,3,15000,2024-11-21,144,1,5,1,2
474,2,19,18,2025-12-23,5,5,4,15000,2025-08-30,115,5,3,2,1
221,10,94,95,2023-04-23,2,2,4,12876,2023-01-29,84,1,5,7,1
56,8,73,80,2023-08-07,3,3,4,6303,2023-03-21,139,3,4,1,2
440,1,1,4,2023-10-15,7,7,2,3712,2023-05-21,147,6,3,7,3
353,1,6,1,2023-02-21,3,3,2,15000,2023-01-26,26,9,1,2,3
389,4,34,39,2023-01-30,4,4,1,3990,2022-08-16,167,10,5,1,1
374,2,12,13,2024-02-16,7,7,4,15000,2023-10-14,125,5,3,5,1
69,1,2,1,2024-02-22,3,3,4,15000,2023-09-21,154,7,1,4,3
13,1,9,7,2024-06-10,10,10,1,4470,2024-02-07,124,7,1,1,2
328,2,19,16,2024-07-24,9,9,2,5759,2024-01-31,175,5,3,3,2
114,7,69,65,2024-06-23,9,9,2,15000,2024-06-22,1,4,5,7,1
392,7,69,66,2024-04-16,5,5,2,8351,2024-04-08,8,10,3,2,2
96,4,37,31,2023-01-23,1,1,4,15000,2022-12-04,50,8,1,1,2
17,6,56,55,2025-10-25,9,9,3,15000,2025-05-26,152,3,4,6,2
288,7,65,68,2024-01-12,5,5,4,15000,2023-10-19,85,6,4,5,3
178,2,20,13,2024-03-14,6,6,4,15000,2024-02-17,26,9,3,4,1
232,5,47,44,2025-08-27,10,10,2,15000,2025-04-26,123,7,2,3,2
332,8,72,76,2023-05-20,1,1,3,15000,2023-03-30,51,5,1,6,2
287,8,78,77,2025-04-19,1,1,1,15000,2024-11-27,143,7,4,6,2
135,7,66,64,2023-10-16,6,6,1,15000,2023-10-14,2,10,1,1,2
150,7,69,61,2025-03-20,7,7,1,13110,2025-03-02,18,9,2,4,1
63,1,8,1,2024-09-19,3,3,2,623,2024-04-05,167,10,4,4,1
465,4,36,31,2025-08-04,4,4,1,5387,2025-02-10,175,6,2,1,2
213,4,35,36,2025-05-26,10,10,3,15000,2025-04-11,45,5,4,1,1
376,2,13,14,2024-05-07,6,6,1,3150,2024-04-09,28,6,1,2,3
349,1,8,4,2025-07-17,5,5,1,15000,2025-01-20,178,3,3,4,3
387,1,2,4,2023-03-24,1,1,1,9557,2023-02-01,51,5,2,5,1
40,8,77,79,2024-02-21,6,6,1,13156,2024-01-14,38,9,5,3,2
292,8,72,75,2023-02-15,2,2,2,15000,2022-11-02,105,10,5,3,1
19,5,45,46,2023-10-25,9,9,3,15000,2023-10-06,19,7,1,3,1
245,2,13,12,2024-07-09,7,7,1,15000,2024-02-01,159,5,5,2,2
197,2,17,11,2024-08-24,8,8,3,15000,2024-04-02,144,5,2,6,1
212,6,58,54,2025-09-16,6,6,3,15000,2025-03-22,178,3,5,2,1
322,2,17,16,2025-04-06,4,4,2,2559,2024-10-22,166,4,2,7,2
4,10,95,92,2023-10-06,4,4,2,15000,2023-09-09,27,9,4,5,3
208,8,73,78,2025-10-18,10,10,2,10025,2025-07-16,94,3,5,6,1
299,8,80,71,2023-04-06,9,9,4,15000,2022-11-14,143,8,5,4,1
296,9,82,81,2025-07-29,9,9,3,13087,2025-07-13,16,5,3,2,1
173,3,27,24,2023-04-07,10,10,2,12557,2023-02-05,61,3,2,5,2
19,1,6,10,2025-09-28,9,9,4,15000,2025-04-09,172,6,1,7,2
91,4,35,33,2024-10-08,1,1,3,15000,2024-05-01,160,3,1,2,2
149,6,53,55,2023-09-26,1,1,3,15000,2023-06-05,113,9,1,2,1
365,2,11,17,2024-01-31,1,1,2,15000,2024-01-15,16,2,1,3,2
496,7,66,64,2024-03-19,2,2,3,15000,2023-10-09,162,9,2,2,2
196,9,87,86,2025-07-07,8,8,4,15000,2025-05-16,52,6,2,1,1
133,7,61,64,2024-04-22,3,3,2,15000,2023-12-15,129,9,2,1,1
192,9,81,89,2025-05-04,7,7,1,5907,2025-02-15,78,9,4,7,1
459,8,77,78,2024-06-28,9,9,2,15000,2024-06-15,13,8,3,5,1
481,1,5,10,2024-05-21,10,10,3,15000,2023-12-02,171,8,3,2,3
207,3,30,28,2024-04-30,7,7,4,15000,2024-03-31,30,7,1,2,2
139,5,43,48,2025-01-05,4,4,2,8409,2024-10-22,75,8,5,7,2
376,7,69,61,2024-10-01,9,9,3,15000,2024-09-07,24,10,3,2,1
270,10,97,100,2024-07-05,10,10,1,4918,2024-01-14,173,7,4,5,1
479,8,77,76,2023-12-29,5,5,1,14945,2023-12-14,15,1,1,5,1
59,3,21,23,2023-01-19,4,4,4,15000,2022-10-21,90,10,3,4,1
45,10,94,100,2025-10-13,10,10,4,15000,2025-08-05,69,5,1,1,3
49,8,71,72,2023-11-13,3,3,2,15000,2023-10-01,43,9,3,1,1
280,3,29,24,2023-06-15,1,1,2,2506,2023-02-09,126,5,4,4,2
255,10,95,97,2023-06-29,7,7,3,2989,2023-02-16,133,4,3,4,1
479,8,77,79,2024-07-06,1,1,1,13125,2024-06-13,23,2,2,6,2
55,3,29,24,2023-06-26,1,1,2,8835,2023-01-13,164,1,1,1,1
467,1,2,8,2024-11-11,6,6,2,3190,2024-09-01,71,6,1,1,1
85,8,78,71,2025-01-01,1,1,2,1465,2024-09-18,105,7,4,3,3
467,4,31,38,2025-12-29,2,2,4,15000,2025-07-11,171,1,4,1,1
199,6,54,60,2025-08-08,10,10,3,15000,2025-03-09,152,2,2,5,3
480,7,65,69,2025-04-16,5,5,4,15000,2025-02-09,66,3,2,3,2
243,3,30,22,2025-07-11,8,8,1,12727,2025-04-20,82,6,4,5,1
424,2,12,18,2025-04-02,3,3,1,15000,2024-11-17,136,9,1,3,3
264,2,16,11,2025-08-27,2,2,1,1358,2025-03-22,158,6,1,3,3
217,9,85,83,2025-08-03,7,7,4,12280,2025-06-22,42,6,3,7,1
197,10,100,94,2025-03-13,4,4,1,4498,2024-09-22,172,1,4,4,2
183,7,61,63,2023-12-06,10,10,2,15000,2023-11-25,11,3,3,3,1
318,4,34,33,2023-12-31,8,8,3,3412,2023-11-12,49,9,5,7,2
492,10,95,100,2024-05-12,2,2,3,10912,2024-03-10,63,10,1,7,2
26,3,29,27,2025-04-01,9,9,4,4925,2024-12-31,91,4,1,2,2
205,2,20,11,2025-01-24,4,4,1,5530,2024-11-30,55,1,5,5,3
220,9,87,90,2024-03-23,6,6,4,2768,2023-12-27,87,6,4,6,3
61,2,18,20,2024-09-23,1,1,3,15000,2024-05-02,144,4,2,1,1
90,10,93,95,2024-10-14,6,6,2,14962,2024-07-18,88,10,2,1,1
416,6,53,52,2025-11-27,3,3,1,9078,2025-07-14,136,7,4,4,1
18,8,79,71,2025-12-20,6,6,4,15000,2025-10-20,61,4,1,6,2
3,8,72,75,2025-10-31,9,9,2,730,2025-08-04,88,10,3,5,2
258,6,55,60,2024-07-30,5,5,2,15000,2024-03-09,143,9,3,2,3
275,4,34,31,2023-06-02,8,8,4,15000,2023-02-16,106,2,2,5,1
335,4,32,39,2023-09-20,7,7,3,15000,2023-09-06,14,5,4,3,2
216,6,58,60,2024-12-18,1,1,3,15000,2024-09-26,83,9,5,3,2
430,8,73,78,2023-06-15,4,4,1,15000,2023-06-05,10,3,3,4,3
380,2,19,18,2024-08-28,4,4,2,15000,2024-06-25,64,5,1,3,2
363,2,15,20,2023-04-10,2,2,4,15000,2023-03-20,21,7,2,1,1
479,2,19,17,2025-04-23,8,8,3,15000,2025-03-01,53,2,4,3,2
248,5,43,49,2023-07-03,3,3,1,9960,2023-01-17,167,4,2,1,1
337,4,36,40,2024-06-18,3,3,1,4927,2024-03-14,96,6,5,2,1
206,8,72,77,2025-04-18,7,7,2,15000,2025-03-08,41,5,2,5,2
482,10,100,92,2023-03-25,1,1,2,15000,2022-10-12,164,2,2,6,2
251,6,59,52,2023-02-27,6,6,4,15000,2022-11-14,105,7,1,1,2
434,6,59,54,2024-10-09,6,6,4,15000,2024-06-13,118,6,3,3,2
196,6,56,58,2024-05-01,6,6,1,12100,2024-03-06,56,2,4,3,2
257,6,60,53,2025-09-22,1,1,4,15000,2025-08-07,46,1,4,1,2
235,8,78,71,2025-01-28,8,8,3,15000,2025-01-01,27,10,5,2,3
478,7,70,66,2025-09-06,9,9,1,12687,2025-04-27,132,5,4,6,1
99,1,10,2,2025-09-04,8,8,4,15000,2025-04-24,133,6,1,4,1
301,7,70,68,2024-09-07,4,4,1,12010,2024-05-21,109,4,2,6,1
153,9,85,83,2024-04-30,7,7,2,15000,2023-11-16,166,1,1,2,2
319,10,95,97,2025-02-09,4,4,2,15000,2024-11-13,88,6,5,7,3
462,1,9,2,2025-01-18,8,8,4,15000,2024-12-04,45,8,1,6,3
159,9,89,90,2024-08-29,1,1,3,15000,2024-03-14,168,6,4,4,2
70,10,99,96,2025-06-05,9,9,4,15000,2025-05-05,31,10,2,4,3
112,9,87,86,2024-12-10,5,5,4,15000,2024-07-02,161,3,4,2,1
296,6,57,52,2024-04-30,5,5,3,15000,2023-11-27,155,8,5,2,1
232,9,82,87,2025-08-24,10,10,2,15000,2025-04-02,144,1,2,7,2
11,9,90,85,2025-09-02,1,1,4,15000,2025-08-24,9,8,2,2,1
97,9,89,83,2024-04-21,9,9,3,2935,2024-01-26,86,4,1,7,2
459,6,53,58,2024-09-30,2,2,4,15000,2024-09-16,14,6,5,1,3
455,2,12,16,2025-11-26,4,4,3,15000,2025-09-08,79,4,5,3,2
94,4,37,35,2024-03-22,3,3,2,15000,2024-01-11,71,9,1,5,2
491,10,93,98,2025-11-23,9,9,1,15000,2025-10-27,27,2,5,7,3
255,5,46,41,2023-08-28,8,8,3,9665,2023-06-05,84,6,3,1,1
482,5,47,49,2025-11-18,5,5,3,8080,2025-05-29,173,9,1,2,1
385,4,37,38,2023-08-08,7,7,3,10927,2023-07-01,38,9,3,2,1
438,6,58,52,2023-09-05,3,3,4,15000,2023-07-20,47,5,5,2,1
94,2,19,13,2024-02-20,1,1,4,15000,2023-12-31,51,8,5,2,2
180,6,52,60,2023-08-24,1,1,2,15000,2023-06-19,66,5,4,4,2
251,5,45,47,2025-09-27,6,6,4,6515,2025-06-20,99,8,3,6,2
222,4,31,32,2025-10-16,1,1,3,15000,2025-04-30,169,5,3,4,1
63,10,92,96,2024-04-15,1,1,4,15000,2024-03-11,35,4,2,1,1
222,7,70,63,2024-01-05,3,3,4,15000,2023-12-18,18,2,4,5,2
57,2,15,20,2024-02-11,4,4,4,15000,2024-02-04,7,5,1,7,2
233,9,83,90,2023-10-06,4,4,3,15000,2023-07-22,76,5,1,5,1
396,4,40,34,2024-11-08,8,8,4,15000,2024-07-01,130,4,1,5,3
169,8,76,77,2025-10-06,7,7,1,9737,2025-07-31,67,7,5,1,2
49,4,34,33,2025-09-04,1,1,2,3762,2025-06-20,76,1,4,4,1
336,10,92,100,2023-08-05,4,4,2,4279,2023-02-17,169,5,3,6,1
43,9,90,88,2023-01-02,8,8,4,15000,2022-09-06,118,4,2,1,2
148,3,21,26,2024-06-11,10,10,1,6523,2023-12-28,166,5,2,2,2
207,1,8,4,2023-07-13,7,7,1,5729,2023-01-25,169,8,5,4,1
241,1,4,2,2024-08-06,7,7,1,1744,2024-02-15,173,4,4,2,1
467,4,39,37,2024-03-21,7,7,1,15000,2024-03-06,15,6,3,4,3
372,10,94,99,2023-05-06,1,1,2,11713,2023-01-04,122,10,3,6,1
406,3,24,25,2023-11-13,7,7,4,15000,2023-11-10,3,10,5,1,1
51,7,68,62,2024-02-21,4,4,1,15000,2023-10-10,134,10,5,3,2
400,6,52,57,2023-09-06,2,2,4,15000,2023-06-18,80,5,3,3,1
432,8,74,80,2023-07-08,3,3,4,15000,2023-03-06,124,1,4,6,3
331,3,28,24,2024-09-17,6,6,4,15000,2024-08-25,23,1,2,2,2
494,7,62,64,2024-11-23,1,1,3,7703,2024-10-04,50,2,4,6,2
379,1,3,1,2023-10-18,4,4,4,15000,2023-05-09,162,4,1,3,2
461,3,28,24,2023-10-05,9,9,1,9477,2023-10-01,4,1,3,4,1
327,6,59,57,2024-01-08,7,7,2,3351,2023-10-05,95,8,2,1,2
208,8,74,71,2025-02-15,6,6,4,15000,2025-01-03,43,2,3,6,2
18,3,30,26,2025-06-23,1,1,1,15000,2025-06-09,14,10,3,1,2
414,4,39,38,2024-02-08,2,2,3,15000,2023-11-06,94,9,3,4,2
217,8,71,73,2023-04-25,6,6,4,15000,2023-02-17,67,4,3,2,1
441,2,12,19,2025-06-07,9,9,4,15000,2025-05-23,15,10,3,6,2
262,9,86,88,2024-12-30,4,4,2,12564,2024-09-18,103,2,3,1,1
409,1,3,1,2025-01-12,1,1,2,15000,2024-09-27,107,10,2,7,1
28,3,22,27,2024-05-09,5,5,4,15000,2023-12-14,147,5,4,4,2
332,6,55,57,2024-06-28,6,6,1,8426,2024-01-06,174,5,5,5,2
412,3,21,26,2025-02-25,5,5,3,14846,2024-09-01,177,3,3,2,1
247,8,73,78,2025-06-16,10,10,4,15000,2025-05-05,42,6,4,1,2
31,9,82,84,2025-12-12,5,5,3,15000,2025-08-02,132,4,4,5,3
300,1,7,5,2024-12-05,2,2,3,10158,2024-11-24,11,6,3,4,1
118,7,61,64,2025-08-11,7,7,2,1518,2025-02-24,168,5,2,1,2
173,10,93,95,2025-05-13,6,6,3,15000,2025-04-13,30,3,1,2,2
250,3,29,24,2025-11-15,7,7,4,15000,2025-10-07,39,6,1,6,1
415,9,88,81,2023-09-17,1,1,2,15000,2023-09-09,8,4,4,7,3
226,10,99,95,2023-05-13,8,8,1,2619,2023-02-18,84,3,2,6,3
62,3,29,24,2024-08-14,4,4,2,15000,2024-03-31,136,8,2,3,1
175,1,2,5,2023-05-21,8,8,3,15000,2023-05-10,11,8,4,7,3
397,4,38,33,2024-01-11,4,4,2,1823,2023-11-01,71,6,5,4,1
95,4,40,38,2025-02-09,10,10,2,15000,2024-11-08,93,6,2,7,2
130,10,96,91,2024-09-24,3,3,1,3700,2024-09-08,16,1,1,2,1
43,8,80,77,2023-08-23,10,10,4,15000,2023-07-17,37,10,1,3,3
490,7,61,70,2025-05-24,9,9,1,12243,2025-02-05,108,2,1,6,2
478,7,61,67,2025-09-20,1,1,4,15000,2025-07-12,70,3,3,6,1
86,10,95,96,2024-11-12,2,2,3,9142,2024-08-02,102,2,2,2,2
405,4,39,37,2025-05-01,9,9,4,15000,2025-01-14,107,2,1,4,1
486,2,11,18,2025-03-30,1,1,3,15000,2025-02-14,44,2,5,7,2
438,1,10,5,2024-06-17,4,4,4,15000,2024-03-18,91,7,2,1,2
234,5,46,47,2023-06-19,5,5,2,9293,2023-03-22,89,4,3,1,1
202,7,70,61,2023-01-18,3,3,1,7339,2022-12-08,41,6,3,3,2
6,6,54,51,2025-07-01,4,4,3,15000,2025-01-28,154,9,2,2,1
35,3,24,22,2024-06-03,3,3,2,15000,2024-02-12,112,2,1,1,3
434,2,18,17,2023-01-29,5,5,3,15000,2023-01-07,22,1,3,7,2
40,4,37,36,2024-03-22,10,10,2,15000,2023-11-04,139,7,2,5,1
198,6,60,57,2023-08-09,2,2,3,15000,2023-06-28,42,9,2,3,2
210,4,32,36,2023-06-15,8,8,4,15000,2023-04-11,65,1,4,4,1
496,4,39,31,2025-04-26,2,2,1,11751,2024-12-23,124,7,1,6,1
421,10,91,94,2023-09-04,7,7,3,14436,2023-07-09,57,2,4,1,2
349,4,39,37,2025-03-09,7,7,1,4833,2024-10-29,131,1,4,7,2
208,4,36,33,2024-12-05,9,9,1,6128,2024-07-16,142,9,4,4,2
144,10,99,96,2023-06-27,2,2,3,15000,2023-05-13,45,6,1,2,2
151,3,24,26,2025-05-21,10,10,2,3801,2025-02-09,101,8,2,3,1
116,2,13,15,2024-09-30,4,4,4,15000,2024-07-29,63,10,1,1,2
113,5,41,44,2023-01-23,6,6,4,15000,2022-10-10,105,7,4,1,2
480,1,8,2,2024-03-05,3,3,1,15000,2023-11-26,100,7,2,2,3
350,2,18,13,2025-10-26,4,4,1,8894,2025-05-14,165,9,5,7,3
185,10,96,94,2025-11-25,10,10,1,2836,2025-08-14,103,3,3,2,2
355,7,69,64,2024-05-25,8,8,2,15000,2024-04-19,36,8,1,6,2
180,5,46,44,2023-11-03,4,4,1,9094,2023-05-10,177,7,5,5,2
465,2,20,17,2023-01-17,9,9,1,7537,2022-10-01,108,9,3,2,1
336,1,10,4,2024-08-26,1,1,1,11306,2024-05-24,94,10,4,1,2
215,8,74,76,2023-06-24,5,5,4,15000,2023-04-19,66,8,1,6,2
223,8,79,71,2023-03-31,3,3,4,15000,2022-11-14,137,3,3,5,1
72,5,48,50,2025-04-05,1,1,3,15000,2024-12-30,96,3,3,6,1
485,1,1,10,2024-02-28,7,7,2,15000,2023-12-08,82,2,1,3,1
79,4,31,34,2024-10-31,6,6,1,885,2024-06-04,149,9,2,4,2
424,8,74,71,2025-08-10,10,10,2,15000,2025-02-15,176,7,4,7,2
402,5,44,43,2025-08-08,7,7,3,15000,2025-02-22,167,1,4,5,1
294,1,2,3,2023-09-28,2,2,2,15000,2023-09-08,20,4,2,4,2
8,2,15,14,2023-06-23,7,7,2,4390,2023-05-12,42,7,2,5,1
146,4,33,31,2024-08-07,9,9,2,15000,2024-04-30,99,3,2,3,3
344,5,45,43,2025-05-30,5,5,3,15000,2025-01-24,126,1,3,5,1
361,4,31,33,2025-06-13,2,2,4,15000,2025-06-08,5,6,2,5,2
94,1,2,3,2023-02-09,9,9,3,15000,2022-12-23,48,2,1,4,1
456,6,51,60,2023-10-21,3,3,3,15000,2023-08-18,64,7,3,6,1
78,5,49,46,2024-05-08,7,7,3,15000,2024-04-14,24,6,3,3,1
494,10,91,93,2024-03-22,9,9,1,1205,2023-11-11,132,6,4,5,1
391,7,67,63,2023-05-07,5,5,1,12001,2023-04-07,30,6,4,7,1
176,10,95,97,2024-08-04,6,6,4,13090,2024-05-13,83,6,4,7,1
139,6,57,55,2024-12-08,7,7,2,15000,2024-09-25,74,7,5,7,2
38,7,69,65,2024-05-03,6,6,1,5467,2023-11-08,177,6,3,5,2
462,5,47,44,2023-12-15,1,1,3,15000,2023-11-02,43,9,4,5,2
307,5,44,41,2023-10-02,10,10,1,6143,2023-04-11,174,8,5,1,3
271,6,60,58,2025-08-17,3,3,1,4569,2025-05-27,82,8,3,7,2
338,4,34,32,2023-11-19,7,7,1,5478,2023-06-20,152,10,4,7,1
85,1,4,3,2025-01-18,10,10,2,6890,2024-12-18,31,4,2,6,3
400,1,7,6,2023-05-24,10,10,4,15000,2023-01-06,138,4,2,3,1
16,1,3,4,2023-08-14,3,3,4,13444,2023-04-29,107,9,1,1,3
155,10,91,94,2023-11-09,8,8,1,3687,2023-10-03,37,3,4,4,2
94,1,1,9,2024-06-24,4,4,3,15000,2024-03-20,96,10,4,1,1
233,5,43,42,2024-04-06,2,2,2,6338,2024-01-13,84,1,2,6,3
164,5,42,46,2025-03-11,4,4,1,10026,2024-09-20,172,8,3,2,1
28,3,25,24,2025-04-02,2,2,2,15000,2025-02-13,48,7,3,3,2
393,5,47,46,2025-12-20,2,2,1,15000,2025-07-16,157,6,3,6,3
324,2,12,15,2023-05-16,10,10,2,15000,2023-01-26,110,2,2,2,2
226,4,32,39,2025-09-18,5,5,3,15000,2025-08-02,47,2,1,4,1
121,9,88,84,2024-06-07,7,7,3,10397,2024-03-27,72,9,4,5,3
140,9,90,81,2023-08-29,7,7,2,15000,2023-03-10,172,4,4,2,2
27,5,48,41,2025-05-24,10,10,3,15000,2025-03-15,70,4,3,6,2
404,10,95,97,2023-10-25,8,8,3,15000,2023-05-11,167,10,1,3,1
21,10,93,96,2025-08-12,4,4,3,15000,2025-03-23,142,3,2,2,1
374,7,63,67,2025-09-15,10,10,4,13029,2025-07-11,66,5,2,1,1
119,9,83,87,2024-05-30,5,5,3,13037,2024-02-06,114,5,4,4,3
162,8,79,71,2023-01-20,4,4,2,15000,2022-07-26,178,4,5,5,2
31,9,89,82,2023-06-08,4,4,2,2836,2023-06-01,7,6,5,4,1
9,6,54,53,2023-10-13,4,4,3,15000,2023-08-24,50,6,3,5,2
459,3,23,22,2025-08-25,3,3,4,15000,2025-05-13,104,1,3,1,1
366,10,96,94,2024-03-23,4,4,4,15000,2023-12-13,101,5,2,6,1
212,6,54,55,2024-12-17,1,1,1,13340,2024-08-20,119,8,3,2,1
54,10,95,93,2025-05-27,7,7,2,15000,2025-02-19,97,9,1,2,1
377,2,20,19,2025-03-12,10,10,4,15000,2024-10-22,141,7,5,3,3
3,7,62,63,2023-10-20,3,3,1,1350,2023-10-17,3,2,3,5,2
204,9,84,90,2025-11-06,1,1,1,15000,2025-11-01,5,6,1,4,1
88,6,51,59,2024-10-29,2,2,3,1722,2024-08-12,78,3,5,2,1
180,5,46,43,2023-10-27,6,6,4,15000,2023-09-12,45,3,1,5,3
291,4,38,33,2023-06-09,10,10,4,15000,2023-05-05,35,9,1,5,2
178,6,59,58,2024-08-17,8,8,2,15000,2024-03-14,156,2,1,6,3
328,4,35,32,2023-03-19,7,7,3,15000,2023-01-06,72,8,2,7,1
190,3,27,21,2023-11-29,8,8,1,2640,2023-11-18,11,6,1,3,2
354,7,67,69,2023-12-30,10,10,1,15000,2023-08-22,130,8,5,6,3
453,8,77,80,2025-01-29,8,8,2,15000,2025-01-05,24,7,1,3,1
228,9,90,81,2024-07-06,3,3,3,15000,2024-04-14,83,1,3,6,2
167,9,83,86,2024-03-16,7,7,4,15000,2023-12-29,78,1,3,6,1
144,9,82,84,2024-03-31,4,4,4,15000,2023-11-22,130,7,1,7,1
281,2,11,18,2023-07-02,3,3,2,15000,2023-01-26,157,10,3,7,2
325,4,33,31,2024-08-21,3,3,2,15000,2024-07-05,47,5,2,3,2
53,3,30,24,2024-01-24,9,9,1,14803,2023-08-14,163,8,4,3,2
75,9,81,90,2024-04-24,5,5,2,15000,2023-11-11,165,9,4,3,3
291,2,15,13,2024-01-11,4,4,1,15000,2023-09-02,131,10,2,4,2
380,5,41,48,2024-07-26,9,9,4,13507,2024-07-21,5,10,1,5,2
208,4,37,36,2025-02-16,7,7,3,5742,2025-02-09,7,1,4,7,1
387,7,66,68,2024-11-07,4,4,3,15000,2024-07-13,117,10,1,4,1
45,4,33,36,2025-05-02,10,10,3,15000,2024-11-30,153,3,5,5,1
308,6,53,54,2024-05-06,1,1,2,15000,2024-03-24,43,2,3,1,3
92,4,37,39,2025-04-26,4,4,2,15000,2025-03-23,34,2,1,6,1
57,9,81,87,2023-12-20,9,9,2,2433,2023-07-20,153,1,2,3,1
162,6,53,58,2024-01-31,6,6,4,15000,2024-01-12,19,3,2,3,2
311,2,20,12,2023-06-25,6,6,3,15000,2023-01-24,152,10,4,7,2
143,3,28,23,2024-07-09,9,9,2,15000,2024-06-09,30,2,5,2,3
177,10,98,95,2024-02-15,6,6,3,1560,2024-02-06,9,10,3,4,3
254,1,1,2,2025-07-29,9,9,1,5587,2025-02-04,175,4,4,2,3
96,1,10,6,2024-01-10,6,6,4,15000,2023-09-02,130,5,5,3,2
160,9,87,83,2023-07-23,1,1,1,15000,2023-07-02,21,3,5,7,3
425,6,57,51,2025-01-30,8,8,4,15000,2024-12-15,46,9,5,4,1
340,8,74,72,2025-09-08,10,10,2,4512,2025-07-23,47,8,5,1,2
277,8,73,71,2025-03-06,10,10,4,15000,2024-09-27,160,8,1,4,3
195,4,36,33,2025-04-26,6,6,3,15000,2024-12-18,129,6,5,6,1
52,9,88,83,2025-12-12,1,1,1,9535,2025-11-13,29,6,1,5,1
431,3,27,23,2025-08-25,2,2,4,15000,2025-06-30,56,2,1,1,3
411,2,20,18,2024-05-04,3,3,2,15000,2024-02-14,80,1,3,6,2
398,6,59,51,2024-10-14,3,3,1,12714,2024-09-15,29,10,5,1,1
162,9,81,89,2025-05-28,2,2,4,15000,2025-03-03,86,10,3,3,1
302,3,26,27,2023-02-16,10,10,1,8180,2023-02-05,11,3,4,4,2
419,10,99,96,2023-05-25,1,1,3,10108,2023-01-24,121,6,2,4,2
203,6,60,51,2024-02-09,6,6,3,15000,2023-08-26,167,2,3,5,1
284,9,90,83,2023-11-10,2,2,1,15000,2023-08-04,98,2,2,5,2
321,7,62,63,2025-08-15,1,1,1,2487,2025-02-20,176,5,4,5,2
317,10,95,100,2024-03-25,6,6,1,1963,2024-02-11,43,1,4,1,2
418,7,70,63,2023-10-11,6,6,1,14508,2023-07-29,74,9,3,3,1
222,1,2,4,2025-06-22,1,1,4,15000,2025-04-04,79,9,2,7,3
318,9,83,90,2023-12-19,7,7,2,15000,2023-09-10,100,2,4,2,1
402,3,24,21,2025-01-31,10,10,2,15000,2024-09-20,133,7,2,5,2
167,3,21,29,2023-07-22,6,6,2,15000,2023-04-06,107,3,4,6,1
274,5,48,45,2025-09-15,1,1,1,14362,2025-05-11,127,3,4,1,1
170,4,31,38,2025-10-28,2,2,4,13635,2025-07-03,117,8,1,2,1
447,9,82,89,2024-07-05,3,3,3,15000,2024-06-24,11,9,1,5,1
478,10,95,96,2023-03-16,10,10,1,7938,2022-12-23,83,2,5,4,1
102,10,96,93,2023-09-16,5,5,1,1227,2023-07-14,64,6,2,6,2
399,10,98,99,2023-11-04,5,5,2,15000,2023-10-26,9,1,3,6,2
468,4,40,37,2025-12-17,3,3,4,15000,2025-11-05,42,7,1,3,2
452,9,89,85,2025-07-23,9,9,2,15000,2025-02-11,162,4,3,3,3
12,7,65,64,2024-04-08,4,4,4,15000,2024-02-05,63,5,1,1,1
329,2,15,12,2024-08-11,1,1,2,15000,2024-03-01,163,6,5,7,3
222,3,23,30,2025-10-08,3,3,4,15000,2025-07-04,96,8,4,3,1
205,10,97,91,2023-09-16,3,3,4,15000,2023-04-19,150,5,1,6,3
306,7,69,65,2023-09-25,3,3,2,15000,2023-09-03,22,3,5,1,1
142,1,3,5,2024-12-12,2,2,1,4372,2024-11-24,18,4,2,4,1
381,8,73,77,2024-05-08,9,9,4,15000,2024-04-29,9,1,1,3,2
456,2,17,12,2023-08-03,3,3,1,6012,2023-03-16,140,8,1,4,1
215,10,92,91,2024-01-17,3,3,2,537,2023-09-17,122,1,5,3,2
281,4,36,32,2025-07-27,2,2,2,4084,2025-02-21,156,10,5,7,2
168,2,16,12,2024-05-20,6,6,4,15000,2024-02-21,89,4,2,1,1
407,7,69,66,2025-05-28,3,3,2,1774,2025-02-20,97,7,2,3,1
224,10,94,92,2023-06-28,6,6,4,15000,2023-01-21,158,6,3,3,1
102,9,81,87,2024-11-01,4,4,1,13913,2024-08-17,76,9,4,5,1
334,3,24,26,2023-12-13,6,6,3,15000,2023-11-11,32,2,4,3,2
431,3,27,23,2024-10-08,9,9,2,15000,2024-08-31,38,7,3,2,2
102,10,98,97,2024-07-10,9,9,4,15000,2024-02-29,132,6,2,3,1
195,10,99,93,2024-08-19,1,1,4,15000,2024-07-07,43,7,1,1,1
36,4,32,34,2025-01-19,9,9,1,13139,2024-12-19,31,1,1,7,3
131,2,19,20,2025-03-08,7,7,2,15000,2025-02-25,11,1,5,6,2
65,3,29,28,2023-05-03,4,4,3,15000,2023-03-26,38,4,2,3,2
360,3,29,26,2023-12-26,1,1,2,15000,2023-08-16,132,7,4,2,3
164,9,83,89,2023-03-17,3,3,1,10863,2022-12-06,101,5,1,5,1
272,2,13,18,2023-02-16,2,2,3,15000,2022-12-27,51,5,5,4,2
85,3,23,24,2023-05-25,8,8,2,15000,2022-11-27,179,7,2,4,1
104,5,49,42,2025-03-28,5,5,2,15000,2024-12-23,95,8,2,5,3
29,10,100,96,2024-08-05,10,10,2,15000,2024-05-13,84,5,1,1,2
218,10,100,92,2024-06-13,10,10,2,15000,2024-02-15,119,7,2,4,1
214,6,52,53,2024-12-03,3,3,4,3163,2024-08-02,123,2,2,2,2
3,9,84,83,2024-08-14,5,5,1,12164,2024-07-06,39,3,2,3,2
466,4,34,32,2023-02-02,10,10,3,15000,2023-01-05,28,2,5,4,3
420,3,25,22,2025-07-02,1,1,2,12258,2025-06-06,26,8,5,3,1
201,9,82,90,2025-03-25,5,5,2,15000,2024-10-01,175,2,5,2,1
489,3,22,21,2025-12-07,8,8,2,15000,2025-09-04,94,9,2,7,1
380,5,42,50,2024-08-16,1,1,3,15000,2024-05-02,106,9,4,5,2
498,3,27,26,2024-04-16,10,10,3,15000,2024-04-02,14,9,3,2,3
142,9,84,89,2024-11-12,7,7,1,2018,2024-07-26,109,10,2,2,1
75,6,53,55,2025-01-06,1,1,1,587,2024-08-17,142,7,4,1,1
351,3,23,28,2025-09-16,4,4,4,15000,2025-06-21,87,7,1,2,1
278,8,73,79,2024-04-11,7,7,1,9541,2023-10-28,166,3,5,4,2
303,1,7,4,2023-08-27,6,6,4,6630,2023-05-10,109,2,5,7,3
180,3,26,24,2023-09-28,7,7,4,15000,2023-09-12,16,3,3,4,2
304,1,2,10,2023-12-20,1,1,4,3436,2023-09-18,93,6,2,3,1
436,6,58,52,2024-09-30,4,4,3,1359,2024-05-15,138,2,1,1,2
454,1,3,8,2024-06-01,8,8,1,6174,2024-01-25,128,8,1,6,1
314,8,77,74,2024-01-13,10,10,4,15000,2023-08-04,162,3,3,6,1
83,9,88,86,2023-03-21,5,5,1,4617,2023-02-23,26,10,5,2,2
264,5,44,45,2024-08-03,6,6,1,10940,2024-04-13,112,9,2,6,3
363,1,3,4,2023-01-27,6,6,3,15000,2022-12-25,33,5,4,5,3
200,6,53,52,2025-05-27,6,6,4,15000,2025-04-04,53,5,2,2,2
192,7,66,67,2023-09-04,4,4,4,15000,2023-06-06,90,10,5,1,1
493,10,99,92,2025-08-02,3,3,4,15000,2025-03-18,137,7,2,6,1
439,8,75,80,2023-01-05,4,4,1,15000,2022-07-25,164,9,1,4,3
109,4,33,37,2023-03-10,10,10,4,15000,2022-12-12,88,2,5,5,2
138,4,36,32,2023-08-25,3,3,1,15000,2023-04-17,130,10,3,5,2
431,4,38,37,2025-06-28,7,7,2,3183,2025-02-26,122,2,2,6,1
215,4,39,31,2023-07-09,4,4,4,15000,2023-04-16,84,7,4,7,1
424,10,94,99,2024-09-03,3,3,3,5743,2024-06-26,69,1,4,2,3
127,10,97,99,2024-07-14,7,7,4,15000,2024-04-21,84,2,4,7,3
101,6,51,54,2024-06-06,7,7,2,15000,2024-02-17,110,6,5,4,2
46,4,37,33,2024-10-01,7,7,1,4473,2024-06-05,118,5,1,2,1
131,10,97,93,2025-07-04,2,2,1,9236,2025-01-20,165,4,2,5,1
225,5,45,42,2025-06-01,5,5,4,15000,2024-12-11,172,3,4,7,1
32,3,27,22,2023-06-17,9,9,2,15000,2023-03-02,107,8,3,6,2
30,6,57,59,2025-07-21,1,1,2,15000,2025-02-08,163,3,1,1,1
425,4,32,37,2024-05-02,2,2,4,15000,2024-01-25,98,5,1,4,2
197,8,76,75,2025-04-18,6,6,4,15000,2025-03-02,47,7,4,5,3
113,8,80,76,2024-03-14,4,4,3,15000,2024-01-16,58,7,2,4,2
433,7,67,70,2024-04-03,1,1,3,15000,2024-01-19,75,4,4,3,2
188,7,64,65,2023-05-20,9,9,3,15000,2023-04-10,40,6,2,6,1
411,2,18,17,2024-04-03,2,2,2,1140,2024-02-21,42,8,5,3,1
256,8,76,80,2023-12-18,4,4,3,15000,2023-08-23,117,1,1,1,1
93,1,2,4,2025-10-28,8,8,2,7422,2025-06-16,134,5,5,2,1
345,10,91,99,2024-12-11,3,3,1,15000,2024-12-07,4,2,5,3,2
410,10,99,96,2023-06-12,10,10,3,15000,2023-01-24,139,7,2,1,1
360,4,33,38,2023-08-03,3,3,2,15000,2023-06-17,47,7,2,4,2
490,5,49,44,2024-07-29,1,1,1,2769,2024-02-04,176,7,4,1,2
307,8,73,79,2023-06-13,5,5,2,8924,2023-03-15,90,3,3,2,1
213,8,73,80,2025-07-20,2,2,1,4049,2025-01-28,173,3,3,7,2
23,3,22,28,2025-01-31,5,5,4,4383,2024-10-12,111,10,2,5,2
293,9,88,90,2025-07-05,9,9,1,14245,2025-02-17,138,8,5,6,2
250,8,71,76,2024-12-23,8,8,2,15000,2024-10-28,56,4,1,1,1
108,5,50,42,2025-08-01,2,2,2,2380,2025-03-12,142,10,2,5,1
448,3,28,22,2023-09-17,4,4,4,15000,2023-09-14,3,4,5,7,3
457,10,96,100,2024-01-30,5,5,4,4115,2023-12-21,40,10,5,2,1
82,2,15,19,2024-10-01,6,6,4,6403,2024-09-14,17,6,4,2,2
360,10,94,92,2024-10-19,8,8,1,6099,2024-06-21,120,9,2,6,2
164,8,75,80,2025-01-29,10,10,1,14875,2024-09-30,121,3,2,3,2
349,5,47,45,2025-02-07,6,6,3,15000,2024-09-03,157,2,3,5,1
384,9,82,86,2024-07-18,9,9,2,6706,2024-03-30,110,6,2,4,1
83,9,86,84,2023-07-08,1,1,4,15000,2023-04-30,69,5,4,6,2
85,9,89,84,2023-09-06,7,7,1,10260,2023-08-22,15,10,4,3,2
276,6,59,60,2024-12-06,10,10,2,10154,2024-07-18,141,6,4,5,3
40,3,21,23,2024-07-02,4,4,1,4103,2024-04-11,82,1,1,2,1
420,4,32,38,2023-03-15,10,10,2,15000,2023-01-20,54,1,3,3,1
496,5,41,44,2024-09-28,7,7,2,1360,2024-07-07,83,1,1,6,1
172,9,90,86,2025-08-11,10,10,2,15000,2025-07-10,32,2,4,1,2
41,2,18,16,2023-01-14,1,1,4,15000,2022-10-19,87,9,1,6,1
27,8,72,71,2024-04-29,2,2,4,15000,2023-12-19,132,2,1,1,2
260,2,11,16,2023-06-28,9,9,1,9385,2023-01-28,151,1,4,3,2
224,8,74,71,2025-12-24,6,6,1,15000,2025-09-24,91,3,5,3,2
150,7,61,67,2025-07-19,10,10,4,15000,2025-06-23,26,9,5,6,3
37,3,22,21,2024-11-03,6,6,4,15000,2024-07-06,120,6,1,7,2
80,2,19,14,2023-12-27,10,10,1,8103,2023-08-05,144,8,3,3,3
477,7,68,65,2023-11-29,8,8,4,15000,2023-06-13,169,7,3,3,1
306,8,72,73,2025-04-06,6,6,2,5277,2025-03-22,15,6,4,7,1
143,10,98,99,2024-08-02,3,3,4,15000,2024-07-02,31,9,5,5,3
54,10,95,98,2024-03-21,9,9,4,15000,2023-12-08,104,10,1,4,1
49,10,100,96,2024-12-12,10,10,2,8121,2024-06-16,179,4,3,4,3
145,2,14,20,2024-01-16,5,5,4,10519,2023-08-24,145,6,4,2,3
27,8,72,71,2023-09-10,2,2,4,15000,2023-04-28,135,6,3,7,2
332,2,16,19,2024-08-17,3,3,4,15000,2024-03-26,144,9,4,6,3
286,7,61,66,2024-02-01,10,10,1,11482,2023-11-02,91,9,2,4,2
272,4,36,32,2025-09-30,3,3,3,8458,2025-04-23,160,6,5,2,2
138,4,33,35,2023-04-27,8,8,3,15000,2023-02-12,74,10,1,4,1
194,2,13,15,2025-01-19,3,3,3,15000,2024-09-21,120,5,2,7,2
41,2,12,11,2025-07-15,7,7,1,15000,2025-02-10,155,2,1,2,3
252,2,12,17,2023-05-30,6,6,4,4078,2023-01-10,140,7,2,2,1
229,8,77,78,2023-05-07,10,10,1,12657,2023-02-21,75,8,1,7,1
171,4,32,35,2024-04-12,9,9,4,15000,2023-10-20,175,1,1,5,1
242,1,7,4,2024-07-24,4,4,3,15000,2024-05-07,78,8,2,3,1
162,5,46,43,2024-04-11,1,1,2,15000,2024-03-16,26,5,4,4,1
58,1,9,5,2024-07-21,1,1,2,15000,2024-03-30,113,10,4,7,3
294,4,32,37,2023-06-09,6,6,4,15000,2023-05-20,20,6,3,5,2
420,1,6,7,2024-08-26,3,3,2,1420,2024-07-01,56,1,5,1,1
95,9,84,85,2025-11-17,1,1,2,14611,2025-06-14,156,7,4,1,1
91,7,66,67,2023-03-11,2,2,4,15000,2022-09-16,176,8,1,6,2
424,8,80,74,2024-05-18,7,7,1,8349,2023-12-29,141,2,2,6,1
160,4,32,40,2024-02-19,8,8,3,15000,2023-08-25,178,1,1,1,1
218,1,9,3,2024-12-25,10,10,1,15000,2024-10-06,80,3,5,3,2
295,4,33,40,2025-10-30,4,4,4,1494,2025-07-19,103,1,5,4,1
397,6,53,56,2023-07-11,3,3,4,7347,2023-03-07,126,1,5,2,3
107,5,48,45,2023-06-07,5,5,4,13424,2023-03-22,77,8,4,3,3
118,9,88,87,2024-02-15,2,2,3,15000,2023-12-01,76,3,2,4,3
13,3,27,24,2023-02-28,7,7,3,12207,2023-02-16,12,5,1,2,2
134,2,20,19,2025-10-26,3,3,2,15000,2025-09-05,51,3,4,7,2
30,1,5,9,2024-07-02,5,5,4,15000,2024-02-20,133,5,4,2,2
65,7,65,66,2023-05-06,10,10,1,12974,2023-03-23,44,9,5,6,1
141,4,33,37,2024-02-28,7,7,2,15000,2023-09-26,155,3,5,3,1
376,7,66,70,2023-08-09,5,5,1,1735,2023-05-28,73,8,4,3,1
197,6,53,52,2023-10-20,9,9,1,5274,2023-09-04,46,7,1,5,2
436,5,46,47,2024-05-15,9,9,1,7556,2023-12-31,136,9,3,3,2
365,8,80,73,2023-12-21,1,1,2,15000,2023-10-15,67,7,3,4,2
375,1,5,7,2024-07-25,4,4,2,15000,2024-02-09,167,3,3,4,2
415,4,32,36,2025-11-02,7,7,4,15000,2025-07-18,107,1,2,7,2
280,6,54,53,2023-08-02,8,8,3,15000,2023-02-08,175,10,2,3,1
307,5,44,45,2023-07-16,3,3,4,15000,2023-05-17,60,6,3,7,3
168,7,63,61,2025-03-15,2,2,3,15000,2024-11-28,107,4,2,6,1
313,1,3,7,2024-09-28,10,10,1,13900,2024-09-10,18,9,5,6,3
315,8,77,79,2023-04-26,3,3,2,15000,2022-12-20,127,8,1,3,1
284,4,38,34,2023-04-26,8,8,2,4417,2023-01-24,92,2,1,3,2
355,1,2,5,2025-02-10,9,9,1,15000,2024-12-12,60,4,2,1,2
119,7,69,65,2025-10-09,1,1,2,11550,2025-09-15,24,2,5,4,2
260,10,96,100,2023-04-12,8,8,3,15000,2022-11-01,162,2,2,3,3
140,5,47,45,2023-06-22,9,9,3,15000,2023-01-17,156,2,1,4,1
450,10,91,92,2023-11-17,3,3,4,15000,2023-10-23,25,9,5,5,1
110,7,68,64,2024-03-09,1,1,1,2788,2023-12-03,97,6,5,6,2
129,9,85,86,2023-04-08,7,7,2,15000,2023-03-23,16,9,2,6,3
184,3,26,22,2024-04-23,4,4,4,15000,2024-03-23,31,1,3,2,2
276,10,97,94,2025-07-04,10,10,2,13405,2025-05-24,41,10,4,5,1
199,7,61,67,2024-09-06,2,2,2,15000,2024-06-23,75,5,3,5,3
42,4,36,31,2023-07-14,8,8,3,15000,2023-04-04,101,1,4,5,3
240,2,18,14,2024-12-03,10,10,3,15000,2024-11-16,17,7,5,2,2
454,1,9,8,2023-01-24,8,8,4,15000,2022-10-24,92,3,5,2,1
433,5,49,41,2024-10-24,8,8,4,15000,2024-09-11,43,6,3,4,1
56,7,70,67,2024-09-03,4,4,1,5796,2024-07-06,59,3,5,2,2
45,10,94,95,2023-12-10,10,10,2,15000,2023-06-30,163,2,5,7,1
234,8,76,79,2025-01-01,6,6,1,13576,2024-07-05,180,2,4,3,1
269,3,24,23,2023-07-12,9,9,2,7208,2023-06-17,25,5,5,3,2
174,9,87,82,2025-03-07,3,3,4,15000,2024-10-22,136,2,2,5,1
353,1,10,8,2023-11-06,3,3,4,15000,2023-10-29,8,10,5,1,3
122,10,97,93,2025-05-23,4,4,1,7505,2025-01-20,123,7,1,5,3
101,10,94,100,2025-09-21,1,1,4,15000,2025-08-18,34,3,4,7,1
406,9,85,90,2025-01-12,7,7,3,15000,2024-08-20,145,10,2,7,2
252,10,100,91,2024-07-22,7,7,4,13096,2024-02-03,170,9,3,1,3
54,3,21,23,2025-04-23,3,3,4,15000,2025-04-11,12,7,4,3,2
469,5,45,47,2025-09-10,2,2,1,7942,2025-07-09,63,4,2,3,1
472,10,96,97,2023-12-09,2,2,3,15000,2023-09-25,75,9,5,6,2
75,6,59,55,2023-02-18,10,10,2,15000,2023-01-05,44,10,3,6,2
102,8,78,75,2023-08-28,1,1,3,11863,2023-06-02,87,2,5,1,2
348,6,57,56,2024-01-05,1,1,4,15000,2023-11-20,46,2,2,5,1
463,3,28,29,2025-05-21,4,4,1,10014,2025-05-14,7,2,3,3,1
497,5,49,48,2023-06-28,9,9,1,12762,2023-06-06,22,3,4,3,1
73,3,23,21,2025-05-10,6,6,3,2177,2025-03-10,61,3,4,6,1
246,1,3,4,2024-06-20,2,2,2,15000,2024-05-04,47,10,2,4,3
253,6,58,51,2023-05-09,7,7,2,7459,2022-11-30,160,3,2,2,2
178,1,9,4,2024-01-31,4,4,4,15000,2023-09-01,152,10,1,3,1
144,3,23,22,2023-07-21,1,1,2,15000,2023-02-25,146,1,4,5,2
70,6,56,57,2025-11-16,1,1,1,10606,2025-11-03,13,4,1,7,1
179,10,91,98,2025-10-04,5,5,1,6533,2025-05-06,151,9,1,6,2
120,7,64,65,2023-12-25,7,7,4,3295,2023-09-12,104,10,1,1,2
255,10,96,98,2025-08-24,5,5,4,15000,2025-07-27,28,4,3,7,1
138,1,10,9,2024-04-18,2,2,4,15000,2024-02-21,57,3,4,4,2
438,8,72,76,2024-08-12,10,10,3,15000,2024-03-30,135,3,3,1,2
369,1,10,2,2023-05-01,6,6,1,624,2023-03-31,31,1,1,1,3
412,4,39,35,2025-02-12,10,10,4,15000,2024-10-16,119,6,5,3,1
81,4,31,36,2025-12-03,9,9,3,15000,2025-07-06,150,10,3,3,1
125,5,42,41,2023-07-04,9,9,3,15000,2023-05-14,51,5,2,2,2
109,3,29,23,2023-10-11,6,6,4,15000,2023-05-17,147,8,5,3,2
31,9,86,87,2024-06-22,2,2,1,6261,2024-02-16,127,8,2,6,2
194,7,62,63,2024-04-17,5,5,4,15000,2023-10-21,179,2,2,3,2
203,2,16,17,2024-10-06,7,7,2,15000,2024-05-26,133,9,4,7,2
134,2,17,16,2025-01-11,5,5,1,15000,2024-12-28,14,5,1,6,2
61,7,66,62,2024-07-22,7,7,4,15000,2024-06-27,25,8,2,1,1
290,7,69,64,2023-10-31,7,7,2,15000,2023-10-07,24,9,3,2,2
324,4,36,39,2025-02-05,3,3,2,14605,2024-12-14,53,1,5,3,2
388,1,3,4,2024-07-02,8,8,2,15000,2024-01-31,153,1,1,2,2
382,1,6,7,2024-03-30,6,6,2,3537,2024-02-14,45,8,2,6,2
76,2,13,19,2024-09-23,1,1,3,15000,2024-09-08,15,4,1,1,1
48,9,85,87,2023-01-25,10,10,4,15000,2022-12-03,53,3,5,3,1
335,5,45,50,2024-03-13,10,10,2,1287,2023-10-08,157,1,4,3,2
305,8,72,76,2024-02-07,3,3,3,3172,2023-10-10,120,8,4,3,2
476,4,40,31,2025-03-23,1,1,4,15000,2025-03-06,17,6,4,7,1
61,1,3,4,2024-06-16,7,7,4,15000,2024-04-22,55,1,4,7,3
294,6,56,54,2023-02-05,4,4,1,13938,2023-01-16,20,3,3,7,3
159,10,94,98,2024-11-10,3,3,2,15000,2024-11-09,1,6,4,7,1
422,3,24,28,2024-03-01,2,2,3,15000,2024-01-04,57,5,5,5,1
499,8,79,78,2023-05-21,6,6,2,8039,2022-12-18,154,4,1,7,2
324,6,57,59,2023-11-16,9,9,1,4487,2023-10-28,19,5,2,4,2
363,4,33,35,2024-08-17,10,10,3,8167,2024-08-05,12,3,5,6,1
419,2,12,20,2024-08-07,3,3,3,3229,2024-04-02,127,2,4,3,3
172,5,42,49,2023-03-09,7,7,4,15000,2022-11-29,100,3,2,4,3
265,1,6,10,2023-01-18,3,3,3,15000,2022-09-29,111,8,4,3,2
239,6,52,54,2023-02-21,1,1,1,9183,2022-11-30,83,4,5,2,1
474,7,66,67,2023-07-24,6,6,1,8409,2023-03-11,135,9,5,1,2
431,6,55,51,2024-07-17,2,2,4,15000,2024-07-04,13,1,2,3,1
177,4,38,31,2024-06-24,6,6,4,3245,2024-02-09,136,4,4,1,2
367,5,46,45,2025-05-13,8,8,2,15000,2025-02-20,82,9,1,2,3
8,10,97,94,2024-01-20,8,8,1,15000,2023-10-30,82,1,3,6,3
422,7,67,69,2024-12-06,4,4,3,15000,2024-08-04,124,10,1,5,2
101,3,26,25,2024-12-15,4,4,4,8409,2024-07-28,140,6,4,7,1
152,3,23,22,2024-12-10,9,9,1,3433,2024-07-06,157,9,4,2,1
331,5,50,49,2025-07-25,6,6,2,10512,2025-07-13,12,3,1,5,1
458,1,5,1,2023-06-11,9,9,1,5555,2023-04-15,57,9,4,7,1
27,6,51,52,2023-01-05,1,1,3,3277,2022-12-17,19,1,4,4,2
236,1,9,3,2025-12-07,2,2,2,15000,2025-11-18,19,9,5,7,2
462,10,91,96,2023-09-06,8,8,2,15000,2023-08-27,10,7,1,3,1
101,7,62,65,2023-10-01,5,5,4,15000,2023-04-04,180,8,1,7,2
296,2,12,20,2023-08-28,8,8,2,15000,2023-03-22,159,4,2,1,2
148,1,7,6,2024-12-09,1,1,4,15000,2024-09-08,92,5,5,1,3
391,6,54,59,2023-01-05,6,6,2,6996,2022-10-04,93,7,5,4,1
32,5,45,46,2023-04-22,7,7,4,15000,2023-04-03,19,3,4,6,2
189,9,90,81,2024-08-02,2,2,3,5208,2024-04-27,97,10,3,5,2
82,8,79,72,2025-04-06,9,9,4,15000,2025-01-08,88,7,4,7,2
210,8,78,72,2023-12-03,7,7,4,15000,2023-11-13,20,3,1,7,1
259,4,36,33,2025-02-21,5,5,2,15000,2024-08-31,174,5,2,5,1
164,3,26,27,2025-10-23,9,9,3,15000,2025-09-23,30,9,4,4,3
404,6,54,60,2024-10-01,8,8,3,15000,2024-08-19,43,10,4,2,2
160,1,1,8,2025-09-20,3,3,4,7713,2025-09-14,6,1,5,6,2
318,3,28,27,2023-09-20,6,6,1,12573,2023-05-22,121,3,4,3,2
267,1,9,3,2025-03-15,2,2,3,8401,2024-11-11,124,1,3,6,1
116,6,54,56,2024-09-06,10,10,4,15000,2024-03-16,174,8,1,5,1
475,2,17,16,2024-06-29,1,1,2,11999,2024-04-14,76,1,2,6,2
150,3,29,24,2023-07-08,7,7,2,6616,2023-03-06,124,1,3,6,2
347,2,18,14,2025-03-06,4,4,3,15000,2025-02-04,30,7,2,4,1
64,1,6,8,2025-03-15,4,4,2,15000,2025-03-01,14,9,2,6,1
378,10,97,99,2024-04-18,5,5,2,15000,2023-12-23,117,7,5,4,3
200,8,77,79,2025-04-16,10,10,3,6439,2025-02-19,56,2,2,3,1
20,5,41,50,2025-10-02,9,9,4,5677,2025-09-26,6,2,1,4,2
115,9,89,84,2025-02-10,9,9,2,5347,2024-12-19,53,10,4,1,1
411,1,4,5,2025-02-11,2,2,3,15000,2024-09-09,155,9,2,2,1
186,3,22,21,2023-06-01,3,3,3,15000,2023-05-24,8,6,5,4,1
393,10,100,94,2025-02-26,5,5,4,15000,2024-09-15,164,2,4,3,2
262,4,39,36,2025-02-14,4,4,4,15000,2024-11-07,99,9,4,5,2
380,1,3,2,2023-12-25,7,7,2,15000,2023-12-17,8,3,5,1,1
154,2,14,20,2023-01-30,2,2,3,15000,2022-12-22,39,5,5,1,2
453,10,97,95,2025-12-14,2,2,2,6926,2025-10-28,47,1,2,7,1
222,10,100,96,2024-02-29,8,8,2,15000,2023-12-26,65,10,4,4,3
358,10,98,96,2023-08-21,2,2,3,15000,2023-05-09,104,3,3,1,2
250,7,69,61,2023-08-28,1,1,3,4146,2023-04-06,144,3,1,1,3
12,6,51,58,2023-10-31,2,2,2,15000,2023-07-16,107,8,4,2,1
191,10,91,98,2023-12-30,10,10,4,15000,2023-08-01,151,7,2,6,1
389,9,84,89,2023-05-11,5,5,4,11848,2022-12-12,150,6,5,4,1
67,10,100,94,2025-01-16,3,3,1,15000,2024-08-28,141,8,5,4,2
71,1,9,4,2024-03-24,2,2,1,11668,2024-01-11,73,1,4,7,1
383,7,66,61,2025-12-15,9,9,4,15000,2025-06-22,176,6,4,1,1
405,9,88,84,2025-01-17,7,7,1,11828,2024-09-22,117,9,3,5,1
123,10,97,93,2025-01-18,2,2,4,15000,2024-12-12,37,8,4,6,2
176,8,79,74,2023-11-25,1,1,2,15000,2023-11-10,15,9,3,6,2
282,2,13,17,2024-09-22,5,5,1,249,2024-06-07,107,9,3,7,1
314,2,14,18,2023-02-12,4,4,3,15000,2022-11-18,86,1,4,7,2
66,1,4,7,2023-03-14,4,4,1,4785,2022-09-15,180,10,1,2,3
394,1,7,3,2025-11-06,5,5,2,15000,2025-09-03,64,10,5,4,2
430,4,36,33,2023-11-28,6,6,1,8395,2023-07-13,138,10,3,2,3
142,6,52,56,2023-10-31,7,7,2,11482,2023-10-07,24,9,3,2,2
448,9,82,86,2023-07-18,8,8,3,15000,2023-02-17,151,8,3,2,2
253,4,32,33,2024-06-29,10,10,4,15000,2024-06-14,15,6,1,6,1
354,10,94,100,2024-02-08,5,5,3,8161,2023-12-26,44,9,2,4,1
482,7,70,66,2025-09-09,1,1,3,15000,2025-07-31,40,6,2,2,2
414,10,94,98,2024-07-02,10,10,1,2328,2024-03-25,99,6,1,2,1
273,10,94,99,2023-05-27,9,9,1,8159,2023-01-01,146,10,4,6,2
476,10,92,100,2024-04-03,3,3,1,15000,2024-03-12,22,5,2,3,3
373,2,17,19,2025-06-07,3,3,2,15000,2025-05-22,16,7,4,6,3
459,10,92,96,2025-09-17,1,1,1,6039,2025-04-18,152,4,1,3,2
184,6,51,53,2024-12-10,6,6,3,8150,2024-08-14,118,1,1,2,2
34,3,21,28,2025-04-22,3,3,1,11666,2025-01-22,90,2,3,2,1
231,3,26,21,2024-06-11,5,5,2,4590,2024-01-15,148,4,3,2,3
16,1,7,10,2025-06-04,1,1,4,15000,2025-01-16,139,4,1,3,2
329,7,69,63,2024-04-22,4,4,1,12527,2024-01-08,105,1,1,1,1
469,1,7,4,2024-12-24,4,4,4,15000,2024-11-20,34,8,5,2,1
186,3,21,25,2023-12-19,7,7,1,4663,2023-08-23,118,6,1,2,3
437,8,74,77,2025-11-25,2,2,3,1895,2025-10-25,31,10,4,2,1
31,1,6,3,2023-08-13,5,5,3,7810,2023-05-15,90,6,4,7,1
83,4,36,39,2023-03-23,2,2,2,15000,2022-12-11,102,5,3,4,2
203,9,84,86,2025-11-05,10,10,4,15000,2025-09-19,47,3,4,3,2
49,6,52,56,2023-04-25,10,10,4,15000,2023-01-01,114,9,2,2,2
102,5,42,48,2024-11-01,6,6,4,15000,2024-07-06,118,1,3,5,2
77,1,7,8,2023-10-25,3,3,3,15000,2023-09-13,42,10,1,3,1
457,7,66,69,2025-07-29,3,3,4,8818,2025-02-08,171,5,4,2,3
320,3,26,25,2024-09-15,2,2,4,15000,2024-05-18,120,8,2,7,2
1,10,95,92,2025-10-08,5,5,1,9226,2025-09-15,23,9,4,3,2
300,1,1,6,2024-09-07,7,7,3,15000,2024-05-27,103,4,2,6,3
296,1,9,3,2024-05-19,10,10,3,15000,2024-01-03,137,5,4,7,2
238,3,26,30,2023-03-07,3,3,1,14529,2023-01-13,53,3,3,2,2
50,2,11,20,2025-04-10,7,7,3,6582,2024-11-15,146,2,1,4,2
407,6,52,60,2025-06-06,10,10,2,15000,2025-04-10,57,6,3,5,1
117,2,11,15,2023-06-12,5,5,1,1588,2023-05-28,15,7,4,1,1
263,4,33,38,2023-12-31,3,3,1,15000,2023-08-17,136,8,1,7,2
454,4,36,38,2025-12-29,5,5,3,15000,2025-09-11,109,9,1,1,3
286,3,24,30,2024-01-19,3,3,2,15000,2023-11-14,66,9,5,5,1
177,4,38,34,2025-11-30,5,5,3,15000,2025-07-18,135,9,1,7,3
420,9,89,86,2023-09-12,9,9,3,12872,2023-05-28,107,5,1,2,1
50,5,46,44,2025-02-07,4,4,4,14609,2024-12-05,64,9,4,5,1
497,2,14,17,2024-03-11,7,7,2,15000,2023-12-13,89,7,2,1,3
470,9,87,90,2025-04-19,10,10,2,15000,2025-03-29,21,2,1,6,2
125,6,54,51,2024-02-07,6,6,1,13683,2023-12-04,65,2,2,3,1
51,6,57,51,2025-06-24,2,2,4,15000,2025-02-23,121,6,1,2,2
129,3,22,24,2023-02-23,9,9,2,15000,2023-02-16,7,4,5,4,1
38,10,93,91,2025-11-10,9,9,4,15000,2025-08-10,92,7,5,1,3
249,8,73,74,2023-05-13,2,2,2,15000,2022-11-29,165,4,1,6,1
354,8,73,77,2023-04-18,7,7,3,15000,2023-04-17,1,9,5,2,3
41,5,41,50,2025-04-16,2,2,3,15000,2025-03-03,44,5,4,3,1
146,3,26,22,2023-06-13,9,9,3,15000,2022-12-17,178,2,4,2,1
189,9,81,87,2024-10-04,6,6,1,8746,2024-09-21,13,8,3,5,2
395,10,93,91,2023-06-22,5,5,3,15000,2023-05-28,25,3,5,4,1
43,1,6,10,2025-04-17,4,4,4,15000,2024-10-28,171,4,5,4,1
93,6,55,56,2024-07-15,5,5,2,13925,2024-05-30,46,2,1,1,3
405,5,45,49,2023-01-11,5,5,4,15000,2022-12-17,25,4,1,3,2
57,5,42,47,2025-03-29,2,2,1,9586,2025-03-24,5,2,4,6,1
408,2,19,18,2025-05-16,3,3,2,6079,2025-04-20,26,4,4,5,1
406,2,16,18,2025-03-30,8,8,4,7135,2024-12-03,117,2,3,7,1
124,2,16,20,2025-05-23,8,8,2,15000,2025-02-09,103,4,4,5,3
436,9,83,87,2025-04-02,9,9,2,15000,2025-01-06,86,6,5,3,1
103,8,74,78,2025-01-31,6,6,4,15000,2024-09-13,140,10,4,5,3
422,4,36,40,2023-11-25,8,8,1,2133,2023-09-17,69,5,1,6,1
264,1,10,4,2024-06-21,4,4,3,3576,2024-02-09,133,7,2,5,2
231,7,65,69,2025-12-11,5,5,1,4096,2025-11-13,28,2,5,4,1
306,7,62,63,2023-07-21,1,1,2,2325,2023-05-30,52,10,5,5,1
449,5,50,46,2024-09-02,4,4,1,10752,2024-08-31,2,3,2,1,1
327,8,74,73,2025-06-22,1,1,3,7832,2025-03-10,104,3,4,7,1
76,5,43,41,2023-09-13,6,6,2,15000,2023-09-07,6,4,3,3,1
105,1,7,9,2023-08-11,8,8,4,15000,2023-05-20,83,9,1,5,2
267,4,39,36,2024-05-13,9,9,4,15000,2024-04-10,33,1,3,1,1
81,10,99,97,2024-09-09,5,5,1,1422,2024-05-01,131,10,3,1,1
343,9,85,84,2023-08-16,5,5,1,9785,2023-07-21,26,8,5,3,3
224,7,64,62,2024-01-20,4,4,2,12358,2023-08-25,148,1,3,6,2
185,9,81,87,2024-02-03,5,5,3,6122,2023-12-31,34,6,3,6,2
383,1,6,5,2023-03-02,2,2,1,14894,2022-11-08,114,3,4,4,2
174,8,74,71,2025-03-02,6,6,4,15000,2024-10-15,138,5,4,7,1
225,8,78,72,2024-03-06,2,2,2,10395,2023-09-18,170,5,5,3,2
27,9,86,85,2023-08-24,9,9,3,15000,2023-07-30,25,10,1,4,2
257,1,5,2,2024-07-31,8,8,1,15000,2024-03-12,141,5,3,3,3
213,2,16,19,2023-02-06,4,4,3,15000,2022-10-09,120,9,4,1,1
383,1,7,8,2025-02-11,1,1,4,15000,2024-08-18,177,5,4,2,1
165,7,66,63,2023-08-07,2,2,1,3986,2023-07-20,18,5,2,1,1
90,3,25,24,2023-10-17,7,7,3,15000,2023-08-29,49,6,5,2,2
129,2,13,14,2025-04-22,7,7,3,15000,2024-11-25,148,4,5,2,2
323,10,91,98,2024-01-03,7,7,3,15000,2023-08-04,152,2,4,3,1
325,6,56,60,2025-05-11,2,2,1,2911,2025-01-01,130,3,5,7,3
330,3,24,30,2024-01-23,7,7,1,7053,2023-11-24,60,2,1,2,1
127,10,96,94,2024-02-11,10,10,2,15000,2023-10-22,112,7,1,7,3
451,4,35,34,2024-03-23,7,7,2,3896,2024-01-02,81,3,4,6,3
432,3,25,29,2023-06-23,5,5,1,11203,2023-06-19,4,7,2,5,2
74,5,45,44,2023-05-26,4,4,2,7010,2022-12-08,169,2,1,5,2
101,4,32,38,2025-06-09,9,9,4,15000,2025-05-15,25,10,4,1,2
462,9,88,85,2025-10-10,10,10,2,15000,2025-06-22,110,7,2,5,1
393,3,29,28,2023-04-16,10,10,4,15000,2023-01-23,83,6,2,7,2
287,7,62,69,2024-01-02,9,9,2,15000,2023-08-09,146,2,5,2,3
388,8,76,80,2024-11-23,1,1,3,15000,2024-08-12,103,5,3,6,1
488,3,29,21,2024-05-19,1,1,2,15000,2024-03-19,61,2,3,7,3
409,7,64,69,2023-11-18,6,6,2,15000,2023-10-25,24,6,3,6,2
273,6,57,55,2024-09-27,4,4,2,15000,2024-06-02,117,4,4,5,2
83,7,64,67,2024-05-05,10,10,2,15000,2023-11-24,163,9,3,7,1
495,5,47,50,2025-10-20,2,2,2,15000,2025-04-29,174,1,2,1,2
280,6,51,57,2023-04-24,1,1,2,15000,2022-11-10,165,8,5,1,1
183,4,35,40,2025-12-16,10,10,1,15000,2025-08-01,137,5,5,2,3
16,1,2,7,2025-05-02,10,10,1,13587,2025-03-10,53,5,3,5,1
456,9,86,89,2025-01-01,3,3,3,4207,2024-08-20,134,5,3,3,2
317,10,94,92,2024-11-14,10,10,3,15000,2024-07-03,134,8,4,4,1
286,9,84,83,2025-11-05,2,2,4,15000,2025-08-31,66,1,2,3,2
135,2,17,19,2025-02-20,7,7,1,7675,2024-09-22,151,1,2,4,1
133,6,52,60,2025-11-06,7,7,3,15000,2025-07-18,111,6,3,4,1
13,5,46,43,2024-07-01,1,1,3,15000,2024-02-15,137,1,4,1,2
32,3,30,25,2024-11-10,4,4,4,15000,2024-07-18,115,10,4,7,1
323,3,27,29,2023-11-05,6,6,4,15000,2023-09-17,49,1,3,7,1
51,4,40,39,2024-02-29,6,6,4,15000,2023-11-03,118,2,3,4,2
21,1,9,7,2025-12-29,10,10,3,15000,2025-08-13,138,1,3,1,1
288,9,85,87,2024-03-12,6,6,4,15000,2023-10-06,158,7,1,2,2
470,9,83,86,2023-06-20,7,7,2,15000,2023-01-09,162,9,1,2,3
216,10,100,97,2023-05-21,1,1,3,5684,2023-02-05,105,10,3,7,2
12,8,76,73,2024-11-22,10,10,4,15000,2024-08-08,106,6,2,5,2
87,2,20,12,2024-05-05,1,1,3,15000,2024-01-26,100,9,2,7,3
122,5,50,41,2023-01-28,9,9,3,15000,2022-08-15,166,3,1,6,2
211,6,58,52,2024-12-01,7,7,2,15000,2024-11-18,13,8,1,7,1
318,8,75,80,2025-07-30,7,7,4,15000,2025-03-23,129,2,3,3,3
327,4,32,31,2025-10-20,6,6,1,15000,2025-09-05,45,8,3,1,2
82,5,42,46,2023-12-09,7,7,2,5097,2023-09-23,77,8,4,6,1
63,3,30,29,2023-02-25,2,2,3,15000,2023-02-18,7,4,1,6,1
377,7,64,69,2025-08-04,1,1,2,15000,2025-04-30,96,4,5,1,1
349,6,52,58,2023-09-25,8,8,4,15000,2023-08-06,50,4,5,1,2
275,1,5,1,2023-11-04,6,6,4,15000,2023-07-10,117,6,2,6,2
20,6,57,58,2024-10-02,2,2,3,2758,2024-07-14,80,7,1,3,1
454,5,48,41,2025-06-30,5,5,2,14613,2025-01-18,163,8,5,1,2
434,9,88,86,2025-06-20,6,6,3,7413,2025-03-07,105,5,4,5,2
15,1,10,8,2025-04-07,9,9,2,15000,2024-12-06,122,4,5,1,1
141,2,16,18,2025-08-31,7,7,4,15000,2025-03-27,157,8,3,7,3
85,7,66,61,2025-12-26,8,8,2,15000,2025-09-02,115,4,2,5,2
275,6,56,55,2025-07-03,3,3,1,6417,2025-02-05,148,9,2,4,1
262,10,96,98,2025-08-29,4,4,2,15000,2025-08-13,16,6,5,5,3
50,9,89,86,2024-01-18,3,3,3,15000,2023-12-27,22,2,1,4,2
341,3,22,25,2023-04-02,3,3,1,8166,2023-03-15,18,5,1,7,2
424,8,79,71,2025-05-16,5,5,2,12158,2024-12-27,140,3,5,5,3
255,10,99,93,2024-01-04,3,3,2,8460,2024-01-03,1,5,4,4,3
453,6,59,56,2023-02-20,10,10,2,2284,2023-02-04,16,5,2,1,2
126,8,73,76,2023-07-25,7,7,4,15000,2023-04-03,113,10,4,2,1
393,2,16,18,2024-02-11,7,7,3,15000,2024-01-19,23,7,3,7,2
161,6,54,55,2024-04-10,7,7,2,6527,2023-12-16,116,1,3,3,1
295,1,8,10,2024-06-22,2,2,4,15000,2024-02-07,136,9,5,6,1
197,1,3,8,2024-11-09,1,1,4,15000,2024-07-09,123,7,4,6,1
234,4,35,32,2023-04-02,7,7,3,15000,2023-03-14,19,3,5,7,1
41,6,60,52,2025-06-20,10,10,2,15000,2025-05-15,36,7,5,5,3
239,3,21,23,2023-02-21,8,8,3,15000,2023-01-25,27,9,4,2,1
141,3,30,29,2023-02-09,9,9,1,10891,2023-01-28,12,5,3,4,2
424,4,31,40,2024-02-28,7,7,1,9436,2023-12-12,78,8,3,3,1
49,9,90,82,2023-03-14,8,8,3,15000,2022-10-31,134,8,3,2,1
136,4,33,31,2023-12-10,3,3,3,15000,2023-11-28,12,9,4,7,2
165,9,82,87,2024-09-28,9,9,2,15000,2024-04-11,170,6,3,6,1
338,8,80,78,2023-12-08,2,2,4,15000,2023-07-28,133,7,2,5,1
482,1,10,7,2025-06-27,3,3,1,3047,2025-01-31,147,5,5,5,1
434,9,90,87,2024-11-24,2,2,3,2640,2024-07-07,140,6,3,7,1
340,1,3,9,2025-07-21,9,9,2,15000,2025-07-06,15,9,4,1,3
234,1,4,7,2023-10-04,1,1,1,6495,2023-05-09,148,1,4,3,3
33,9,82,86,2023-04-16,2,2,1,6613,2023-01-13,93,3,4,7,2
421,2,15,19,2024-11-07,1,1,4,4529,2024-10-21,17,7,2,4,2
357,4,37,32,2024-01-13,8,8,4,15000,2023-09-02,133,5,4,6,1
460,6,53,59,2023-11-20,6,6,2,15000,2023-10-24,27,4,5,1,3
206,1,9,4,2023-03-11,7,7,2,15000,2023-01-20,50,1,5,6,3
317,7,70,69,2024-01-04,1,1,4,15000,2023-08-09,148,10,1,4,3
376,8,78,72,2025-06-06,8,8,3,15000,2025-04-20,47,5,5,5,2
217,8,72,71,2023-01-19,4,4,3,15000,2022-11-12,68,9,4,4,2
349,4,33,31,2023-06-04,10,10,2,15000,2023-04-03,62,4,2,7,2
180,5,42,44,2025-02-14,8,8,1,10811,2024-10-07,130,3,5,5,2
57,3,25,22,2025-11-22,1,1,1,13994,2025-09-08,75,7,3,6,1
15,9,87,86,2024-09-27,8,8,4,15000,2024-05-21,129,9,3,5,1
264,3,24,23,2025-04-28,2,2,3,9192,2024-12-11,138,10,5,1,1
409,7,65,68,2024-01-08,2,2,2,15000,2023-09-17,113,2,1,1,2
315,3,30,26,2025-08-18,3,3,3,5043,2025-07-15,34,9,2,1,1
266,8,75,79,2023-03-20,9,9,3,15000,2022-11-09,131,8,5,1,2
399,2,14,16,2024-11-01,1,1,1,9867,2024-09-19,43,6,5,5,2
359,9,82,87,2024-06-01,6,6,4,15000,2024-03-15,78,7,3,6,2
456,6,52,60,2023-11-23,2,2,1,11994,2023-10-22,32,1,5,4,1
431,1,4,5,2024-03-24,10,10,2,6692,2024-03-05,19,7,2,7,1
200,1,4,2,2025-05-23,10,10,2,2139,2025-04-08,45,1,4,5,2
7,2,13,18,2025-09-14,1,1,2,3184,2025-05-06,131,2,2,7,1
106,2,15,12,2024-08-02,4,4,4,15000,2024-08-01,1,7,3,5,2
291,7,67,66,2025-04-30,3,3,4,15000,2025-01-12,108,10,4,3,1
413,4,32,39,2023-10-06,6,6,2,4816,2023-08-26,41,10,3,5,2
406,5,50,44,2025-08-04,2,2,4,15000,2025-04-27,99,6,4,1,1
352,10,93,96,2023-11-09,5,5,3,6610,2023-10-29,11,6,1,4,1
143,7,61,69,2023-01-30,3,3,1,9255,2022-09-08,144,1,4,1,1
242,10,95,92,2025-05-02,4,4,2,15000,2025-01-08,114,3,2,5,1
384,2,17,11,2024-02-28,4,4,3,15000,2023-11-11,109,10,3,3,3
120,6,54,52,2025-01-11,8,8,2,15000,2024-09-27,106,5,2,6,1
381,8,71,75,2024-12-20,6,6,3,15000,2024-08-22,120,2,2,5,2
457,2,14,20,2023-03-15,6,6,3,15000,2022-12-06,99,2,2,3,1
197,5,43,41,2025-10-23,5,5,1,12526,2025-10-12,11,9,5,4,2
364,9,90,87,2023-09-30,3,3,3,4351,2023-04-14,169,5,1,6,1
361,4,33,32,2023-08-13,7,7,2,3501,2023-04-18,117,10,4,7,1
33,7,67,64,2025-02-07,2,2,2,664,2024-12-30,39,10,3,5,1
486,9,87,88,2024-03-14,6,6,4,15000,2024-02-28,15,7,1,4,3
175,8,77,75,2023-03-01,7,7,1,15000,2022-10-27,125,5,1,3,3
73,7,66,68,2024-12-12,9,9,4,15000,2024-10-13,60,7,3,4,2
344,4,34,39,2023-03-24,3,3,1,11713,2022-12-29,85,3,3,5,2
336,3,23,29,2024-06-18,7,7,4,15000,2024-01-15,155,9,4,2,3
372,7,64,68,2023-11-25,10,10,2,12177,2023-07-11,137,4,3,6,2
167,4,38,31,2025-10-18,5,5,4,11199,2025-09-11,37,6,2,6,3
17,1,9,1,2024-09-30,10,10,2,9644,2024-07-05,87,10,1,1,2
124,3,23,26,2024-01-12,6,6,1,3826,2023-07-17,179,1,4,5,2
426,3,22,23,2023-08-23,5,5,2,5508,2023-04-03,142,1,5,3,1
35,9,83,86,2023-08-31,1,1,4,13423,2023-05-03,120,4,1,4,3
445,7,70,61,2023-04-24,4,4,1,5233,2023-02-07,76,8,3,1,2
472,3,22,23,2023-08-28,2,2,1,12640,2023-07-01,58,6,2,1,2
296,7,70,66,2024-03-13,6,6,2,15000,2024-01-08,65,8,1,3,2
418,4,34,33,2025-11-27,10,10,4,14344,2025-08-05,114,8,2,4,2
3,7,63,67,2025-12-02,8,8,4,15000,2025-07-02,153,10,2,2,1
323,6,53,58,2024-09-02,8,8,1,15000,2024-08-25,8,1,3,1,2
194,8,72,71,2024-07-19,9,9,2,3819,2024-06-26,23,10,1,5,2
303,7,61,70,2025-10-31,1,1,2,15000,2025-06-03,150,5,5,5,1
491,9,85,86,2023-02-06,2,2,4,15000,2023-01-10,27,6,5,1,2
455,1,4,3,2025-04-03,8,8,3,15000,2025-03-04,30,7,4,4,1
272,7,65,62,2024-06-09,9,9,3,15000,2024-05-24,16,5,3,7,3
33,2,20,19,2023-08-30,8,8,3,6510,2023-06-20,71,4,1,3,1
212,7,70,69,2025-12-27,2,2,1,9024,2025-12-07,20,2,5,6,2
420,7,70,69,2024-04-13,4,4,2,11217,2024-01-13,91,5,3,6,2
417,9,84,85,2023-07-21,3,3,1,12367,2023-07-03,18,3,1,5,3
223,9,90,88,2024-06-22,6,6,2,15000,2024-02-25,118,3,5,6,1
208,7,65,70,2023-11-16,10,10,1,490,2023-07-28,111,2,1,4,2
344,9,86,84,2023-05-26,5,5,1,15000,2023-04-04,52,5,2,5,2
480,8,74,80,2023-04-19,1,1,2,15000,2023-01-11,98,6,4,3,1
10,1,10,3,2024-11-04,3,3,2,13447,2024-08-17,79,7,2,1,2
142,9,88,84,2023-09-10,7,7,3,15000,2023-08-12,29,3,1,7,1
79,9,82,88,2025-07-14,5,5,1,11747,2025-01-27,168,6,2,1,1
190,6,53,51,2024-01-14,10,10,4,15000,2023-08-14,153,6,1,7,1
386,1,1,3,2025-05-05,2,2,1,1162,2025-02-05,89,9,1,1,1
408,9,81,83,2024-04-21,7,7,3,15000,2023-11-22,151,5,5,7,2
320,6,59,56,2023-06-11,3,3,3,15000,2023-02-05,126,10,2,7,1
204,3,21,28,2025-05-14,2,2,2,7924,2024-12-02,163,2,3,3,1
448,6,58,52,2024-07-16,4,4,1,15000,2024-03-05,133,10,5,2,2
486,7,69,70,2025-11-16,5,5,3,15000,2025-07-05,134,8,1,7,3
61,6,55,57,2025-05-26,4,4,4,8526,2025-02-08,107,5,5,1,2
257,5,45,42,2023-12-23,7,7,3,15000,2023-08-15,130,1,2,6,2
51,1,1,10,2024-12-07,4,4,2,15000,2024-07-10,150,9,4,6,1
485,8,80,72,2025-11-30,7,7,1,14582,2025-07-01,152,3,3,7,2
414,3,22,26,2023-08-19,7,7,1,3502,2023-06-12,68,9,4,6,3
458,5,44,47,2025-04-18,6,6,4,15000,2025-03-04,45,5,4,5,1
399,8,76,72,2025-01-20,6,6,1,15000,2024-11-17,64,1,4,1,3
100,10,98,95,2024-02-15,5,5,4,15000,2024-01-11,35,4,3,4,3
474,5,47,43,2024-09-22,8,8,3,15000,2024-07-20,64,10,3,7,2
324,2,15,11,2025-12-27,5,5,4,15000,2025-07-22,158,9,4,6,3
18,6,59,55,2024-02-07,8,8,2,2561,2023-10-23,107,5,3,3,3
245,7,61,65,2024-10-01,4,4,2,15000,2024-06-01,122,4,5,2,3
385,1,6,8,2025-04-12,1,1,4,15000,2025-03-25,18,9,2,6,1
167,7,62,67,2023-04-26,6,6,4,15000,2023-01-19,97,1,5,3,1
26,2,12,16,2025-03-01,8,8,1,3817,2024-11-11,110,9,4,6,2
38,3,24,29,2024-04-08,5,5,1,14329,2024-03-21,18,7,4,1,1
495,7,66,64,2024-04-10,7,7,2,15000,2024-01-01,100,4,5,3,2
143,10,95,99,2023-10-10,6,6,3,10711,2023-07-08,94,3,5,2,1
268,6,52,51,2025-03-30,8,8,2,15000,2024-12-19,101,1,4,7,2
322,6,54,51,2024-07-10,6,6,4,5631,2024-02-27,134,3,1,3,1
329,8,71,77,2025-11-17,4,4,3,15000,2025-10-01,47,6,4,1,1
91,4,38,32,2024-11-02,7,7,3,993,2024-07-30,95,8,5,6,2
347,8,80,76,2024-10-28,1,1,2,15000,2024-09-21,37,9,3,1,1
461,4,40,39,2024-06-05,5,5,3,15000,2024-01-23,134,9,4,3,2
120,5,42,49,2025-09-19,6,6,4,15000,2025-08-25,25,2,2,5,1
293,6,58,54,2023-06-21,3,3,4,4940,2023-05-12,40,10,3,3,1
260,3,24,22,2024-04-08,3,3,4,15000,2024-03-01,38,5,1,1,1
456,7,61,63,2023-09-13,9,9,2,15000,2023-06-14,91,3,1,3,2
492,1,1,5,2025-12-13,5,5,4,15000,2025-10-13,61,2,1,6,1
29,8,78,79,2025-02-23,4,4,2,11323,2024-11-04,111,3,1,7,1
279,2,15,16,2024-09-23,4,4,4,15000,2024-05-14,132,5,1,1,1
4,1,5,10,2023-09-18,7,7,2,15000,2023-06-26,84,5,3,1,2
394,2,11,20,2023-02-09,8,8,3,15000,2022-11-16,85,10,3,4,2
270,4,35,40,2024-05-03,3,3,1,8927,2024-02-22,71,2,4,5,3
118,1,4,3,2025-08-23,7,7,4,15000,2025-07-29,25,2,1,6,3
119,4,35,37,2025-06-27,7,7,2,15000,2025-06-15,12,5,2,5,3
418,9,82,83,2025-07-24,5,5,3,15000,2025-06-19,35,2,2,4,2
192,6,56,54,2025-04-12,1,1,4,15000,2024-12-15,118,9,4,6,2
86,7,64,62,2025-08-08,10,10,4,15000,2025-05-14,86,6,5,5,1
202,8,80,73,2025-04-03,6,6,3,15000,2024-11-13,141,8,1,4,2
32,1,10,5,2024-06-03,7,7,4,15000,2024-04-08,56,10,2,1,2
347,5,49,44,2023-06-27,7,7,1,10237,2023-03-05,114,7,2,2,1
94,7,65,61,2024-09-07,3,3,4,15000,2024-03-20,171,5,3,6,1
275,7,65,66,2025-04-27,6,6,1,15000,2024-11-17,161,4,3,7,2
66,9,81,83,2023-08-01,10,10,3,15000,2023-05-08,85,5,4,2,3
102,7,69,64,2024-02-23,6,6,3,15000,2024-01-19,35,6,2,5,1
162,9,82,89,2023-09-02,3,3,1,6393,2023-07-16,48,2,2,6,1
407,7,62,65,2024-04-02,4,4,2,8078,2024-03-15,18,5,4,2,3
57,5,48,47,2024-07-04,2,2,2,15000,2024-05-09,56,9,2,4,2
73,10,92,100,2023-07-19,2,2,3,15000,2023-03-31,110,3,5,3,2
179,6,55,57,2025-07-17,5,5,4,1852,2025-02-25,142,8,3,4,1
324,10,100,94,2025-09-07,1,1,4,15000,2025-06-06,93,3,4,7,1
160,5,50,46,2023-05-18,1,1,2,1105,2023-01-12,126,9,2,4,2
42,8,74,73,2023-05-14,6,6,2,15000,2023-02-08,95,10,4,7,1
354,6,54,52,2023-01-30,5,5,4,15000,2022-11-29,62,3,1,1,2
323,10,92,91,2025-05-02,9,9,4,3697,2025-02-17,74,2,1,5,2
435,3,28,25,2024-08-24,1,1,1,7708,2024-06-13,72,8,3,6,1
65,8,73,71,2023-12-31,4,4,2,4862,2023-10-19,73,9,2,7,3
274,10,99,96,2024-01-10,4,4,3,15000,2023-10-03,99,7,2,3,2
157,7,65,61,2023-03-14,3,3,3,15000,2022-12-09,95,5,1,2,1
356,7,70,68,2024-09-17,2,2,1,14223,2024-08-22,26,7,4,2,2
135,9,86,82,2024-10-24,10,10,4,7296,2024-09-23,31,4,1,4,2
290,5,45,48,2024-07-06,4,4,3,15000,2024-01-10,178,9,2,6,1
298,2,18,11,2025-12-04,2,2,4,15000,2025-08-23,103,8,1,4,3
157,2,16,19,2024-08-09,2,2,1,5223,2024-03-05,157,7,1,5,2
478,4,39,40,2025-12-10,1,1,1,9847,2025-10-05,66,10,3,3,1
137,7,61,65,2023-11-23,1,1,1,11443,2023-11-08,15,4,2,4,1
166,4,35,36,2025-08-02,1,1,2,1696,2025-04-19,105,3,5,6,3
231,2,15,14,2025-08-05,5,5,1,7657,2025-07-04,32,9,3,2,2
138,2,20,17,2023-02-27,7,7,3,15000,2022-11-24,95,3,5,1,2
171,3,29,22,2023-04-11,3,3,2,15000,2023-04-07,4,8,4,2,2
342,4,32,31,2025-04-24,4,4,4,8070,2025-03-30,25,3,4,4,1
94,3,22,26,2023-05-09,9,9,4,7375,2022-12-28,132,8,5,2,1
469,3,23,27,2025-12-13,8,8,3,15000,2025-08-30,105,9,2,6,2
404,6,53,57,2023-07-19,4,4,4,15000,2023-03-10,131,8,4,3,3
210,5,45,44,2024-04-29,2,2,2,2000,2024-03-16,44,5,1,1,1
317,2,11,14,2023-04-11,3,3,2,15000,2022-11-12,150,5,2,2,1
482,6,53,57,2024-02-02,10,10,2,15000,2023-12-07,57,6,1,5,2
260,8,77,75,2025-12-08,1,1,1,2126,2025-11-21,17,3,3,1,3
348,1,8,2,2024-11-29,4,4,3,15000,2024-10-11,49,9,4,5,1
40,5,41,49,2024-04-27,4,4,3,15000,2024-02-10,77,3,5,6,2
409,2,14,16,2023-10-28,9,9,4,15000,2023-05-11,170,1,2,6,3
69,9,82,83,2025-08-25,7,7,2,15000,2025-07-23,33,2,1,1,1
385,9,90,81,2024-06-02,3,3,2,15000,2024-05-17,16,7,2,7,2
33,9,84,81,2025-10-09,10,10,3,10620,2025-08-12,58,4,2,4,1
431,2,16,12,2025-06-03,2,2,4,15000,2025-02-18,105,6,1,2,1
40,8,72,80,2024-11-23,7,7,3,15000,2024-11-04,19,5,2,6,2
89,9,87,81,2024-05-27,7,7,1,5081,2024-02-05,112,3,3,1,1
428,4,38,35,2024-03-05,2,2,1,1458,2023-11-30,96,7,1,2,3
123,10,93,92,2023-11-11,5,5,3,5296,2023-10-18,24,8,1,6,1
358,7,62,66,2024-05-29,6,6,4,13674,2023-12-31,150,8,1,3,2
7,10,97,94,2024-06-28,10,10,3,15000,2024-03-04,116,1,1,5,3
350,9,85,89,2023-12-20,4,4,2,15000,2023-08-17,125,4,5,3,3
190,1,4,2,2025-08-02,2,2,3,15000,2025-03-10,145,7,4,6,1
144,4,37,34,2024-06-02,8,8,1,1032,2024-01-12,142,7,3,7,1
94,2,20,12,2023-11-18,1,1,4,15000,2023-09-18,61,4,3,6,2
352,5,43,46,2024-05-07,5,5,2,12810,2024-01-13,115,5,1,2,1
316,10,91,99,2024-09-28,2,2,2,6739,2024-09-15,13,7,2,6,1
154,5,45,49,2024-09-13,8,8,2,15000,2024-06-23,82,1,4,5,1
444,9,87,81,2023-06-22,8,8,1,15000,2023-04-23,60,3,5,4,2
389,3,27,26,2025-07-29,10,10,1,10412,2025-06-17,42,8,5,2,1
24,2,17,12,2024-12-28,5,5,3,15000,2024-11-06,52,2,4,6,1
73,8,72,71,2025-08-30,5,5,1,6640,2025-04-06,146,7,2,6,2
52,1,10,2,2023-06-27,6,6,2,7809,2023-01-15,163,8,2,2,2
207,2,14,17,2024-10-17,2,2,4,15000,2024-05-12,158,9,3,4,3
137,6,58,60,2025-10-10,7,7,4,15000,2025-04-13,180,2,5,5,2
255,4,34,35,2025-08-27,1,1,1,15000,2025-04-30,119,10,2,3,3
46,8,72,73,2024-09-12,8,8,3,15000,2024-04-13,152,4,3,4,2
247,7,64,66,2025-12-03,1,1,3,15000,2025-10-09,55,1,3,3,3
347,9,84,90,2024-06-30,2,2,3,10748,2024-02-23,128,3,4,7,1
20,8,76,79,2023-03-17,4,4,3,15000,2022-11-30,107,6,2,5,2
457,2,18,15,2025-10-20,10,10,3,1897,2025-07-12,100,4,1,1,2
117,5,41,49,2025-09-16,6,6,1,12807,2025-08-18,29,8,1,2,2
269,5,45,42,2023-06-22,9,9,4,15000,2023-03-28,86,2,3,4,2
272,9,82,88,2024-12-13,5,5,1,9463,2024-12-03,10,9,4,5,1
448,2,12,13,2024-12-12,1,1,2,15000,2024-10-28,45,6,1,4,1
413,4,36,35,2024-06-01,10,10,4,13202,2024-05-21,11,6,2,6,2
130,3,30,24,2025-02-15,3,3,4,7455,2024-09-05,163,8,3,6,1
465,6,59,53,2025-08-21,3,3,2,15000,2025-04-24,119,6,2,4,2
294,3,24,29,2023-12-02,7,7,2,15000,2023-06-27,158,10,4,6,3
236,8,77,80,2024-07-07,10,10,2,15000,2024-01-11,178,6,4,7,1
445,5,45,50,2023-02-13,8,8,4,15000,2022-08-30,167,8,1,1,3
259,3,24,29,2025-12-22,2,2,4,15000,2025-08-12,132,6,4,1,1
137,1,4,3,2024-01-21,9,9,3,15000,2023-12-20,32,5,5,7,3
234,3,26,29,2024-01-15,10,10,2,15000,2023-12-12,34,5,2,1,1
477,4,31,39,2023-06-16,2,2,2,15000,2023-02-10,126,8,4,5,1
305,9,82,83,2025-03-20,7,7,4,5029,2025-03-08,12,3,4,4,3
483,4,37,39,2023-09-24,7,7,3,11552,2023-06-18,98,3,1,7,1
66,10,92,93,2024-12-25,7,7,1,13091,2024-10-01,85,1,1,3,2
163,7,67,63,2023-01-29,8,8,3,15000,2022-10-27,94,6,5,7,2
113,7,61,67,2025-02-01,2,2,1,11047,2025-01-15,17,9,1,6,3
58,6,58,54,2023-10-16,2,2,1,1804,2023-06-30,108,7,3,1,2
485,2,16,12,2025-05-30,7,7,2,7773,2024-12-18,163,9,1,5,1
456,10,100,92,2025-01-25,9,9,3,15000,2024-12-11,45,1,4,6,1
10,6,51,52,2025-01-28,6,6,1,4991,2025-01-09,19,7,1,2,3
318,6,52,54,2025-07-13,5,5,1,4795,2025-05-12,62,10,5,7,1
82,7,65,68,2025-07-22,9,9,2,9664,2025-07-15,7,6,3,2,1
404,1,2,7,2024-10-24,10,10,2,15000,2024-05-25,152,3,5,4,1
184,10,93,99,2024-12-19,8,8,3,6915,2024-07-22,150,6,5,4,1
395,6,58,60,2025-05-25,2,2,1,14611,2025-02-23,91,3,4,7,1
446,9,87,83,2024-11-02,10,10,1,13726,2024-10-14,19,1,4,6,1
22,4,35,36,2024-07-04,5,5,4,15000,2024-06-06,28,10,1,4,3
42,8,73,79,2025-06-25,8,8,3,14017,2025-02-28,117,4,4,3,1
5,5,41,44,2024-08-01,7,7,1,2189,2024-03-03,151,9,5,4,1
97,7,70,62,2025-05-27,7,7,4,15000,2025-04-28,29,4,2,2,3
76,9,88,81,2024-08-17,1,1,3,15000,2024-05-25,84,6,3,6,1
469,8,75,77,2023-02-24,3,3,2,15000,2022-10-18,129,9,4,5,1
493,7,66,65,2024-05-28,7,7,4,11726,2024-03-15,74,1,3,2,1
414,1,10,2,2025-08-19,2,2,1,7198,2025-05-21,90,5,5,2,1
90,6,52,58,2025-02-04,4,4,2,15000,2024-12-31,35,6,2,2,1
115,5,43,46,2025-01-16,7,7,4,15000,2024-12-05,42,9,2,4,3
481,4,40,36,2024-10-28,8,8,1,13301,2024-08-06,83,6,4,1,2
156,1,2,1,2023-02-04,1,1,1,12146,2023-01-26,9,1,4,6,2
221,1,7,4,2023-12-01,4,4,1,9320,2023-08-12,111,9,4,5,2
35,6,56,55,2023-02-16,10,10,2,659,2022-12-31,47,1,4,4,1
218,6,58,55,2023-05-13,10,10,2,13833,2023-01-14,119,4,2,6,1
33,7,64,66,2024-08-29,8,8,3,15000,2024-06-19,71,3,5,4,2
89,5,48,44,2023-01-24,3,3,4,10329,2023-01-12,12,9,1,2,1
45,9,87,88,2025-02-11,4,4,2,15000,2024-10-12,122,10,1,2,2
79,10,92,97,2025-04-25,4,4,3,15000,2025-01-04,111,3,5,5,1
378,9,87,90,2024-06-06,5,5,2,15000,2024-05-22,15,1,1,4,1
337,9,89,83,2023-04-13,10,10,2,9417,2022-12-04,130,3,2,4,2
148,7,68,62,2024-12-04,9,9,2,15000,2024-10-29,36,8,1,3,1
419,8,72,73,2025-03-24,10,10,4,15000,2024-12-08,106,7,3,1,3
255,10,92,99,2024-02-18,8,8,1,13803,2023-08-31,171,6,2,7,2
214,8,73,80,2024-04-19,5,5,2,15000,2023-12-23,118,9,5,5,2
374,4,32,31,2024-01-14,5,5,4,1154,2023-12-28,17,6,1,7,1
267,4,37,38,2023-11-30,2,2,4,15000,2023-09-05,86,1,2,4,1
273,4,40,36,2024-03-30,1,1,2,7602,2024-02-07,52,6,4,6,2
325,6,58,53,2023-04-09,5,5,4,15000,2022-10-12,179,2,4,7,2
484,9,88,87,2023-05-28,1,1,2,15000,2023-03-27,62,9,2,7,1
443,2,13,14,2024-10-24,10,10,2,15000,2024-05-27,150,9,5,4,3
336,1,6,5,2023-12-22,9,9,2,15000,2023-08-14,130,3,4,5,3
211,3,30,28,2024-07-21,1,1,2,11032,2024-07-18,3,9,4,7,1
281,2,18,16,2023-04-22,1,1,4,15000,2023-01-12,100,2,2,6,1
487,2,20,19,2025-09-23,5,5,4,15000,2025-08-14,40,9,3,2,1
322,10,99,97,2023-04-22,3,3,3,15000,2023-03-23,30,4,2,6,1
201,3,23,26,2024-03-18,4,4,1,15000,2023-10-12,158,5,2,1,3
465,1,3,1,2023-04-02,4,4,4,15000,2023-02-03,58,8,5,7,3
283,10,98,97,2023-11-21,9,9,2,15000,2023-07-31,113,5,4,2,1
225,6,60,55,2023-03-24,2,2,1,1226,2023-03-10,14,3,2,5,1
288,9,85,88,2023-04-09,10,10,4,6150,2023-01-24,75,1,3,7,1
151,4,36,34,2025-06-09,7,7,1,10403,2025-01-21,139,1,4,1,2
397,3,27,28,2023-09-24,8,8,2,15000,2023-06-12,104,8,1,7,1
134,5,41,43,2024-06-02,9,9,3,15000,2024-04-16,47,6,3,7,2
270,8,77,76,2025-09-18,7,7,1,1493,2025-05-19,122,8,3,4,1
71,8,74,80,2025-11-13,4,4,1,15000,2025-07-29,107,10,1,4,3
89,9,81,82,2024-01-30,8,8,2,5448,2023-09-13,139,9,5,2,1
327,1,8,9,2023-05-05,1,1,1,5622,2023-01-20,105,5,2,5,2
255,5,46,41,2024-10-23,2,2,2,13063,2024-08-07,77,2,5,3,1
129,8,77,71,2023-07-15,1,1,3,15000,2023-06-05,40,10,2,6,1
307,8,79,77,2025-06-24,7,7,2,15000,2025-04-23,62,9,1,2,3
465,2,17,18,2025-04-06,3,3,2,15000,2024-12-12,115,6,5,7,2
4,1,7,2,2023-01-13,7,7,4,15000,2022-10-09,96,3,5,5,2
323,7,69,67,2025-05-14,4,4,1,7854,2024-11-22,173,10,4,3,1
342,6,56,58,2023-06-04,6,6,1,15000,2023-01-30,125,8,5,7,2
408,7,63,69,2024-04-01,9,9,4,8485,2023-12-03,120,10,1,1,3
80,3,23,30,2024-04-13,2,2,3,15000,2024-03-14,30,2,5,6,2
460,9,83,85,2025-05-03,1,1,4,15000,2025-02-13,79,8,4,6,1
232,2,12,13,2023-06-26,2,2,3,1406,2023-02-27,119,9,3,1,1
91,8,72,71,2023-11-25,10,10,3,15000,2023-06-03,175,1,1,6,3
219,8,72,71,2024-07-09,6,6,3,11319,2024-03-25,106,8,2,2,2
87,4,37,32,2023-12-04,5,5,4,15000,2023-10-03,62,7,4,1,2
166,4,35,37,2025-06-16,3,3,1,6207,2025-04-02,75,8,1,1,3
88,5,48,43,2024-02-11,6,6,3,15000,2023-10-20,114,7,2,7,2
250,7,64,63,2025-07-13,2,2,4,15000,2025-06-01,42,2,1,7,1
215,8,72,80,2023-10-06,7,7,2,14390,2023-05-05,154,5,1,5,3
28,7,67,61,2025-02-12,1,1,4,15000,2024-11-17,87,4,2,3,1
141,3,26,28,2024-10-21,5,5,2,5116,2024-07-13,100,9,3,1,1
25,8,77,80,2025-08-31,3,3,4,15000,2025-08-06,25,9,5,7,2
297,9,85,90,2024-07-25,3,3,1,12209,2024-07-07,18,7,1,4,2
481,1,3,10,2023-05-30,10,10,1,3077,2023-04-23,37,1,5,2,2
314,5,47,44,2023-06-29,7,7,4,15000,2023-03-15,106,7,1,4,2
443,6,55,52,2025-08-04,8,8,1,14568,2025-07-26,9,1,2,1,3
415,8,74,76,2023-01-14,5,5,1,11829,2022-10-05,101,8,1,6,3
477,10,94,92,2025-09-26,9,9,4,15000,2025-08-03,54,7,4,5,1
10,2,12,11,2023-07-19,4,4,3,15000,2023-06-24,25,2,2,3,3
334,7,63,62,2024-11-04,5,5,4,15000,2024-10-14,21,5,3,1,3
14,9,85,88,2023-04-14,2,2,1,15000,2022-12-18,117,9,3,5,2
78,5,50,45,2024-06-28,6,6,4,15000,2024-02-01,148,3,3,5,2
206,10,94,99,2024-05-14,4,4,2,15000,2023-12-05,161,7,4,2,1
431,6,53,52,2025-06-21,8,8,3,15000,2025-03-30,83,10,4,6,2
164,8,78,71,2025-11-04,1,1,2,6206,2025-06-12,145,6,3,2,1
96,7,62,69,2025-08-18,5,5,3,13096,2025-08-17,1,7,1,1,2
286,6,58,60,2023-11-06,8,8,3,15000,2023-06-15,144,8,3,1,2
412,1,3,6,2025-09-13,9,9,2,11130,2025-07-20,55,4,3,6,3
456,9,85,84,2024-02-15,7,7,2,15000,2023-11-06,101,4,1,4,3
49,4,33,37,2025-12-27,10,10,2,15000,2025-12-25,2,2,3,6,2
37,4,33,40,2023-04-09,5,5,3,3788,2022-10-30,161,5,3,7,1
43,1,8,5,2024-06-30,9,9,2,15000,2024-05-25,36,5,4,7,2
26,10,94,100,2024-08-17,3,3,1,12477,2024-06-04,74,5,1,6,1
155,5,49,46,2025-10-16,1,1,2,15000,2025-08-17,60,6,5,4,1
325,10,94,91,2025-06-27,3,3,2,15000,2025-03-11,108,4,1,5,2
343,2,17,15,2024-07-30,8,8,1,825,2024-02-24,157,9,3,2,1
188,2,16,14,2023-09-11,5,5,2,6319,2023-06-06,97,2,2,1,3
138,3,30,23,2023-12-02,3,3,3,15000,2023-08-03,121,3,5,6,2
90,7,67,65,2024-07-30,9,9,4,15000,2024-04-09,112,10,1,2,1
434,5,48,49,2023-03-21,4,4,4,15000,2022-10-14,158,2,1,2,1
31,8,72,74,2024-07-17,8,8,2,15000,2024-01-29,170,5,2,3,2
56,4,31,36,2023-04-19,3,3,1,14871,2023-02-27,51,1,5,3,1
384,8,71,77,2025-11-09,5,5,2,13222,2025-06-20,142,1,5,7,1
459,8,76,74,2024-08-06,5,5,2,7778,2024-03-11,148,4,2,2,1
430,8,80,73,2023-05-16,6,6,2,15000,2023-01-18,118,9,5,2,1
445,9,90,88,2024-10-07,9,9,2,15000,2024-08-23,45,6,4,1,1
99,7,66,69,2024-05-31,6,6,4,8462,2024-04-28,33,1,3,5,2
423,5,46,48,2024-07-22,10,10,4,15000,2024-07-09,13,4,5,1,1
251,5,44,48,2023-02-24,5,5,3,15000,2022-08-28,180,6,4,5,2
141,7,67,62,2024-03-17,6,6,2,15000,2024-02-22,24,6,1,7,1
333,5,46,41,2025-04-19,6,6,4,15000,2024-10-22,179,3,5,6,1
254,10,97,100,2024-10-05,8,8,3,13183,2024-08-24,42,6,2,6,2
132,5,44,48,2023-07-09,3,3,2,15000,2023-03-16,115,9,2,7,1
311,3,29,23,2023-09-13,7,7,2,15000,2023-08-27,17,2,2,3,2
332,3,25,26,2023-04-11,10,10,3,15000,2022-11-10,152,5,4,2,1
250,7,63,66,2024-09-03,10,10,2,15000,2024-08-26,8,6,2,2,1
20,2,19,15,2025-10-22,4,4,2,10420,2025-05-05,170,10,5,3,1
250,5,48,47,2025-12-21,9,9,3,15000,2025-08-11,132,8,2,7,1
162,4,32,40,2025-11-27,5,5,4,15000,2025-11-17,10,4,1,4,1
4,8,75,79,2024-05-19,7,7,4,15000,2024-05-18,1,3,4,7,3
18,8,78,75,2023-11-02,10,10,2,15000,2023-06-07,148,6,1,4,2
481,7,61,64,2023-04-03,5,5,2,15000,2022-12-29,95,3,3,1,2
281,7,67,66,2023-08-08,7,7,2,15000,2023-06-27,42,1,4,2,2
265,6,56,60,2024-10-09,10,10,1,15000,2024-05-13,149,8,1,3,3
91,7,67,61,2023-07-05,5,5,2,2388,2023-02-17,138,1,5,3,2
387,9,87,85,2024-01-05,5,5,2,5981,2023-10-10,87,5,1,5,1
28,6,52,58,2023-10-05,10,10,2,14352,2023-06-17,110,9,4,4,3
456,8,78,75,2025-01-10,8,8,4,5403,2024-08-23,140,6,4,5,1
415,2,16,18,2023-11-14,4,4,3,4698,2023-11-10,4,7,1,2,2
309,1,1,5,2025-01-27,3,3,2,15000,2024-08-28,152,8,1,1,1
281,2,18,15,2025-11-25,9,9,2,15000,2025-11-10,15,9,1,2,3
58,6,52,59,2023-03-03,1,1,4,15000,2022-10-06,148,7,3,5,3
97,9,90,88,2023-10-08,10,10,2,5639,2023-04-12,179,2,5,7,1
186,6,54,60,2023-12-21,6,6,3,15000,2023-11-25,26,8,1,4,3
26,10,92,100,2023-05-19,4,4,3,15000,2023-02-09,99,7,3,5,2
489,4,32,39,2023-01-30,7,7,3,15000,2022-09-18,134,6,5,1,2
219,8,72,79,2023-06-13,9,9,1,2741,2023-05-07,37,9,4,2,1
80,8,72,77,2025-05-24,1,1,1,7020,2025-02-04,109,1,3,6,3
226,8,75,77,2023-02-09,2,2,3,15000,2023-01-11,29,5,5,4,2
337,2,18,11,2024-04-21,10,10,1,14250,2024-01-21,91,8,2,7,2
110,9,81,90,2023-08-25,10,10,1,2899,2023-05-22,95,1,2,5,2
450,6,56,59,2025-09-04,6,6,2,15000,2025-04-08,149,7,1,4,2
201,5,43,41,2024-03-24,9,9,1,13529,2023-10-21,155,9,4,7,2
18,1,4,8,2025-11-01,10,10,2,4997,2025-10-13,19,5,1,6,2
263,2,12,15,2023-12-04,5,5,1,13867,2023-08-04,122,5,5,1,2
367,8,74,75,2025-06-27,2,2,3,15000,2025-01-17,161,5,4,5,3
487,4,37,33,2025-02-22,9,9,1,7034,2024-12-13,71,1,1,6,1
37,5,41,47,2023-06-14,10,10,1,15000,2023-01-21,144,10,2,3,2
195,3,27,21,2025-01-17,7,7,1,5946,2024-12-10,38,6,3,5,3
256,1,7,8,2024-06-11,9,9,3,14139,2024-02-29,103,3,1,2,1
365,7,67,64,2023-12-05,7,7,3,15000,2023-07-04,154,2,4,2,1
143,2,16,18,2024-09-25,2,2,3,15000,2024-06-26,91,4,1,3,1
427,10,94,93,2025-09-19,10,10,3,15000,2025-06-27,84,4,1,5,1
289,1,2,1,2023-11-14,6,6,1,15000,2023-09-10,65,5,2,2,3
257,9,86,90,2025-12-25,3,3,2,15000,2025-10-29,57,4,4,4,3
450,7,64,65,2023-05-13,7,7,4,15000,2023-05-12,1,4,2,6,3
65,5,44,49,2024-08-02,8,8,4,15000,2024-06-07,56,10,4,5,1
268,1,7,10,2024-05-30,10,10,1,15000,2024-03-08,83,2,5,4,2
361,4,34,33,2023-10-18,8,8,1,15000,2023-07-26,84,3,1,3,3
353,3,29,26,2024-06-09,4,4,2,7898,2023-12-30,162,1,3,7,2
129,3,26,22,2023-05-07,9,9,2,15000,2022-12-29,129,1,5,7,2
257,8,77,74,2025-12-21,6,6,3,15000,2025-11-06,45,9,1,7,2
186,5,50,44,2023-07-19,9,9,1,6862,2023-06-02,47,6,5,3,2
124,2,17,14,2024-02-08,3,3,1,5618,2024-01-19,20,2,1,4,1
170,8,72,71,2025-04-08,10,10,2,15000,2024-11-26,133,2,5,2,1
395,7,65,67,2024-08-02,3,3,2,15000,2024-02-09,175,7,4,5,2
47,6,53,56,2025-12-15,10,10,2,6699,2025-11-12,33,2,3,1,1
243,10,96,92,2024-07-21,8,8,1,6215,2024-06-12,39,8,3,7,1
458,1,7,1,2023-03-06,9,9,3,15000,2022-11-10,116,10,2,1,3
496,7,63,61,2024-01-17,1,1,3,3773,2023-09-13,126,6,5,3,1
496,8,75,79,2023-07-13,10,10,4,15000,2023-07-04,9,4,3,4,2
297,5,43,49,2024-08-18,6,6,3,15000,2024-03-12,159,9,1,7,2
31,5,46,41,2025-08-18,4,4,3,15000,2025-04-15,125,8,3,1,1
86,8,72,73,2024-12-31,7,7,2,15000,2024-09-27,95,4,2,2,3
499,8,74,72,2023-06-04,9,9,1,14039,2023-03-04,92,4,2,7,1
4,1,1,10,2025-12-28,7,7,1,4956,2025-09-03,116,8,1,7,1
463,3,25,30,2024-07-27,7,7,2,15000,2024-04-20,98,6,4,6,1
69,9,88,84,2024-04-22,9,9,3,10996,2023-12-15,129,3,4,1,2
172,9,86,89,2024-08-28,4,4,4,14533,2024-04-02,148,10,2,3,2
256,4,31,36,2023-08-08,6,6,3,15000,2023-03-04,157,8,3,2,1
176,4,34,31,2025-11-13,10,10,2,2845,2025-06-04,162,7,5,4,1
48,2,14,17,2023-11-08,10,10,4,15000,2023-06-04,157,6,1,3,1
171,6,60,53,2024-01-12,6,6,1,7205,2023-09-24,110,2,2,5,1
98,2,14,18,2024-09-29,6,6,4,15000,2024-09-20,9,3,1,7,2
381,9,81,85,2023-11-21,7,7,3,15000,2023-11-01,20,5,4,2,1
105,10,96,94,2024-12-27,10,10,4,15000,2024-09-08,110,10,2,5,2
16,8,78,76,2024-02-29,9,9,3,9817,2023-11-30,91,9,3,4,1
164,7,61,66,2024-06-21,3,3,2,15000,2024-01-02,171,1,1,5,1
456,4,34,38,2023-11-10,6,6,3,13835,2023-09-14,57,7,2,5,2
46,1,7,4,2025-12-08,7,7,2,15000,2025-09-05,94,8,3,1,1
482,1,7,8,2023-05-30,8,8,4,15000,2023-03-31,60,5,4,2,2
234,7,66,70,2025-07-27,9,9,4,15000,2025-01-28,180,1,4,7,1
6,9,82,81,2025-03-16,3,3,3,15000,2024-11-07,129,6,5,7,1
337,10,95,99,2023-08-04,10,10,3,15000,2023-06-21,44,4,1,5,2
185,4,38,31,2024-02-17,3,3,2,15000,2023-12-22,57,9,3,6,1
366,4,39,36,2023-10-12,6,6,2,15000,2023-08-08,65,5,5,4,3
60,6,52,59,2024-05-16,1,1,1,15000,2024-03-07,70,4,5,4,2
110,1,7,8,2024-04-09,6,6,3,15000,2024-03-05,35,2,4,2,1
232,9,82,84,2023-07-18,9,9,2,15000,2023-06-27,21,2,4,2,2
143,7,66,64,2023-11-05,3,3,4,15000,2023-08-11,86,1,1,7,1
125,1,8,6,2024-05-27,4,4,4,9647,2024-01-24,124,1,2,1,3
103,9,83,88,2024-01-16,10,10,3,15000,2023-09-25,113,5,5,2,3
302,4,39,38,2025-04-09,6,6,3,3775,2025-02-06,62,6,5,3,2
1,4,35,40,2025-04-14,7,7,2,15000,2025-03-10,35,8,5,1,2
441,5,44,48,2025-04-02,6,6,3,15000,2024-12-18,105,1,4,3,2
16,1,7,6,2025-09-08,9,9,4,6178,2025-08-26,13,3,1,1,3
18,9,88,90,2024-11-17,8,8,1,13717,2024-08-11,98,10,5,7,2
153,5,47,49,2024-08-24,5,5,4,15000,2024-06-09,76,4,1,6,1
277,2,19,12,2023-10-28,3,3,4,15000,2023-09-25,33,2,3,6,2
164,10,97,91,2023-12-06,9,9,4,15000,2023-08-16,112,10,3,3,2
80,10,97,95,2023-05-03,6,6,3,15000,2022-12-07,147,6,1,3,1
242,5,48,47,2025-01-19,4,4,2,15000,2024-09-04,137,4,1,7,3
90,4,36,31,2025-11-20,2,2,4,15000,2025-08-25,87,1,2,4,3
176,1,3,7,2024-11-28,10,10,2,15000,2024-10-28,31,8,4,4,3
466,9,86,84,2023-12-08,3,3,3,15000,2023-09-05,94,9,3,5,3
173,10,94,95,2025-01-07,9,9,3,15000,2024-10-30,69,4,3,2,1
287,8,79,73,2024-02-15,7,7,4,2356,2024-01-19,27,5,1,4,3
189,9,83,86,2025-07-03,8,8,4,15000,2025-07-02,1,10,1,4,1
427,6,60,56,2023-04-25,1,1,4,15000,2023-01-15,100,9,2,2,2
230,1,5,6,2024-01-05,6,6,3,15000,2023-08-30,128,1,1,5,2
401,7,69,65,2024-05-26,6,6,3,15000,2024-03-14,73,10,5,7,2
197,5,46,42,2025-11-25,1,1,1,9360,2025-06-27,151,2,2,2,2
236,2,14,17,2025-12-22,3,3,1,1196,2025-09-16,97,8,2,1,1
297,5,46,47,2023-05-24,1,1,1,14179,2023-03-28,57,5,1,3,1
304,8,79,80,2023-04-18,3,3,3,15000,2023-01-23,85,10,3,2,2
170,1,7,3,2023-01-26,4,4,1,1843,2022-11-08,79,9,2,4,1
403,6,55,51,2023-08-28,2,2,4,15000,2023-06-22,67,8,2,1,2
172,5,43,48,2023-04-06,10,10,1,14965,2023-02-23,42,8,3,4,1
459,9,85,86,2024-04-11,5,5,1,5148,2024-02-17,54,9,5,4,3
444,1,7,8,2023-05-29,7,7,1,14913,2023-01-09,140,10,1,1,2
438,5,42,44,2024-08-20,10,10,2,15000,2024-05-23,89,5,2,2,3
3,5,42,48,2025-01-19,3,3,1,6703,2025-01-15,4,3,5,7,3
226,5,46,44,2024-06-28,6,6,4,15000,2024-04-25,64,10,4,5,2
313,4,38,37,2024-01-09,8,8,4,15000,2023-12-25,15,7,5,2,2
261,2,16,12,2024-03-21,1,1,3,5797,2023-10-04,169,2,2,4,2
206,7,65,63,2025-02-08,7,7,2,15000,2024-08-30,162,1,1,6,2
321,7,65,64,2024-12-26,9,9,3,1426,2024-08-24,124,3,3,4,2
203,4,33,39,2025-11-04,10,10,2,12964,2025-06-16,141,10,2,2,3
312,5,50,42,2024-03-31,5,5,3,15000,2024-03-06,25,2,5,7,1
347,9,89,90,2023-11-24,3,3,2,15000,2023-07-05,142,1,2,5,1
303,9,89,84,2025-11-24,5,5,1,9062,2025-10-05,50,6,2,1,3
350,3,23,28,2023-08-20,6,6,3,15000,2023-03-19,154,10,5,7,1
36,10,93,100,2023-02-21,4,4,4,4743,2022-09-04,170,3,2,2,2
387,3,30,23,2025-11-24,5,5,4,15000,2025-10-25,30,3,1,1,2
264,1,9,6,2024-02-29,5,5,3,15000,2023-10-08,144,9,1,4,1
151,4,40,35,2024-05-04,2,2,1,10473,2023-11-26,160,3,3,6,2
216,4,40,33,2025-10-28,7,7,2,15000,2025-10-16,12,4,5,2,2
22,4,34,33,2023-06-30,7,7,1,11683,2023-04-13,78,3,2,5,2
35,4,35,39,2025-06-07,6,6,4,14583,2025-03-11,88,7,1,6,1
368,6,53,55,2024-04-06,3,3,3,15000,2024-01-17,80,5,5,6,2
384,1,8,3,2024-12-31,2,2,4,14283,2024-08-16,137,2,3,2,1
175,9,86,84,2023-03-07,10,10,1,2030,2023-01-02,64,8,3,2,2
118,4,36,39,2024-07-22,6,6,3,13656,2024-06-19,33,5,1,1,2
320,2,14,18,2023-08-28,9,9,4,15000,2023-07-16,43,9,3,1,2
333,10,100,92,2025-08-29,10,10,2,15000,2025-06-03,87,3,4,5,1
4,10,95,100,2024-01-11,9,9,3,11968,2023-08-22,142,9,5,4,3
171,10,91,95,2024-04-03,1,1,3,15000,2023-11-15,140,9,3,3,3
351,3,22,26,2024-02-10,1,1,1,15000,2024-01-05,36,10,1,6,3
33,8,71,80,2025-02-16,3,3,3,15000,2024-09-07,162,3,4,7,2
396,4,35,36,2023-02-01,3,3,4,9191,2022-10-22,102,6,2,3,2
17,8,80,72,2025-06-07,1,1,4,15000,2025-04-06,62,5,3,6,1
242,1,8,6,2024-10-02,4,4,2,14703,2024-04-22,163,3,4,3,2
193,4,31,35,2024-12-03,6,6,4,15000,2024-11-24,9,2,1,2,2
313,3,25,23,2023-06-12,5,5,1,6706,2023-05-24,19,6,3,1,1
489,3,24,30,2024-04-10,5,5,3,15000,2024-01-09,92,10,1,3,2
288,7,62,64,2023-05-10,1,1,1,15000,2023-02-03,96,6,4,3,3
142,1,9,2,2023-04-05,1,1,1,4301,2023-03-25,11,10,2,3,1
349,5,47,41,2023-09-08,6,6,3,15000,2023-06-06,94,5,3,5,3
301,7,66,68,2023-02-05,6,6,4,15000,2022-09-10,148,4,3,7,1
212,3,23,29,2025-01-31,3,3,4,15000,2024-09-01,152,8,2,5,2
126,7,64,62,2023-01-23,2,2,3,15000,2022-08-14,162,4,5,1,2
263,2,14,13,2023-11-12,3,3,1,2228,2023-08-18,86,3,1,7,2
271,9,84,90,2023-05-29,9,9,3,8119,2023-01-17,132,3,3,1,1
110,8,71,79,2023-04-12,10,10,4,5302,2022-11-09,154,2,4,3,2
178,3,23,26,2025-06-19,9,9,1,4497,2025-03-26,85,3,2,4,1
242,1,1,6,2025-05-22,4,4,4,7252,2025-01-18,124,8,4,4,2
206,3,24,28,2025-01-09,9,9,4,15000,2024-11-11,59,2,1,4,3
13,4,36,39,2024-07-09,1,1,3,3682,2024-03-03,128,5,3,2,3
222,10,95,91,2024-04-20,10,10,4,15000,2023-11-01,171,4,2,6,2
311,2,16,12,2025-07-28,10,10,2,15000,2025-07-07,21,2,1,1,1
130,10,96,94,2023-11-09,4,4,2,12054,2023-11-03,6,2,1,4,1
394,2,14,15,2023-07-30,5,5,3,15000,2023-06-29,31,5,1,7,2
229,8,76,73,2025-08-11,8,8,1,5422,2025-07-08,34,6,5,1,3
246,6,57,53,2024-12-23,4,4,4,15000,2024-12-03,20,7,4,1,1
319,8,80,78,2024-08-20,10,10,2,2475,2024-03-11,162,7,2,2,3
423,7,66,61,2025-02-13,9,9,2,7850,2025-01-25,19,8,5,4,1
300,4,34,32,2024-03-12,4,4,4,15000,2023-10-12,152,10,5,2,2
211,3,30,21,2024-08-25,4,4,1,9004,2024-04-03,144,4,3,7,2
399,8,71,77,2024-12-07,10,10,2,11642,2024-10-06,62,1,3,6,2
48,9,87,84,2023-12-04,7,7,2,15000,2023-07-26,131,5,3,1,1
327,7,65,69,2025-04-07,5,5,4,15000,2025-01-13,84,10,4,1,2
112,4,40,34,2024-04-26,10,10,3,6921,2024-01-09,108,9,1,5,1
407,2,14,20,2024-11-04,10,10,4,15000,2024-05-12,176,5,3,1,2
440,2,13,19,2023-02-06,6,6,1,15000,2022-10-02,127,9,3,1,2
191,1,5,10,2025-10-08,5,5,2,15000,2025-06-25,105,9,1,3,1
163,1,9,7,2024-03-19,10,10,4,15000,2024-01-18,61,5,4,2,3
208,9,82,86,2025-04-05,8,8,3,15000,2025-03-23,13,8,5,6,1
177,7,63,69,2025-05-16,7,7,1,808,2025-03-01,76,4,2,5,1
467,3,27,22,2024-11-09,2,2,2,13586,2024-09-12,58,6,4,6,1
493,1,2,1,2024-12-15,7,7,1,15000,2024-09-28,78,1,4,7,2
496,9,82,81,2023-07-27,5,5,4,15000,2023-04-13,105,6,2,4,1
101,9,87,82,2025-01-30,2,2,1,4413,2024-11-19,72,7,3,4,3
345,4,34,33,2025-04-25,7,7,1,1145,2025-03-19,37,6,5,5,1
475,5,41,50,2024-08-04,8,8,1,3126,2024-03-23,134,9,3,7,2
306,9,84,90,2023-02-15,8,8,1,11480,2022-10-24,114,3,2,3,1
370,8,72,73,2024-01-11,2,2,1,10776,2023-08-29,135,3,4,4,2
128,10,93,100,2025-05-06,3,3,3,15000,2025-04-30,6,4,1,2,2
396,3,22,26,2023-08-04,4,4,3,15000,2023-03-06,151,5,2,5,3
435,5,42,47,2024-11-16,9,9,2,15000,2024-06-21,148,7,1,6,1
218,2,13,18,2024-04-07,8,8,4,15000,2024-02-22,45,1,2,7,2
294,5,50,42,2025-07-15,5,5,1,15000,2025-04-07,99,9,1,2,2
413,8,75,76,2024-05-14,4,4,4,15000,2024-01-01,134,6,2,2,1
184,2,13,19,2024-03-22,1,1,4,15000,2023-12-13,100,2,3,5,2
498,6,54,59,2023-06-01,8,8,4,15000,2023-05-30,2,2,1,4,1
283,7,67,70,2023-11-25,2,2,4,15000,2023-07-04,144,8,5,6,3
23,3,21,24,2023-04-22,10,10,2,14025,2023-04-09,13,7,5,6,1
424,2,11,15,2023-11-21,9,9,2,2999,2023-09-22,60,8,2,2,1
255,2,13,20,2023-09-16,5,5,3,15000,2023-03-23,177,2,4,6,1
260,1,7,4,2023-06-14,2,2,2,6694,2023-02-07,127,8,5,3,1
444,10,97,100,2023-05-27,7,7,4,15000,2023-05-12,15,4,3,6,2
287,8,80,71,2023-06-07,5,5,1,15000,2023-05-03,35,9,1,3,2
110,3,28,30,2023-09-03,9,9,4,15000,2023-03-31,156,1,5,7,2
77,4,38,37,2023-10-10,10,10,3,15000,2023-05-15,148,1,3,2,1
486,5,44,41,2023-10-12,10,10,2,15000,2023-05-04,161,6,1,4,2
269,4,36,38,2025-06-19,10,10,2,9021,2025-04-08,72,8,1,4,1
417,6,52,58,2025-03-20,10,10,4,15000,2024-12-14,96,5,4,4,2
424,3,26,29,2023-07-29,7,7,2,15000,2023-06-13,46,6,5,6,1
338,8,76,78,2024-09-03,9,9,2,15000,2024-07-15,50,6,5,2,1
66,2,14,11,2025-10-04,1,1,1,6756,2025-08-26,39,9,4,6,2
474,6,53,57,2023-10-29,10,10,1,9523,2023-06-11,140,1,3,7,2
275,10,95,100,2024-04-02,5,5,2,15000,2023-10-14,171,1,2,2,1
392,5,47,50,2023-09-12,6,6,2,15000,2023-07-03,71,9,4,2,2
362,5,48,49,2025-10-05,9,9,1,6048,2025-05-22,136,1,5,7,1
256,2,16,13,2025-10-30,3,3,2,12719,2025-05-11,172,10,3,4,2
405,3,29,22,2023-12-06,6,6,2,8414,2023-08-20,108,4,4,3,2
158,2,19,14,2024-11-19,1,1,1,14031,2024-10-26,24,4,4,2,3
282,9,84,81,2025-04-09,7,7,2,15000,2024-10-27,164,10,4,3,3
159,8,71,80,2025-05-09,4,4,4,15000,2025-01-01,128,2,5,5,3
368,7,65,70,2025-02-14,3,3,2,5758,2024-10-28,109,4,2,5,1
329,10,94,91,2025-10-25,7,7,4,15000,2025-06-05,142,6,5,6,2
282,7,67,63,2025-01-28,3,3,4,15000,2025-01-24,4,7,5,2,1
184,8,76,74,2024-12-28,9,9,2,15000,2024-12-11,17,9,2,6,2
139,7,64,62,2024-06-23,8,8,3,15000,2024-05-25,29,8,3,7,2
285,1,10,2,2023-05-22,1,1,1,15000,2023-02-04,107,5,2,1,2
142,9,90,81,2024-08-05,1,1,1,7992,2024-06-28,38,1,4,1,3
371,3,23,22,2024-07-17,2,2,1,15000,2024-02-28,140,10,1,3,3
22,3,24,27,2023-12-15,10,10,2,9523,2023-08-08,129,10,3,5,3
23,7,64,68,2025-05-01,6,6,1,8456,2025-04-23,8,4,3,4,3
38,2,17,13,2023-09-16,7,7,2,15000,2023-08-08,39,9,2,6,1
251,1,5,10,2024-12-07,2,2,3,1416,2024-09-08,90,10,4,6,1
179,5,50,43,2025-06-25,5,5,2,15000,2025-05-27,29,1,1,3,1
203,1,2,8,2025-12-27,10,10,4,15000,2025-08-31,118,8,5,6,2
176,1,4,7,2023-02-07,4,4,2,1959,2022-08-30,161,10,5,2,3
12,3,27,21,2024-11-14,1,1,4,9325,2024-07-15,122,8,2,4,1
152,9,88,85,2024-02-29,1,1,4,15000,2024-02-11,18,6,3,4,1
459,1,1,7,2024-07-01,6,6,4,15000,2024-05-18,44,7,1,1,1
141,9,90,87,2024-09-14,1,1,1,2784,2024-04-08,159,2,1,6,1
80,1,2,5,2024-08-11,3,3,1,13529,2024-03-05,159,5,1,7,2
417,10,94,98,2023-06-26,8,8,4,15000,2023-04-18,69,6,2,1,2
24,10,100,92,2025-03-17,9,9,1,7071,2025-02-15,30,5,5,1,1
99,7,61,67,2025-05-06,5,5,1,14005,2024-12-27,130,10,3,2,1
453,3,22,26,2025-01-23,9,9,4,9503,2024-08-17,159,1,2,4,2
386,8,74,75,2024-03-11,8,8,3,15000,2023-10-03,160,8,2,1,1
487,6,55,56,2023-11-19,8,8,3,15000,2023-06-10,162,3,3,7,2
470,1,6,5,2025-05-18,8,8,1,10275,2024-12-31,138,4,1,7,2
290,3,30,22,2024-05-02,8,8,1,11938,2024-01-01,122,1,4,4,2
101,4,37,31,2023-12-01,5,5,1,5720,2023-08-25,98,10,3,5,3
431,7,63,68,2023-07-13,8,8,1,13794,2023-03-14,121,9,2,4,1
80,7,67,65,2025-07-02,3,3,2,15000,2025-06-27,5,5,3,3,2
203,3,25,24,2023-01-16,4,4,3,15000,2022-10-24,84,10,3,1,1
189,3,26,25,2025-10-04,3,3,1,5260,2025-09-04,30,9,5,6,1
174,1,1,3,2023-03-28,2,2,2,15000,2023-01-08,79,10,5,2,2
353,3,26,21,2025-05-08,9,9,1,7710,2024-12-12,147,7,3,4,2
446,1,7,8,2025-07-23,7,7,2,7415,2025-05-16,68,9,1,3,2
257,10,95,98,2025-03-12,6,6,4,15000,2024-12-16,86,7,5,3,1
74,3,29,23,2023-06-05,1,1,4,15000,2023-05-01,35,3,2,1,2
481,7,62,64,2025-02-20,3,3,2,15000,2024-10-27,116,1,5,4,2
200,10,93,97,2024-10-06,8,8,2,13728,2024-08-04,63,10,1,7,2
1,8,78,71,2023-05-19,3,3,1,11764,2023-05-15,4,10,5,5,2
230,5,44,43,2024-06-01,9,9,3,15000,2024-05-18,14,5,3,6,3
132,9,82,89,2024-03-09,7,7,2,15000,2024-01-09,60,8,4,6,2
295,9,89,83,2025-08-01,2,2,4,7637,2025-05-30,63,3,2,5,2
315,6,59,51,2023-07-18,2,2,2,15000,2023-06-06,42,5,3,2,2
401,9,85,84,2025-04-18,9,9,3,5697,2025-03-13,36,1,2,5,1
496,10,95,93,2025-05-22,9,9,3,15000,2024-11-30,173,9,4,4,2
461,5,42,44,2025-02-27,4,4,1,589,2024-11-19,100,10,5,4,1
77,5,43,46,2025-06-14,2,2,1,5412,2025-06-07,7,7,3,6,1
278,9,81,89,2025-11-27,7,7,1,12372,2025-10-22,36,2,2,4,2
366,10,91,96,2023-03-20,6,6,1,15000,2023-01-14,65,7,1,1,3
231,8,73,75,2024-04-16,8,8,3,9405,2023-11-13,155,3,5,2,2
338,5,44,48,2024-11-22,10,10,1,8445,2024-11-01,21,7,2,5,2
434,6,51,57,2023-10-15,2,2,2,6414,2023-09-07,38,1,2,7,2
456,5,46,44,2024-09-09,10,10,4,15000,2024-05-13,119,10,2,1,3
13,5,47,43,2023-07-30,8,8,1,442,2023-04-10,111,6,5,7,1
404,8,74,76,2024-07-15,8,8,1,2514,2024-05-24,52,2,4,1,1
77,6,52,54,2024-08-11,2,2,2,14036,2024-08-01,10,4,2,7,2
174,9,84,90,2025-06-04,3,3,1,15000,2024-12-10,176,8,5,3,3
338,1,5,2,2023-01-04,9,9,4,6469,2022-08-28,129,1,4,3,2
4,3,30,29,2024-04-09,1,1,1,12144,2023-10-25,167,1,2,2,2
259,4,31,40,2023-03-16,7,7,1,1506,2022-11-21,115,9,2,4,1
11,1,6,5,2023-05-20,5,5,1,2754,2023-05-11,9,9,3,6,1
382,2,20,18,2023-05-19,8,8,3,15000,2023-03-16,64,5,1,5,2
307,7,62,70,2025-03-17,3,3,1,3487,2025-01-15,61,5,1,1,1
207,1,6,10,2025-09-21,9,9,4,15000,2025-05-06,138,5,5,7,1
442,1,2,3,2024-03-13,6,6,1,14918,2023-09-20,175,3,2,3,3
451,6,56,59,2025-07-06,2,2,1,10561,2025-06-11,25,2,3,7,2
256,4,40,38,2025-06-25,7,7,2,10204,2025-03-22,95,1,4,3,1
247,1,9,1,2023-06-28,2,2,1,8928,2023-04-18,71,7,5,3,1
426,2,20,19,2023-07-25,5,5,2,15000,2023-06-28,27,5,4,2,1
243,1,9,1,2024-03-03,10,10,2,15000,2023-09-08,177,10,4,7,3
89,5,43,42,2024-08-01,10,10,2,15000,2024-03-21,133,5,5,4,2
138,9,87,84,2025-02-12,6,6,4,1873,2025-01-30,13,1,5,3,1
290,8,71,76,2025-10-02,10,10,4,15000,2025-06-24,100,9,2,4,1
113,4,36,38,2025-05-03,6,6,4,15000,2025-02-21,71,1,1,6,1
55,5,48,41,2024-11-20,1,1,2,15000,2024-08-30,82,9,3,3,2
272,1,1,3,2023-09-03,2,2,2,13102,2023-05-16,110,2,1,7,1
500,8,71,80,2025-11-13,5,5,2,11727,2025-08-31,74,4,2,4,3
235,5,43,49,2025-03-14,3,3,4,15000,2025-02-26,16,8,5,5,3
409,5,48,43,2023-06-16,5,5,2,14884,2023-03-12,96,4,1,5,2
140,8,77,72,2025-09-24,9,9,2,15000,2025-09-17,7,4,5,3,3
301,8,77,71,2023-09-22,9,9,4,14055,2023-08-21,32,7,1,5,1
163,1,9,4,2023-04-12,10,10,2,15000,2023-01-20,82,6,5,3,2
76,9,88,84,2024-11-11,2,2,4,15000,2024-11-06,5,10,5,1,2
75,1,6,3,2023-08-02,3,3,3,15000,2023-02-18,165,2,3,3,2
282,4,34,31,2024-07-24,4,4,1,12971,2024-05-26,59,2,2,3,1
221,10,97,95,2024-08-29,9,9,1,9420,2024-04-21,130,3,4,4,1
466,9,84,82,2024-05-28,1,1,3,15000,2024-02-27,91,3,2,2,2
214,9,89,85,2023-07-27,3,3,2,7106,2023-07-17,10,8,4,4,2
420,10,96,94,2025-08-31,9,9,3,14815,2025-07-18,44,1,4,7,2
241,2,18,13,2025-07-15,7,7,2,15000,2025-02-06,159,9,4,2,2
427,6,57,55,2024-11-11,6,6,3,15000,2024-08-13,90,4,5,1,2
300,9,90,88,2025-11-27,6,6,3,12353,2025-10-04,54,3,5,4,2
332,2,18,13,2025-11-21,3,3,4,15000,2025-09-24,58,1,4,5,1
38,7,62,67,2025-08-29,7,7,4,15000,2025-06-26,64,3,4,5,1
150,2,11,18,2025-07-22,9,9,4,13935,2025-02-01,171,10,1,2,2
224,9,89,84,2023-02-26,3,3,3,15000,2023-01-05,52,4,4,7,2
132,8,77,73,2025-11-07,9,9,4,15000,2025-06-17,143,4,3,5,1
12,4,35,37,2024-03-09,1,1,3,5237,2023-10-14,147,8,5,6,2
263,3,26,29,2023-04-01,3,3,2,14162,2023-01-25,66,2,3,6,2
481,10,92,96,2025-02-25,8,8,4,15000,2025-01-19,37,5,4,2,1
373,10,92,91,2023-08-07,1,1,2,8287,2023-06-16,52,7,3,1,2
379,6,51,60,2025-12-05,9,9,2,15000,2025-09-02,94,2,4,5,2
254,5,41,42,2024-11-04,4,4,4,15000,2024-08-15,81,8,4,1,1
466,1,10,3,2025-08-14,4,4,4,15000,2025-02-27,168,2,4,4,2
486,8,79,78,2023-09-20,9,9,3,15000,2023-08-31,20,8,5,3,3
115,4,39,37,2023-05-20,1,1,4,15000,2023-03-06,75,1,1,6,1
316,2,11,20,2025-08-20,4,4,2,7195,2025-03-22,151,1,5,3,1
323,2,15,11,2024-10-18,6,6,3,6740,2024-10-09,9,6,5,5,2
360,6,52,59,2024-05-08,6,6,1,15000,2024-01-26,103,7,4,3,2
77,7,62,67,2023-12-15,1,1,3,15000,2023-11-23,22,3,1,5,2
488,8,76,80,2023-10-21,1,1,2,15000,2023-08-27,55,9,2,6,3
490,8,75,79,2023-08-03,9,9,1,3451,2023-03-20,136,8,3,4,2
167,6,51,54,2023-08-03,5,5,3,15000,2023-07-21,13,2,1,4,1
238,6,56,59,2024-10-28,8,8,1,6793,2024-08-24,65,1,5,1,1
402,3,22,24,2024-08-02,8,8,1,12385,2024-02-09,175,1,2,5,3
67,7,63,64,2023-11-01,10,10,4,15000,2023-07-13,111,5,1,3,2
165,1,5,2,2023-12-17,7,7,3,15000,2023-08-22,117,2,2,7,1
109,8,80,79,2024-03-06,4,4,4,15000,2024-03-01,5,8,1,3,1
161,1,10,6,2024-04-25,4,4,4,15000,2023-10-31,177,10,5,4,1
361,8,79,77,2023-10-20,2,2,1,5892,2023-06-11,131,6,5,5,1
441,10,95,93,2024-06-30,7,7,2,10434,2024-03-05,117,4,5,7,2
34,1,5,4,2025-10-12,8,8,4,8829,2025-08-15,58,5,5,7,1
333,1,10,6,2023-12-31,7,7,2,15000,2023-10-24,68,4,3,7,3
88,3,28,21,2025-03-28,4,4,3,15000,2024-10-03,176,8,4,5,2
214,6,55,58,2025-06-20,9,9,3,15000,2025-01-18,153,5,5,5,1
390,10,93,99,2024-03-03,3,3,4,15000,2023-12-26,68,4,1,7,2
335,3,21,24,2023-11-06,9,9,1,2787,2023-10-06,31,10,3,1,2
260,3,27,26,2023-08-31,5,5,1,9222,2023-06-03,89,3,5,4,1
15,4,40,39,2023-03-27,8,8,3,6570,2023-03-04,23,8,4,1,2
452,5,42,50,2024-09-14,2,2,3,15000,2024-09-07,7,4,3,6,1
323,8,76,79,2025-06-03,5,5,3,15000,2025-04-21,43,8,1,2,3
274,7,62,67,2024-03-09,8,8,4,15000,2023-10-25,136,7,5,6,3
141,5,49,50,2025-07-09,9,9,1,15000,2025-02-27,132,9,5,3,2
432,2,20,17,2024-09-14,10,10,4,15000,2024-05-26,111,9,2,6,2
422,6,53,59,2025-01-20,9,9,1,6806,2024-07-27,177,3,4,1,1
84,9,90,84,2023-09-22,5,5,2,11093,2023-09-13,9,9,3,5,2
494,2,13,16,2024-08-05,9,9,3,15000,2024-02-25,162,6,1,1,2
297,5,42,47,2024-10-17,5,5,2,15000,2024-08-09,69,5,1,4,1
275,2,13,19,2025-08-31,10,10,2,15000,2025-06-09,83,9,3,7,2
460,9,90,82,2025-03-06,5,5,1,15000,2025-02-19,15,9,1,4,3
87,10,97,99,2023-03-18,9,9,1,12027,2022-12-29,79,9,1,6,2
197,4,32,31,2024-08-21,5,5,4,15000,2024-04-16,127,10,3,3,2
84,1,9,6,2023-11-20,6,6,2,706,2023-06-19,154,4,5,1,1
195,3,24,23,2025-10-14,2,2,3,1760,2025-09-03,41,2,4,2,1
259,8,74,75,2024-08-26,9,9,2,15000,2024-05-24,94,10,2,1,1
213,10,100,96,2023-02-22,3,3,4,15000,2023-02-12,10,1,2,3,3
486,4,35,31,2025-11-09,4,4,2,12250,2025-08-12,89,4,4,7,3
228,7,68,67,2023-10-24,5,5,4,15000,2023-06-15,131,10,2,2,2
409,7,66,65,2025-01-09,6,6,2,15000,2024-11-21,49,6,5,4,3
169,4,38,31,2025-07-13,6,6,1,15000,2025-04-03,101,7,3,7,3
388,1,4,3,2024-11-07,1,1,4,15000,2024-09-20,48,2,1,4,3
241,10,92,94,2025-03-27,2,2,2,1891,2025-01-22,64,7,5,4,2
173,3,29,22,2025-07-09,6,6,3,15000,2025-03-21,110,7,1,3,2
284,2,16,17,2024-06-18,4,4,1,12205,2024-03-16,94,6,1,2,1
135,7,63,66,2025-09-27,3,3,3,15000,2025-09-20,7,10,2,6,2
168,8,76,71,2023-08-12,4,4,2,6573,2023-05-24,80,9,5,6,1
316,8,78,79,2025-04-16,6,6,2,15000,2025-03-25,22,6,5,3,2
154,5,44,43,2025-03-24,5,5,1,15000,2024-11-02,142,4,1,1,2
320,9,88,84,2024-05-18,5,5,2,15000,2024-05-04,14,9,3,6,3
23,7,69,62,2024-10-06,7,7,2,5005,2024-07-21,77,10,4,7,2
393,1,4,8,2025-07-11,5,5,1,12864,2025-05-17,55,5,1,5,1
328,1,4,3,2023-06-09,3,3,1,2516,2022-12-21,170,8,2,5,3
244,10,98,92,2025-09-07,5,5,2,15000,2025-06-14,85,3,5,7,2
313,9,83,84,2025-07-01,1,1,3,6855,2025-01-14,168,5,3,2,2
427,3,24,26,2024-03-06,3,3,1,13423,2024-02-19,16,4,4,3,1
326,7,67,68,2024-05-30,7,7,2,10079,2024-05-05,25,9,3,4,1
131,7,68,70,2024-07-27,3,3,2,4521,2024-02-26,152,7,4,6,1
145,5,47,44,2025-01-28,2,2,2,15000,2024-12-01,58,7,4,2,3
281,6,51,53,2023-09-07,3,3,3,15000,2023-05-14,116,2,3,4,1
449,9,81,83,2024-03-23,6,6,3,15000,2024-03-04,19,8,4,6,1
373,9,82,89,2025-12-29,8,8,4,13472,2025-07-28,154,4,2,1,2
281,10,93,99,2023-08-31,9,9,1,9673,2023-07-24,38,6,1,4,1
88,3,29,21,2025-04-09,4,4,1,14703,2024-11-05,155,9,4,3,2
43,9,81,88,2025-08-06,4,4,4,15000,2025-03-26,133,10,3,3,1
43,4,39,31,2023-07-13,1,1,3,3316,2023-01-26,168,8,1,4,1
452,10,96,91,2024-02-24,5,5,1,15000,2023-11-19,97,7,1,6,2
332,5,45,48,2025-04-22,1,1,1,9305,2025-03-06,47,9,2,2,2
3,5,41,44,2024-12-24,4,4,2,15000,2024-10-27,58,3,5,2,3
25,8,71,77,2024-02-17,3,3,1,5354,2023-09-01,169,3,4,6,1
104,1,4,2,2024-07-25,9,9,3,2065,2024-02-19,157,7,4,4,2
231,4,40,34,2025-09-28,7,7,2,14241,2025-04-12,169,3,2,7,2
182,5,45,48,2024-12-21,1,1,1,8310,2024-12-08,13,9,3,6,2
408,2,12,16,2023-12-11,8,8,3,15000,2023-12-01,10,10,4,1,2
321,4,31,35,2025-04-23,1,1,4,15000,2024-12-01,143,8,4,3,2
460,7,70,66,2024-05-18,7,7,1,5612,2024-01-09,130,8,5,6,1
201,7,65,70,2025-06-24,8,8,4,15000,2025-01-14,161,6,4,2,1
55,5,50,45,2023-10-06,8,8,4,15000,2023-06-23,105,8,4,5,2
37,6,56,54,2023-08-28,3,3,2,15000,2023-06-18,71,6,2,1,2
314,1,1,9,2024-05-22,2,2,3,15000,2024-03-09,74,2,1,3,2
97,4,31,33,2023-01-20,2,2,4,12781,2022-12-16,35,6,1,5,2
421,7,63,66,2025-11-12,1,1,1,9137,2025-08-15,89,7,3,3,3
218,7,64,66,2024-12-12,7,7,2,15000,2024-09-15,88,3,5,4,2
423,3,28,29,2023-10-23,6,6,1,15000,2023-05-01,175,7,4,1,3
58,5,42,41,2024-03-18,3,3,1,10745,2023-11-24,115,3,2,1,2
41,10,94,96,2025-02-03,8,8,1,8487,2024-09-22,134,5,5,1,1
58,8,75,74,2024-02-08,10,10,2,15000,2023-11-15,85,3,1,4,1
169,6,60,58,2025-09-07,5,5,2,8947,2025-07-11,58,6,3,7,3
31,2,15,16,2025-11-18,4,4,1,14766,2025-06-28,143,4,2,2,1
410,3,27,22,2024-02-28,5,5,1,15000,2023-09-26,155,8,5,3,3
490,7,70,63,2025-01-07,10,10,3,15000,2024-08-20,140,4,5,2,1
69,7,68,67,2024-05-09,4,4,1,7160,2023-11-17,174,7,4,4,2
168,1,8,6,2024-10-20,3,3,1,14392,2024-07-16,96,9,3,7,3
373,3,23,24,2024-08-25,8,8,2,10424,2024-07-05,51,8,4,7,2
255,4,37,34,2024-05-13,7,7,1,14179,2023-12-10,155,8,4,1,1
144,1,4,8,2025-02-20,1,1,2,2988,2024-12-12,70,2,1,4,1
414,8,73,77,2024-08-04,2,2,3,15000,2024-06-05,60,9,3,7,2
463,7,68,70,2025-01-01,8,8,2,9128,2024-07-31,154,6,2,3,2
410,1,3,6,2024-07-24,3,3,1,14058,2024-05-17,68,10,5,3,2
94,1,1,2,2024-12-15,3,3,3,15000,2024-11-01,44,3,2,7,3
376,9,85,89,2024-01-15,3,3,2,15000,2023-12-24,22,5,3,1,2
229,5,44,41,2023-03-21,10,10,2,14046,2023-02-23,26,4,3,2,2
105,2,15,20,2023-08-21,5,5,2,2793,2023-08-08,13,2,5,1,1
411,10,95,94,2023-03-06,9,9,2,2328,2022-12-03,93,2,2,1,2
267,10,99,93,2023-12-27,5,5,3,15000,2023-11-08,49,2,5,3,2
462,9,85,84,2025-11-21,1,1,3,15000,2025-05-26,179,5,3,5,2
331,9,90,85,2023-04-19,4,4,3,15000,2022-12-15,125,8,5,3,2
163,1,9,6,2025-10-13,1,1,3,15000,2025-05-15,151,8,4,1,2
74,10,99,93,2025-11-17,9,9,2,15000,2025-09-26,52,8,2,1,2
197,9,83,89,2023-04-25,1,1,4,15000,2022-12-17,129,4,3,2,3
477,5,47,43,2023-09-24,5,5,1,9183,2023-04-18,159,1,2,7,2
410,5,42,47,2025-04-15,2,2,1,13580,2025-01-29,76,3,1,2,1
181,7,67,64,2023-11-20,4,4,3,8598,2023-06-16,157,6,3,1,1
169,8,74,76,2025-08-14,8,8,3,15000,2025-04-26,110,6,5,4,2
267,4,34,37,2025-12-08,1,1,3,2653,2025-10-04,65,9,2,1,1
12,10,98,91,2025-05-11,3,3,2,15000,2025-01-09,122,9,1,7,1
41,10,93,92,2024-02-25,4,4,1,15000,2024-01-24,32,10,4,7,2
171,5,43,41,2025-10-07,1,1,4,15000,2025-06-06,123,10,4,2,2
156,9,84,85,2023-03-10,9,9,3,10322,2023-02-09,29,2,2,5,1
376,5,43,41,2025-07-13,5,5,4,15000,2025-02-23,140,10,4,7,2
15,9,83,89,2023-08-03,1,1,3,15000,2023-07-21,13,2,1,4,2
347,3,22,30,2023-05-02,2,2,2,1916,2023-01-16,106,10,4,2,2
156,9,81,88,2023-01-21,7,7,4,15000,2022-12-15,37,6,1,6,1
410,1,4,8,2025-08-09,3,3,2,15000,2025-04-17,114,6,2,6,2
377,7,64,67,2023-10-01,5,5,3,12753,2023-04-29,155,5,3,7,1
7,2,19,11,2023-10-05,10,10,4,15000,2023-04-13,175,4,2,4,1
239,6,52,54,2023-12-23,4,4,2,15000,2023-08-28,117,1,3,6,3
438,10,93,91,2024-10-20,3,3,1,15000,2024-06-09,133,10,2,7,3
40,1,4,7,2025-04-06,1,1,1,11630,2024-12-02,125,8,3,7,2
483,6,53,58,2024-11-28,7,7,2,15000,2024-10-04,55,10,2,4,3
136,5,50,42,2025-04-24,6,6,1,13905,2024-11-01,174,2,1,4,1
265,4,36,35,2025-11-07,5,5,2,8944,2025-07-06,124,7,2,5,2
321,5,42,48,2023-06-14,1,1,2,15000,2023-03-03,103,1,2,3,3
379,3,26,28,2024-02-15,9,9,2,15000,2023-09-19,149,7,3,4,1
448,6,53,59,2024-04-24,4,4,1,2877,2023-11-28,148,9,2,3,2
353,10,95,94,2024-12-05,1,1,2,1118,2024-11-23,12,7,2,4,2
87,4,32,31,2023-03-03,2,2,4,15000,2022-12-27,66,9,2,5,1
403,8,75,72,2024-03-01,5,5,4,15000,2023-12-28,64,4,5,5,2
218,5,50,45,2024-10-09,2,2,4,15000,2024-07-06,95,1,5,3,2
290,9,83,89,2023-04-17,4,4,4,15000,2023-04-12,5,1,5,1,2
180,9,89,85,2023-10-19,9,9,4,15000,2023-09-24,25,2,1,4,2
204,9,89,86,2023-12-24,5,5,2,15000,2023-12-23,1,10,5,7,1
136,7,64,67,2024-12-23,1,1,1,11080,2024-08-26,119,9,2,1,1
367,9,89,85,2023-01-20,8,8,1,7201,2022-10-03,109,1,2,5,1
207,3,23,21,2025-12-02,7,7,3,15000,2025-06-13,172,7,2,2,2
229,3,30,29,2024-12-15,4,4,4,15000,2024-09-25,81,3,3,7,1
359,2,17,16,2023-11-17,6,6,2,9788,2023-05-29,172,8,3,5,1
115,2,17,14,2025-06-02,8,8,1,820,2025-05-28,5,8,1,1,1
312,8,71,74,2025-06-18,5,5,4,15000,2025-03-02,108,6,4,3,1
105,5,44,46,2024-04-09,5,5,3,15000,2024-01-25,75,9,3,2,3
259,4,38,40,2025-06-22,1,1,2,7524,2025-06-20,2,8,1,7,1
14,2,17,19,2024-09-09,6,6,1,9054,2024-06-12,89,1,3,1,3
44,9,82,89,2023-06-24,3,3,1,11365,2023-02-16,128,5,3,6,3
327,1,10,6,2024-05-03,1,1,1,2681,2024-02-23,70,7,5,5,2
145,9,85,82,2023-07-20,5,5,3,15000,2023-07-15,5,6,1,4,1
357,2,17,13,2025-05-05,4,4,3,15000,2025-04-17,18,4,1,1,2
399,7,69,61,2023-07-17,3,3,3,10012,2023-02-07,160,8,4,1,2
477,4,31,40,2025-05-13,1,1,1,10573,2025-04-11,32,5,1,2,2
28,9,86,83,2025-07-18,3,3,1,15000,2025-06-09,39,5,2,5,3
54,3,21,22,2025-03-17,8,8,3,15000,2025-01-07,69,10,3,1,3
65,7,69,61,2025-05-30,6,6,1,10699,2025-01-26,124,1,5,5,2
196,5,47,42,2025-01-02,4,4,4,15000,2025-01-01,1,5,5,4,1
429,2,19,15,2025-01-02,8,8,1,799,2024-12-03,30,5,2,4,1
9,1,6,5,2024-03-31,9,9,2,15000,2024-01-30,61,3,5,7,1
83,6,60,53,2024-07-17,9,9,3,15000,2024-05-27,51,8,1,3,1
285,3,29,27,2024-08-25,4,4,3,8940,2024-05-22,95,9,4,7,1
289,7,67,62,2023-01-25,10,10,4,15000,2022-12-23,33,4,2,3,2
467,6,56,59,2024-04-08,1,1,2,15000,2023-10-17,174,8,1,1,1
147,4,31,38,2025-04-12,3,3,3,15000,2024-12-06,127,1,4,6,1
47,6,58,60,2025-06-12,3,3,4,15000,2025-02-15,117,8,3,4,1
66,1,10,1,2023-01-06,1,1,4,15000,2022-11-05,62,2,5,5,3
4,10,99,95,2024-03-01,4,4,3,10249,2023-11-07,115,9,3,5,1
240,5,45,41,2023-05-11,7,7,1,2877,2023-03-06,66,6,4,4,2
100,2,15,11,2025-04-25,10,10,1,4487,2025-02-27,57,3,4,5,1
480,10,93,95,2025-06-17,8,8,3,15000,2025-04-23,55,7,2,2,3
164,2,14,19,2023-01-16,1,1,2,15000,2022-11-11,66,6,2,1,2
306,7,66,70,2023-09-26,4,4,4,15000,2023-04-28,151,10,3,2,2
170,7,61,70,2023-04-17,2,2,2,15000,2023-04-09,8,7,4,1,2
115,6,54,60,2023-05-04,8,8,1,8759,2023-03-03,62,8,5,4,2
25,2,17,15,2024-03-20,5,5,2,15000,2023-11-14,127,2,4,3,2
274,1,5,3,2025-07-03,8,8,1,9876,2025-02-01,152,5,4,4,1
414,2,11,17,2024-05-25,2,2,4,15000,2023-11-30,177,10,1,6,1
18,8,77,78,2023-07-29,7,7,4,15000,2023-02-18,161,3,2,6,2
165,1,8,5,2023-12-18,8,8,4,15000,2023-08-01,139,9,1,1,1
207,7,61,69,2023-05-11,1,1,2,2044,2023-04-12,29,7,4,4,1
393,9,82,86,2023-10-19,1,1,4,15000,2023-05-14,158,2,2,4,1
174,7,68,63,2023-07-02,9,9,2,9398,2023-05-30,33,2,1,7,1
28,1,6,9,2024-10-27,1,1,3,15000,2024-09-24,33,4,3,7,2
318,8,79,73,2024-08-29,4,4,3,15000,2024-05-25,96,7,5,4,1
76,9,90,87,2024-06-02,9,9,3,15000,2024-04-17,46,7,3,7,1
103,6,60,55,2024-09-10,4,4,4,15000,2024-04-22,141,1,3,2,2
40,8,77,71,2024-08-23,1,1,2,15000,2024-06-16,68,8,1,5,3
488,1,8,7,2025-08-09,5,5,4,15000,2025-05-21,80,2,4,6,1
344,2,11,12,2023-11-11,2,2,3,14941,2023-10-30,12,1,1,6,3
307,6,56,53,2023-07-02,2,2,1,11222,2023-03-27,97,8,5,7,2
37,6,55,54,2024-06-16,5,5,4,15000,2024-03-12,96,5,1,7,3
178,2,18,15,2024-10-17,10,10,3,15000,2024-05-09,161,2,4,4,1
405,2,14,13,2025-06-12,9,9,2,8824,2025-03-12,92,10,2,4,1
398,6,51,58,2023-12-11,7,7,2,560,2023-07-31,133,10,3,1,2
381,5,50,42,2023-07-20,9,9,1,1356,2023-06-17,33,2,3,4,1
24,8,78,79,2024-12-02,4,4,4,15000,2024-07-03,152,1,4,1,3
206,9,83,89,2024-05-19,1,1,2,15000,2024-02-07,102,9,2,7,2
407,7,66,69,2025-11-15,6,6,2,15000,2025-10-09,37,5,3,6,1
168,9,82,90,2024-10-17,5,5,2,15000,2024-09-04,43,7,3,4,1
169,5,50,48,2025-11-02,4,4,1,7124,2025-05-16,170,6,3,7,3
45,10,97,96,2025-03-26,4,4,4,13326,2024-10-30,147,8,2,3,2
86,6,57,55,2023-07-16,2,2,1,6769,2023-07-02,14,7,3,7,1
388,8,78,72,2024-04-11,7,7,3,15000,2023-11-09,154,2,3,4,2
278,6,59,55,2024-05-05,5,5,3,15000,2024-02-14,81,3,1,7,3
150,5,44,43,2025-01-14,7,7,2,5575,2024-10-17,89,7,5,2,3
380,4,36,39,2024-06-13,10,10,4,15000,2024-01-28,137,10,1,4,2
462,4,33,31,2024-09-24,2,2,3,15000,2024-09-13,11,9,5,2,2
264,1,3,1,2025-08-10,3,3,4,15000,2025-07-10,31,7,5,7,2
483,5,49,47,2024-08-01,8,8,1,6310,2024-04-23,100,6,3,4,2
278,5,41,49,2023-11-04,9,9,2,15000,2023-10-20,15,8,1,6,2
423,6,52,54,2023-10-01,10,10,2,11492,2023-07-27,66,1,3,7,2
282,4,33,31,2025-05-19,1,1,3,9481,2025-04-11,38,7,4,1,3
338,2,11,15,2024-04-10,4,4,2,15000,2024-02-07,63,9,4,3,2
332,3,22,28,2023-07-24,4,4,3,15000,2023-02-01,173,1,1,1,2
222,8,79,73,2023-06-01,9,9,3,2822,2023-02-25,96,1,2,4,2
370,7,62,68,2023-05-01,10,10,1,6364,2022-12-18,134,6,1,1,1
167,9,86,89,2024-02-23,10,10,3,15000,2023-10-28,118,3,3,5,1
45,7,63,66,2024-11-07,5,5,2,12811,2024-06-08,152,2,3,4,1
172,7,62,67,2023-07-07,4,4,4,15000,2023-06-03,34,8,4,5,1
449,5,41,45,2024-01-20,7,7,3,15000,2023-11-14,67,6,3,6,3
477,7,70,68,2023-06-25,6,6,4,15000,2023-04-03,83,1,5,7,1
135,3,28,21,2025-09-26,4,4,1,10013,2025-04-06,173,10,4,5,2
120,6,55,59,2023-09-08,6,6,2,12074,2023-08-06,33,7,3,5,2
490,3,24,29,2024-09-05,10,10,3,15000,2024-08-26,10,2,4,4,2
438,1,9,4,2023-12-20,6,6,3,13771,2023-11-01,49,9,4,3,2
99,2,14,20,2023-03-10,9,9,1,15000,2022-10-05,156,5,4,5,3
490,2,13,18,2023-10-03,7,7,4,1456,2023-08-11,53,2,4,2,1
98,6,55,52,2024-08-11,10,10,4,15000,2024-05-15,88,2,3,7,2
46,8,71,77,2023-03-02,4,4,2,15000,2023-01-31,30,4,3,4,1
162,7,62,69,2025-12-27,7,7,3,6376,2025-11-26,31,5,3,6,2
61,3,28,21,2024-09-26,2,2,4,2561,2024-09-03,23,7,4,4,1
270,9,82,87,2023-09-17,1,1,1,10037,2023-06-27,82,7,1,7,1
444,10,91,92,2025-12-21,1,1,2,15000,2025-12-20,1,1,2,7,2
52,5,45,44,2025-07-29,7,7,2,11931,2025-02-27,152,6,1,2,2
210,9,85,90,2023-05-15,8,8,4,15000,2023-05-03,12,10,3,1,2
173,6,55,58,2023-01-22,7,7,1,6084,2022-11-13,70,9,2,7,2
294,1,7,2,2024-01-23,4,4,2,15000,2023-12-22,32,4,2,2,3
282,9,89,85,2025-09-14,5,5,2,15000,2025-08-15,30,2,5,7,1
207,5,44,50,2023-10-28,10,10,2,15000,2023-10-26,2,9,2,6,3
360,5,41,43,2025-07-20,5,5,2,15000,2025-02-15,155,10,1,7,1
497,10,92,93,2023-02-26,5,5,2,15000,2022-11-27,91,4,5,7,2
263,1,6,7,2023-10-13,8,8,4,12587,2023-06-29,106,4,5,5,1
423,6,54,59,2024-11-18,6,6,3,15000,2024-05-22,180,5,3,1,2
63,10,99,93,2025-12-12,2,2,1,11260,2025-08-30,104,4,1,5,2
427,3,23,28,2024-07-16,5,5,3,1400,2024-03-03,135,3,3,2,3
469,8,72,78,2025-07-02,10,10,1,8607,2025-01-20,163,4,2,3,2
491,3,28,23,2025-02-16,7,7,3,15000,2024-11-06,102,10,3,7,1
203,7,66,61,2023-06-03,5,5,3,15000,2022-12-10,175,7,4,6,1
254,10,100,97,2023-04-13,2,2,2,5955,2023-01-14,89,5,5,4,2
41,8,73,71,2024-11-07,1,1,4,15000,2024-08-10,89,5,3,4,1
35,10,91,99,2025-04-16,1,1,4,15000,2024-10-30,168,9,2,3,2
158,6,53,56,2023-12-18,8,8,1,15000,2023-07-24,147,1,4,1,2
48,7,62,69,2024-03-08,1,1,1,13677,2023-12-19,80,6,2,5,3
124,7,61,67,2024-11-17,4,4,2,15000,2024-05-26,175,4,2,7,2
328,5,43,41,2025-12-02,9,9,1,4597,2025-07-15,140,4,1,2,3
201,9,83,86,2025-10-05,1,1,2,8991,2025-07-16,81,8,1,7,1
249,9,90,86,2024-12-13,4,4,1,953,2024-08-22,113,5,2,5,1
469,9,89,87,2023-08-16,2,2,2,15000,2023-07-18,29,4,2,3,2
183,4,37,31,2024-01-30,9,9,2,15000,2023-09-14,138,5,5,2,1
157,8,80,72,2023-09-20,7,7,1,12495,2023-07-29,53,1,4,3,1
185,8,74,73,2024-08-13,8,8,1,460,2024-03-30,136,1,5,2,1
207,5,49,50,2024-09-14,9,9,2,8891,2024-04-30,137,3,1,6,2
129,8,71,73,2023-09-09,8,8,4,15000,2023-04-04,158,3,2,6,2
263,9,89,85,2025-03-06,3,3,2,2692,2025-01-07,58,10,5,4,2
459,7,66,68,2023-02-06,2,2,2,10673,2023-01-19,18,9,2,1,1
450,8,71,76,2024-01-06,7,7,1,1964,2023-12-04,33,7,3,6,3
383,2,19,17,2025-12-15,2,2,3,15000,2025-09-05,101,9,1,1,3
38,7,61,63,2023-02-06,9,9,3,3944,2022-12-07,61,8,1,1,2
79,7,61,70,2024-05-30,9,9,1,436,2024-04-02,58,7,4,4,1
486,1,5,3,2024-02-23,2,2,1,2679,2024-01-05,49,6,5,5,1
298,4,39,40,2023-11-22,2,2,4,11868,2023-06-03,172,3,3,3,1
481,5,50,47,2024-08-23,3,3,4,15000,2024-06-16,68,6,4,5,1
185,7,62,68,2025-06-27,8,8,1,9188,2025-06-02,25,7,1,5,3
449,1,1,8,2024-01-12,8,8,1,10070,2023-07-27,169,10,5,5,2
298,5,44,46,2023-01-28,5,5,3,15000,2022-12-05,54,7,3,6,1
418,9,82,81,2023-07-23,1,1,2,15000,2023-05-12,72,5,3,7,3
189,6,56,52,2025-03-31,9,9,3,15000,2025-02-03,56,8,2,1,2
389,6,52,54,2024-08-17,10,10,4,15000,2024-04-01,138,3,2,6,1
196,1,7,4,2025-10-31,4,4,2,15000,2025-10-04,27,2,5,5,1
450,7,65,70,2025-03-11,2,2,4,15000,2024-12-06,95,9,2,2,2
283,6,58,52,2024-07-08,4,4,4,15000,2024-05-27,42,1,4,1,1
369,7,66,62,2025-03-06,4,4,3,15000,2024-10-04,153,8,4,4,2
84,9,83,87,2023-02-08,6,6,1,3705,2022-10-17,114,8,3,3,2
347,4,39,34,2025-10-21,1,1,2,15000,2025-06-09,134,8,2,2,2
368,5,49,50,2025-05-13,7,7,1,7502,2025-04-29,14,6,1,2,3
177,2,20,19,2023-09-06,1,1,4,10327,2023-04-26,133,5,4,3,1
53,9,88,83,2023-06-13,3,3,2,15000,2023-04-03,71,2,5,2,2
252,6,60,55,2024-08-30,2,2,2,15000,2024-08-08,22,9,4,5,2
266,4,40,36,2025-11-04,5,5,3,5590,2025-06-10,147,8,2,2,1
362,1,5,1,2024-03-02,6,6,4,15000,2023-10-28,126,2,5,6,2
313,7,65,66,2024-10-24,3,3,4,8921,2024-07-29,87,8,2,4,1
118,10,91,93,2023-08-16,7,7,4,5538,2023-05-28,80,10,3,3,1
249,1,7,4,2025-01-25,3,3,4,15000,2024-10-25,92,10,2,6,1
37,7,66,67,2023-05-07,3,3,1,12680,2023-04-08,29,4,3,7,1
148,6,53,57,2023-01-08,10,10,3,2273,2022-10-06,94,2,5,7,2
331,6,54,51,2024-01-31,8,8,2,15000,2023-11-04,88,1,1,3,3
420,7,70,62,2024-11-24,2,2,4,15000,2024-08-16,100,7,4,7,1
391,3,22,28,2023-08-24,7,7,2,15000,2023-08-01,23,6,5,4,1
371,1,3,1,2025-04-24,5,5,1,9837,2024-10-30,176,1,2,4,3
433,9,81,87,2025-01-02,1,1,2,13603,2024-08-08,147,5,5,4,2
422,1,5,3,2025-06-28,6,6,3,1923,2025-03-16,104,10,4,6,1
474,8,76,75,2024-08-14,3,3,4,15000,2024-07-06,39,6,3,3,1
35,10,96,94,2023-12-10,3,3,3,15000,2023-11-14,26,6,2,7,1
343,9,85,83,2024-02-17,8,8,1,9543,2024-01-29,19,8,3,6,3
363,7,64,70,2023-04-12,2,2,3,15000,2023-01-17,85,8,2,3,2
471,8,76,72,2025-04-19,5,5,1,15000,2025-02-28,50,7,1,6,2
347,6,53,60,2023-07-24,7,7,3,15000,2023-02-03,171,8,5,1,2
385,3,27,25,2023-07-08,8,8,3,15000,2023-01-16,173,10,1,6,2
393,10,96,94,2024-01-10,7,7,2,13746,2023-12-18,23,2,1,3,2
423,5,41,49,2025-09-07,10,10,3,15000,2025-08-05,33,5,4,7,1
377,10,95,92,2023-05-27,1,1,2,15000,2023-01-09,138,8,3,6,1
309,7,67,62,2025-01-19,9,9,2,3768,2024-11-23,57,3,5,7,2
176,10,97,98,2023-11-07,2,2,3,15000,2023-09-10,58,2,2,2,3
234,2,18,19,2024-06-19,10,10,3,15000,2024-02-25,115,9,4,3,2
479,9,87,82,2024-07-15,10,10,3,15000,2024-06-16,29,2,3,1,3
166,7,65,63,2025-11-25,6,6,1,4660,2025-07-19,129,8,3,2,2
170,8,73,78,2025-02-13,3,3,1,10088,2024-11-23,82,7,4,4,2
154,10,97,93,2023-01-21,10,10,4,15000,2022-12-23,29,10,2,6,1
167,9,90,82,2024-09-07,3,3,4,15000,2024-04-15,145,1,5,6,1
448,3,28,24,2024-10-30,5,5,1,15000,2024-08-22,69,3,4,3,2
451,6,55,52,2025-05-02,9,9,2,3871,2025-03-12,51,2,3,5,2
186,3,30,23,2023-12-16,4,4,4,15000,2023-10-07,70,3,1,6,1
174,5,50,43,2025-09-17,8,8,3,15000,2025-03-27,174,10,4,3,2
46,10,93,91,2024-03-20,1,1,4,15000,2024-02-10,39,10,1,3,3
404,6,54,53,2023-03-28,2,2,1,5105,2023-03-26,2,8,3,2,3
271,7,68,62,2024-05-03,2,2,1,2213,2024-03-26,38,2,3,5,2
66,10,98,93,2025-05-26,4,4,3,15000,2024-12-07,170,7,4,1,3
379,3,28,21,2024-02-02,4,4,2,12020,2024-01-28,5,2,2,5,3
437,6,60,52,2024-08-12,8,8,1,13753,2024-07-22,21,2,1,1,3
170,10,91,100,2025-11-09,2,2,2,15000,2025-08-02,99,10,5,7,2
249,8,73,79,2024-02-18,8,8,2,10749,2024-01-15,34,10,5,7,1
286,3,22,28,2024-06-06,7,7,4,15000,2024-02-24,103,5,5,4,2
356,10,98,96,2025-11-19,3,3,2,15000,2025-07-22,120,2,5,3,3
451,9,90,87,2025-05-16,7,7,3,15000,2024-12-19,148,1,2,5,1
475,6,57,59,2025-06-21,2,2,4,15000,2025-01-11,161,2,2,6,2
430,3,24,29,2023-05-03,4,4,2,15000,2023-05-02,1,6,4,3,2
489,9,88,89,2023-03-07,2,2,2,1373,2022-12-05,92,6,1,2,2
167,9,89,85,2024-06-03,4,4,1,13557,2024-02-05,119,1,2,1,1
253,7,68,65,2024-07-28,8,8,1,5750,2024-03-13,137,7,1,7,1
117,3,23,22,2023-06-10,6,6,1,8842,2023-05-22,19,5,3,6,1
146,3,23,29,2024-02-16,7,7,4,15000,2023-11-28,80,4,1,5,1
159,1,6,10,2023-12-23,5,5,3,15000,2023-07-04,172,9,5,6,1
486,7,67,65,2023-01-04,1,1,4,15000,2022-11-24,41,6,3,3,1
310,8,76,72,2024-01-11,6,6,3,15000,2023-09-17,116,4,1,4,2
473,7,68,67,2023-01-31,5,5,4,15000,2022-10-04,119,10,2,2,3
145,7,69,65,2024-10-09,2,2,4,15000,2024-05-07,155,8,4,3,2
303,6,56,58,2025-09-30,5,5,1,8812,2025-05-31,122,4,4,2,1
47,9,85,82,2024-12-06,3,3,1,10205,2024-07-20,139,6,2,5,2
496,10,91,95,2025-05-04,4,4,1,4946,2025-02-01,92,4,5,7,2
367,4,35,33,2025-10-10,5,5,1,6007,2025-10-01,9,2,1,5,1
90,10,98,92,2025-03-28,7,7,3,9467,2024-10-24,155,9,5,5,2
186,2,13,16,2025-12-03,1,1,2,15000,2025-08-05,120,2,4,3,1
110,8,75,79,2023-10-22,9,9,1,15000,2023-10-14,8,7,3,7,3
358,2,19,18,2025-12-27,4,4,4,15000,2025-12-26,1,7,5,6,2
2,4,35,39,2024-03-22,8,8,3,4386,2024-01-31,51,5,3,5,2
80,5,50,49,2025-04-09,4,4,3,15000,2025-01-29,70,9,4,3,2
291,10,100,98,2023-10-23,6,6,1,9209,2023-05-01,175,2,4,1,2
2,5,48,41,2024-06-01,4,4,3,7374,2024-05-02,30,9,1,6,3
44,9,86,89,2023-02-02,6,6,2,1489,2022-11-30,64,7,2,4,2
360,2,12,18,2023-03-01,7,7,3,15000,2022-11-01,120,3,1,3,2
32,2,14,11,2025-04-20,5,5,2,1191,2025-03-30,21,3,5,7,3
168,6,59,57,2023-06-23,10,10,2,1362,2023-01-10,164,6,2,5,1
133,7,61,62,2024-04-20,7,7,2,15000,2023-12-25,117,6,5,6,3
486,2,12,15,2025-01-02,9,9,2,15000,2024-09-14,110,6,2,4,1
389,10,93,97,2025-03-04,6,6,1,14381,2025-01-01,62,3,1,2,1
89,5,50,44,2024-10-26,9,9,1,15000,2024-08-02,85,6,5,6,2
278,3,30,21,2023-08-06,10,10,4,15000,2023-06-19,48,7,2,7,1
449,2,11,14,2025-11-25,4,4,3,2668,2025-08-27,90,2,5,2,2
476,1,8,9,2024-04-27,1,1,1,8479,2023-12-14,135,10,5,6,2
129,8,74,77,2023-01-04,7,7,2,15000,2022-08-30,127,3,5,3,2
189,1,5,1,2024-11-21,6,6,3,12110,2024-05-28,177,4,5,4,3
16,7,65,67,2024-10-14,2,2,3,5871,2024-08-13,62,4,2,1,1
483,8,73,74,2024-06-12,4,4,3,13397,2024-04-22,51,5,2,3,1
334,5,46,48,2025-11-08,10,10,4,15000,2025-06-03,158,1,2,6,3
147,3,23,21,2023-02-24,9,9,2,4161,2022-10-10,137,4,2,5,3
279,5,44,48,2023-10-27,2,2,4,15000,2023-09-19,38,1,5,5,1
221,2,14,19,2025-02-13,7,7,1,13137,2024-10-12,124,10,4,4,2
462,8,80,76,2025-09-23,2,2,4,15000,2025-08-05,49,6,2,2,2
388,4,38,36,2023-11-04,4,4,3,15000,2023-08-20,76,6,4,6,1
459,8,73,74,2024-06-23,4,4,4,15000,2024-03-06,109,2,2,7,2
417,2,13,20,2023-06-23,8,8,1,15000,2023-05-25,29,10,5,5,3
262,10,98,94,2025-06-18,1,1,3,12431,2025-01-10,159,3,3,3,1
445,4,39,34,2025-03-02,3,3,4,15000,2025-01-05,56,2,1,7,2
320,1,1,2,2025-04-22,1,1,2,15000,2024-11-06,167,5,3,2,2
407,10,93,96,2023-01-06,10,10,3,15000,2022-12-28,9,3,2,5,1
27,7,61,63,2024-04-13,8,8,2,14245,2023-12-14,121,7,2,6,2
90,6,57,52,2024-05-15,8,8,2,15000,2024-01-02,134,9,2,3,2
370,9,86,82,2025-09-19,8,8,3,15000,2025-07-20,61,2,1,5,1
116,3,24,21,2025-10-14,7,7,3,15000,2025-06-15,121,6,3,2,2
414,7,70,67,2024-08-19,8,8,3,3020,2024-06-08,72,5,4,1,3
117,5,44,46,2025-12-17,4,4,3,2006,2025-07-02,168,1,1,3,1
192,4,36,33,2025-03-26,2,2,1,7461,2025-03-15,11,9,5,3,1
401,8,79,76,2023-08-21,8,8,4,15000,2023-02-23,179,3,5,1,1
464,3,27,22,2024-11-18,6,6,4,15000,2024-07-13,128,7,3,1,3
94,8,75,80,2023-02-08,8,8,3,4750,2022-10-24,107,2,3,3,3
15,1,10,9,2025-09-12,9,9,4,15000,2025-03-19,177,2,1,5,1
63,1,6,3,2023-06-21,7,7,4,15000,2023-04-01,81,4,4,3,2
463,2,12,14,2023-12-29,9,9,2,8953,2023-10-27,63,6,1,5,3
212,1,9,2,2025-03-19,6,6,2,10598,2025-03-13,6,9,1,3,3
133,4,33,40,2024-09-26,7,7,2,15000,2024-06-28,90,10,3,4,3
468,10,100,95,2025-04-05,6,6,3,15000,2025-01-24,71,10,5,6,2
228,6,59,53,2023-05-11,2,2,2,15000,2023-02-26,74,6,5,4,1
321,4,31,35,2023-05-24,4,4,3,4835,2023-03-16,69,8,4,3,2
28,4,32,34,2023-11-13,7,7,1,6465,2023-09-24,50,4,5,1,2
151,2,19,17,2023-05-01,2,2,3,15000,2023-04-02,29,9,3,1,1
239,6,58,56,2024-05-09,3,3,3,2866,2024-01-20,110,4,3,4,1
201,2,11,18,2025-03-30,2,2,4,15000,2024-11-18,132,8,2,7,2
126,7,61,66,2025-07-24,9,9,3,15000,2025-02-20,154,6,4,4,1
79,1,2,5,2023-08-28,3,3,3,15000,2023-05-04,116,4,5,1,3
12,5,50,48,2025-09-18,2,2,4,15000,2025-06-09,101,5,4,4,3
9,4,34,33,2025-03-06,7,7,1,15000,2024-11-19,107,9,4,4,2
75,9,81,87,2023-12-27,2,2,3,15000,2023-10-27,61,3,4,3,1
489,1,4,8,2024-11-30,4,4,1,15000,2024-11-04,26,2,4,6,1
62,3,27,26,2023-02-20,6,6,3,15000,2023-02-12,8,3,1,1,1
306,2,15,19,2023-04-23,9,9,3,15000,2023-01-03,110,10,1,7,1
154,9,87,90,2023-04-01,4,4,4,15000,2022-10-21,162,6,3,6,2
133,6,55,57,2023-05-18,7,7,1,15000,2023-01-03,135,3,5,4,2
477,5,43,50,2024-08-17,10,10,4,15000,2024-04-27,112,2,3,6,2
447,2,12,16,2025-10-24,8,8,2,15000,2025-10-16,8,6,2,5,3
232,7,70,62,2025-08-01,4,4,2,15000,2025-04-09,114,4,2,5,1
38,5,42,48,2025-04-20,4,4,4,15000,2025-01-17,93,10,3,7,1
276,5,47,44,2025-05-03,6,6,1,3770,2025-01-23,100,2,5,6,2
317,2,14,15,2023-08-04,1,1,1,3266,2023-05-06,90,1,1,5,3
214,2,17,20,2023-06-24,4,4,4,15000,2023-01-05,170,9,3,6,3
304,10,93,95,2023-05-18,10,10,2,15000,2023-01-19,119,2,1,4,3
251,10,94,95,2024-11-22,6,6,3,4429,2024-11-08,14,2,1,5,1
2,6,53,56,2023-08-11,9,9,2,2638,2023-05-27,76,3,2,5,1
488,1,2,9,2023-12-04,10,10,1,1361,2023-08-23,103,2,1,1,2
392,9,88,89,2025-11-25,3,3,3,15000,2025-09-08,78,4,5,2,2
401,8,77,76,2023-09-25,7,7,4,15000,2023-08-28,28,6,4,1,2
53,4,39,34,2024-06-02,6,6,3,2964,2023-12-29,156,7,2,7,1
93,7,66,70,2025-06-14,3,3,2,2441,2025-01-23,142,3,4,6,2
6,1,7,3,2025-10-30,1,1,2,14521,2025-09-24,36,8,3,4,2
316,1,4,3,2024-02-02,7,7,2,8013,2023-09-10,145,8,4,5,3
300,9,87,83,2023-04-28,5,5,2,12973,2022-10-30,180,7,2,5,1
465,1,3,4,2025-11-03,6,6,3,15000,2025-10-11,23,6,4,1,1
225,1,10,1,2023-01-09,6,6,1,3610,2023-01-06,3,6,4,1,1
128,8,74,76,2023-06-23,7,7,2,15000,2023-05-22,32,8,1,5,3
242,7,67,64,2024-06-16,7,7,2,7186,2024-06-13,3,6,5,7,1
345,8,78,79,2024-01-08,3,3,2,15000,2023-11-25,44,7,5,1,3
16,8,76,78,2024-07-06,5,5,3,15000,2024-03-23,105,8,4,6,2
275,6,59,51,2025-08-13,3,3,3,15000,2025-02-23,171,8,4,3,3
457,2,14,19,2024-02-02,2,2,4,8750,2023-10-10,115,9,5,5,1
260,1,8,6,2024-12-31,6,6,3,13782,2024-09-12,110,5,2,2,2
494,9,81,84,2023-11-13,1,1,1,15000,2023-11-01,12,5,4,1,2
71,7,65,68,2023-08-13,9,9,3,15000,2023-03-20,146,4,3,7,2
305,1,1,9,2023-04-06,6,6,2,7340,2022-12-04,123,7,1,4,2
158,2,12,13,2023-07-03,4,4,2,15000,2023-03-24,101,1,5,1,1
118,1,5,8,2025-11-02,4,4,1,14431,2025-10-11,22,6,2,7,3
198,2,14,20,2025-12-29,3,3,3,15000,2025-07-29,153,5,4,1,2
18,3,21,24,2025-05-22,1,1,2,13439,2024-11-24,179,3,1,4,3
57,5,41,42,2024-05-10,1,1,1,12185,2024-02-05,95,5,1,5,1
169,10,95,93,2024-12-17,5,5,4,15000,2024-07-21,149,2,3,2,2
362,8,74,80,2025-09-23,5,5,4,6872,2025-04-14,162,9,1,2,1
424,8,78,77,2025-08-29,2,2,4,15000,2025-06-18,72,10,1,5,1
106,3,22,23,2025-08-13,5,5,1,1045,2025-05-10,95,1,3,3,3
372,8,80,73,2023-08-29,2,2,3,1010,2023-03-27,155,8,5,2,2
238,5,43,42,2023-06-19,5,5,1,3141,2023-01-30,140,3,4,1,2
218,3,24,22,2023-09-30,9,9,1,11526,2023-07-24,68,1,5,6,3
399,5,47,50,2025-05-31,8,8,2,15000,2025-05-30,1,7,1,6,2
319,7,69,61,2025-04-06,8,8,3,15000,2024-11-27,130,7,3,7,2
483,2,15,17,2025-01-06,8,8,4,15000,2024-08-01,158,1,1,1,2
164,9,84,86,2025-11-20,6,6,3,15000,2025-09-25,56,1,2,4,3
141,8,75,76,2025-10-03,3,3,1,15000,2025-05-27,129,3,1,5,2
496,7,64,70,2024-04-06,9,9,1,949,2024-01-31,66,5,5,6,1
393,9,89,82,2023-06-05,9,9,3,15000,2023-03-10,87,2,2,1,2
96,9,88,86,2025-08-04,5,5,2,15000,2025-05-06,90,8,5,1,2
420,8,74,76,2025-12-21,7,7,2,15000,2025-07-17,157,10,1,7,3
333,8,76,80,2025-10-28,10,10,1,12078,2025-10-20,8,10,3,2,2
447,8,77,72,2024-02-09,1,1,1,5373,2023-10-23,109,7,1,5,2
128,9,85,86,2023-01-18,6,6,2,14587,2022-08-23,148,7,2,3,1
157,8,77,72,2025-04-15,8,8,4,15000,2024-12-13,123,6,1,2,3
298,4,38,40,2023-03-18,10,10,1,4642,2023-02-17,29,8,5,6,2
475,6,54,53,2024-03-29,6,6,4,15000,2023-12-17,103,10,2,5,2
399,1,3,10,2023-07-22,5,5,2,12217,2023-02-03,169,7,3,6,1
140,4,39,36,2025-02-19,5,5,3,15000,2024-10-19,123,5,4,3,3
385,10,98,96,2024-01-07,8,8,1,10859,2023-07-28,163,8,4,7,2
196,7,67,66,2023-02-03,4,4,2,15000,2022-11-18,77,1,4,5,2
67,3,24,27,2023-07-16,1,1,1,15000,2023-06-17,29,5,1,7,3
465,9,89,83,2024-11-25,9,9,2,3811,2024-07-28,120,5,2,1,2
493,7,66,65,2023-03-31,8,8,1,13577,2022-10-20,162,10,1,5,1
496,1,2,8,2023-06-12,7,7,4,3139,2023-02-17,115,10,5,1,3
470,6,55,54,2024-12-27,10,10,3,15000,2024-10-28,60,7,4,5,3
430,5,45,49,2024-11-10,4,4,2,10014,2024-08-11,91,1,4,7,3
78,9,83,82,2023-10-13,4,4,2,15000,2023-06-05,130,9,2,5,2
443,3,30,25,2025-11-03,1,1,2,15000,2025-07-01,125,1,4,1,1
230,10,93,99,2024-09-05,10,10,1,5444,2024-06-18,79,4,1,4,1
255,5,44,43,2023-11-28,9,9,4,15000,2023-08-02,118,9,5,2,1
406,1,10,3,2024-11-25,10,10,1,1503,2024-06-19,159,10,1,1,2
490,7,67,65,2023-12-29,3,3,1,2445,2023-11-15,44,8,1,5,2
312,6,59,53,2024-05-23,6,6,1,1261,2024-01-17,127,9,5,4,2
205,9,86,83,2023-09-25,6,6,2,4062,2023-06-23,94,4,1,1,2
171,10,94,100,2025-04-13,6,6,1,5073,2024-11-24,140,5,4,7,2
156,9,81,84,2023-10-11,4,4,2,15000,2023-04-19,175,6,1,3,2
57,3,21,22,2023-01-14,6,6,1,9458,2022-09-24,112,4,1,6,1
174,6,56,59,2025-12-25,1,1,3,15000,2025-12-24,1,3,3,4,1
312,5,49,42,2025-12-17,2,2,2,12374,2025-08-30,109,8,5,3,2
491,2,15,19,2024-12-11,5,5,1,15000,2024-12-04,7,1,1,3,2
287,3,25,23,2023-03-26,9,9,1,7134,2022-12-27,89,2,2,7,2
149,1,8,9,2023-08-16,2,2,1,1366,2023-05-11,97,10,5,3,3
463,2,13,11,2024-05-02,7,7,1,13107,2024-02-19,73,4,2,4,1
396,1,2,9,2025-07-08,10,10,2,15000,2025-05-17,52,1,1,2,2
356,4,31,40,2023-11-29,1,1,4,15000,2023-09-26,64,7,4,3,3
72,8,80,71,2025-06-27,3,3,3,15000,2025-03-18,101,8,5,5,3
270,10,97,93,2023-02-06,3,3,1,1379,2022-08-13,177,4,2,1,2
221,4,40,35,2024-04-11,6,6,2,15000,2023-12-27,106,2,2,4,2
480,2,20,14,2025-03-07,7,7,1,9268,2025-01-26,40,8,3,5,2
349,5,41,45,2025-09-17,5,5,3,14794,2025-04-14,156,3,1,3,1
110,2,14,11,2023-09-26,8,8,3,8506,2023-05-25,124,10,3,2,2
484,7,69,65,2024-04-27,3,3,4,15000,2024-04-06,21,9,5,6,3
402,4,40,39,2025-12-10,10,10,4,15000,2025-12-05,5,10,2,3,1
478,6,55,58,2023-01-07,6,6,2,1785,2022-08-03,157,10,5,6,1
126,10,100,92,2025-02-08,6,6,1,15000,2024-12-08,62,8,1,6,3
101,9,82,84,2024-05-16,2,2,2,15000,2024-02-04,102,9,4,4,1
48,2,14,18,2024-03-22,7,7,3,15000,2023-11-13,130,6,1,5,1
165,5,43,41,2024-01-27,5,5,3,15000,2023-09-24,125,5,5,6,2
13,10,96,100,2024-05-31,6,6,1,6161,2024-03-30,62,7,3,5,2
331,6,55,57,2025-04-01,2,2,1,7943,2024-12-14,108,9,5,2,2
293,7,69,67,2024-06-10,8,8,1,3468,2024-05-15,26,6,4,1,1
35,1,4,7,2023-08-03,9,9,1,6780,2023-04-29,96,10,4,4,1
213,6,57,51,2024-01-18,5,5,1,12693,2023-09-07,133,2,3,4,1
388,1,5,1,2024-07-24,4,4,3,15000,2024-04-12,103,5,1,3,2
250,8,75,78,2025-06-24,3,3,4,15000,2025-01-25,150,3,4,2,1
403,9,81,83,2023-07-19,6,6,3,15000,2023-02-17,152,5,2,3,1
158,7,69,65,2023-12-16,3,3,1,4710,2023-11-07,39,8,3,6,1
350,4,35,40,2025-04-10,1,1,4,15000,2025-02-20,49,1,5,4,1
121,10,95,94,2023-02-28,10,10,3,15000,2022-10-31,120,3,1,2,2
95,10,97,96,2023-12-09,3,3,3,15000,2023-09-07,93,2,3,6,2
37,10,92,98,2024-02-26,4,4,4,15000,2023-09-04,175,2,2,1,3
396,3,28,24,2025-05-17,7,7,2,15000,2025-02-19,87,10,1,6,2
259,8,80,77,2023-02-13,8,8,4,15000,2022-12-06,69,6,1,1,1
50,7,69,68,2025-07-22,3,3,2,4663,2025-04-19,94,9,3,2,3
177,5,48,45,2025-09-22,10,10,4,15000,2025-06-23,91,8,1,1,1
178,7,63,70,2025-12-10,10,10,4,15000,2025-09-10,91,3,3,3,2
436,9,83,88,2024-03-25,9,9,1,15000,2024-03-04,21,8,2,1,2
422,7,68,61,2024-06-23,6,6,3,1166,2024-04-28,56,1,4,7,1
337,2,20,11,2023-08-24,4,4,1,3119,2023-05-25,91,8,1,4,2
121,4,37,36,2024-09-18,6,6,3,15000,2024-07-28,52,2,4,3,2
343,10,91,93,2025-03-13,2,2,1,9219,2024-12-02,101,9,5,4,1
255,10,93,99,2023-06-24,1,1,3,15000,2023-01-29,146,4,2,6,1
23,7,67,61,2023-11-24,6,6,2,15000,2023-08-08,108,1,1,5,2
221,7,64,67,2025-06-27,7,7,1,14145,2025-02-12,135,3,3,5,1
39,10,98,99,2024-06-23,8,8,3,15000,2024-01-18,157,5,3,7,1
415,9,90,89,2023-12-31,8,8,1,1030,2023-07-09,175,6,1,7,2
6,5,46,49,2025-06-20,4,4,2,1602,2025-03-14,98,2,5,5,2
142,4,36,37,2024-01-25,1,1,1,14239,2023-12-01,55,1,2,4,2
353,3,22,23,2023-12-10,10,10,4,15000,2023-09-02,99,7,1,7,1
51,7,66,68,2023-03-17,4,4,2,14269,2023-01-09,67,5,4,5,1
170,8,72,76,2025-04-04,2,2,1,13041,2025-02-04,59,9,1,5,2
363,4,36,39,2025-05-18,8,8,3,15000,2025-04-04,44,2,1,7,2
277,6,58,53,2024-06-16,1,1,1,15000,2024-04-09,68,5,5,7,3
25,6,60,57,2024-03-28,2,2,1,11543,2023-09-30,180,8,1,4,1
236,1,2,10,2025-05-14,2,2,3,15000,2024-12-21,144,9,2,3,2
451,8,79,71,2025-08-28,1,1,1,1215,2025-05-26,94,1,4,4,1
106,4,40,33,2025-08-03,4,4,1,4488,2025-03-08,148,6,4,7,1
417,2,20,13,2023-08-24,4,4,3,15000,2023-05-23,93,2,3,4,3
8,2,16,15,2023-12-27,3,3,1,10329,2023-10-04,84,1,2,3,1
470,7,63,61,2025-10-09,5,5,4,15000,2025-07-01,100,10,4,4,1
463,3,27,29,2025-11-29,9,9,4,15000,2025-07-24,128,3,5,6,2
156,10,99,92,2025-03-08,4,4,3,15000,2024-10-20,139,2,1,6,2
449,5,41,43,2024-06-13,9,9,2,12295,2024-06-05,8,2,5,4,2
209,8,77,72,2024-09-23,6,6,3,15000,2024-05-17,129,1,3,1,3
406,2,17,20,2025-08-20,6,6,2,15000,2025-02-21,180,5,2,3,2
94,4,33,32,2023-01-27,9,9,1,8010,2022-11-19,69,7,3,5,1
499,3,30,24,2024-01-06,7,7,1,6350,2023-12-03,34,1,2,6,2
153,8,78,73,2024-03-26,6,6,3,15000,2024-02-04,51,2,4,2,1
190,6,60,54,2024-07-12,6,6,1,15000,2024-05-01,72,5,2,5,3
180,8,71,77,2023-11-01,2,2,4,6993,2023-05-31,154,3,2,3,2
60,10,92,93,2024-05-13,8,8,2,11852,2023-11-17,178,4,4,1,1
184,5,48,46,2023-07-10,9,9,3,15000,2023-02-05,155,1,5,1,2
151,6,59,54,2023-05-10,9,9,3,15000,2022-12-14,147,10,2,3,1
3,7,63,70,2025-07-08,2,2,1,1858,2025-06-19,19,4,3,2,1
42,3,24,25,2025-07-26,1,1,4,11520,2025-04-09,108,6,3,6,1
410,5,43,45,2024-10-12,2,2,1,6625,2024-04-17,178,2,3,6,1
129,7,63,67,2025-04-13,10,10,1,6178,2025-02-26,46,8,2,7,1
265,1,10,4,2024-04-14,3,3,1,5814,2024-01-06,99,9,5,7,1
208,10,96,93,2025-02-05,4,4,1,6348,2024-08-11,178,5,5,3,2
69,2,17,13,2024-11-26,10,10,4,15000,2024-09-12,75,1,5,2,3
349,3,26,29,2024-10-11,4,4,4,15000,2024-08-16,56,2,4,5,3
301,5,47,41,2024-05-03,7,7,2,12760,2024-05-02,1,4,4,5,1
178,3,27,22,2023-03-01,9,9,4,15000,2023-02-09,20,4,2,3,1
147,2,19,17,2025-06-10,6,6,1,11190,2025-04-21,50,6,2,2,1
153,9,87,84,2025-06-19,10,10,3,855,2025-01-29,141,8,2,4,1
311,9,88,83,2025-06-05,4,4,1,13031,2025-04-10,56,9,5,4,3
159,1,2,1,2025-03-20,10,10,1,3624,2024-12-14,96,8,1,4,1
338,6,53,55,2023-08-23,5,5,1,15000,2023-08-14,9,7,4,3,3
289,10,96,98,2024-09-15,7,7,3,15000,2024-06-14,93,8,5,7,1
171,10,95,96,2025-06-22,3,3,2,1155,2025-06-18,4,7,1,7,2
287,4,31,39,2025-09-03,4,4,2,15000,2025-06-28,67,7,4,3,1
51,4,31,32,2023-05-08,5,5,4,15000,2022-12-25,134,7,4,1,1
109,8,77,74,2024-12-09,3,3,3,15000,2024-10-26,44,2,3,1,2
380,9,86,83,2024-11-03,4,4,4,11511,2024-06-05,151,2,4,7,2
295,1,10,2,2025-11-02,9,9,1,6898,2025-08-03,91,4,4,7,2
319,7,61,63,2025-08-11,2,2,1,10163,2025-02-26,166,5,1,1,3
396,9,83,90,2025-09-08,2,2,3,15000,2025-03-14,178,6,4,1,1
290,6,52,60,2025-12-18,9,9,3,7338,2025-08-13,127,8,5,4,1
35,1,9,2,2023-11-03,6,6,2,15000,2023-09-12,52,6,3,5,2
494,10,93,95,2024-09-07,9,9,3,15000,2024-05-04,126,2,2,6,2
138,5,45,42,2025-03-09,8,8,1,4222,2024-11-04,125,4,4,7,1
136,5,49,47,2025-06-02,10,10,4,15000,2025-05-20,13,5,5,1,3
87,3,25,22,2023-05-12,5,5,1,5031,2023-01-10,122,5,1,5,2
227,9,87,85,2023-05-08,4,4,2,15000,2023-01-27,101,1,1,1,3
277,7,64,62,2023-08-06,5,5,3,15000,2023-04-11,117,2,1,7,1
311,7,66,61,2024-03-07,6,6,4,15000,2023-09-24,165,2,2,4,2
217,7,64,70,2025-07-11,4,4,2,1398,2025-02-23,138,8,2,5,1
156,10,100,91,2025-02-22,2,2,4,15000,2024-11-09,105,7,5,6,2
333,3,28,21,2023-04-14,4,4,4,15000,2022-11-05,160,6,3,5,1
239,10,93,96,2024-10-20,9,9,3,15000,2024-04-30,173,4,3,7,1
170,2,20,14,2024-12-15,10,10,1,13504,2024-08-26,111,10,3,7,2
465,1,6,7,2025-02-28,2,2,4,15000,2024-12-21,69,3,1,5,1
22,4,33,32,2025-10-14,7,7,3,14897,2025-10-02,12,10,2,2,1
375,5,46,45,2024-06-19,3,3,2,732,2024-03-15,96,6,1,3,2
404,2,16,12,2025-07-25,2,2,3,15000,2025-02-19,156,9,2,5,1
494,7,70,64,2025-05-21,5,5,1,11953,2025-02-26,84,4,3,3,2
29,7,68,67,2023-09-21,3,3,3,15000,2023-06-11,102,4,4,4,3
87,2,17,13,2023-01-05,7,7,1,10975,2022-11-06,60,10,2,4,2
153,5,42,47,2023-11-08,7,7,3,15000,2023-06-04,157,1,5,3,2
141,5,49,46,2024-07-08,5,5,3,14842,2024-06-26,12,6,3,1,1
192,5,46,42,2024-08-08,5,5,4,15000,2024-07-19,20,8,3,4,1
50,6,58,51,2025-08-27,4,4,4,15000,2025-04-16,133,3,2,3,1
412,6,60,52,2024-05-09,10,10,3,15000,2024-01-25,105,6,1,4,1
170,3,26,21,2024-07-25,5,5,3,15000,2024-02-08,168,1,4,4,1
473,1,5,2,2024-11-23,6,6,2,15000,2024-07-08,138,7,5,6,2
327,5,44,43,2025-12-27,9,9,2,11497,2025-10-22,66,8,5,6,2
166,6,54,55,2024-08-14,4,4,4,15000,2024-05-20,86,3,5,3,1
154,1,8,5,2024-01-25,10,10,4,15000,2023-08-29,149,2,5,4,1
118,5,47,49,2024-12-13,1,1,3,15000,2024-12-03,10,1,5,5,3
33,3,21,22,2023-11-06,5,5,3,15000,2023-07-14,115,4,5,1,2
306,5,47,50,2023-06-01,7,7,3,3151,2023-03-18,75,1,2,4,2
270,9,87,90,2023-05-20,3,3,4,12365,2022-12-31,140,7,4,6,3
84,1,1,3,2025-04-22,10,10,4,15000,2025-01-17,95,5,3,2,2
406,7,68,61,2025-09-24,10,10,1,354,2025-06-27,89,4,3,3,1
19,5,46,44,2023-08-02,9,9,1,6942,2023-03-29,126,4,5,3,1
440,4,38,37,2025-04-20,3,3,4,15000,2024-10-22,180,8,3,7,1
492,1,6,8,2025-03-04,3,3,3,11259,2024-10-12,143,8,5,2,1
260,3,26,25,2023-03-08,4,4,1,13961,2023-01-27,40,4,2,3,2
346,9,83,87,2025-09-01,6,6,4,15000,2025-04-08,146,7,3,1,1
41,4,40,38,2025-06-27,4,4,4,7356,2024-12-31,178,6,2,5,1
144,3,24,21,2025-04-03,7,7,4,15000,2024-11-11,143,2,4,4,2
115,4,39,38,2024-12-27,6,6,1,8680,2024-11-26,31,9,5,5,3
405,10,99,100,2023-04-09,9,9,4,15000,2022-11-22,138,2,1,7,2
58,8,73,78,2024-09-19,4,4,2,15000,2024-09-11,8,3,4,4,2
428,5,48,49,2023-11-09,10,10,2,15000,2023-05-24,169,2,5,4,1
56,6,55,57,2024-11-09,7,7,3,5698,2024-10-05,35,10,4,6,2
306,1,6,9,2023-11-03,6,6,2,11963,2023-10-26,8,10,2,5,1
322,1,2,9,2024-04-12,7,7,4,10986,2024-02-21,51,6,3,5,1
362,6,60,56,2024-05-21,10,10,1,7448,2024-05-11,10,1,4,2,1
157,2,11,20,2025-06-22,3,3,4,15000,2025-05-31,22,10,5,7,1
230,7,67,65,2023-02-19,8,8,3,15000,2022-10-23,119,1,3,7,1
66,8,72,77,2023-08-10,3,3,1,14520,2023-05-18,84,2,5,4,2
307,4,40,37,2025-11-08,2,2,4,15000,2025-11-05,3,7,4,6,3
233,7,65,63,2024-01-06,10,10,2,6314,2023-10-02,96,8,2,6,3
82,10,92,95,2023-06-19,8,8,4,15000,2023-03-03,108,3,4,1,1
16,4,34,31,2024-10-15,5,5,4,15000,2024-07-12,95,9,3,2,2
42,8,78,74,2025-12-06,2,2,3,15000,2025-07-31,128,2,5,6,3
64,2,13,20,2024-01-19,8,8,4,5687,2023-10-04,107,7,4,5,1
303,4,37,40,2023-11-27,2,2,1,7045,2023-06-12,168,1,1,1,3
305,1,5,8,2024-06-16,2,2,3,15000,2024-01-20,148,4,4,7,2
186,9,88,84,2024-05-10,1,1,3,15000,2024-01-10,121,1,2,5,3
494,4,36,38,2023-12-15,2,2,2,15000,2023-09-14,92,3,3,5,1
483,8,80,78,2023-02-24,7,7,1,14976,2022-12-03,83,7,4,5,2
306,10,94,97,2024-02-24,7,7,2,15000,2023-12-15,71,5,4,6,1
398,5,44,49,2025-07-17,5,5,3,15000,2025-02-19,148,2,4,4,1
54,4,37,35,2024-07-09,2,2,3,15000,2024-04-24,76,1,3,2,3
20,6,57,58,2024-09-07,8,8,2,14012,2024-08-07,31,4,3,6,2
237,8,72,76,2024-08-24,10,10,3,15000,2024-08-01,23,6,5,6,3
299,6,53,54,2023-06-21,10,10,4,15000,2023-03-30,83,10,4,3,2
477,10,100,92,2023-07-05,7,7,4,15000,2023-01-27,159,8,2,3,3
45,7,68,66,2024-05-19,4,4,1,15000,2024-05-11,8,1,5,7,3
140,7,67,70,2025-06-26,3,3,2,15000,2025-03-06,112,3,3,4,2
191,7,63,61,2025-05-01,6,6,2,10913,2024-12-28,124,5,4,4,1
22,9,81,88,2023-02-17,6,6,3,5332,2022-12-01,78,8,1,5,1
59,2,13,18,2023-03-16,10,10,3,15000,2022-12-11,95,6,2,4,3
214,1,8,3,2023-04-13,3,3,1,4468,2022-10-29,166,5,4,4,3
135,1,10,6,2023-10-11,2,2,4,15000,2023-06-01,132,1,4,3,1
171,5,42,44,2025-12-15,7,7,2,15000,2025-10-02,74,3,3,1,2
341,2,11,19,2023-08-19,5,5,4,15000,2023-06-01,79,9,2,6,2
290,2,17,12,2024-09-27,2,2,3,15000,2024-05-31,119,1,2,5,1
495,6,51,58,2025-05-09,5,5,1,14274,2025-01-25,104,1,1,5,1
145,4,37,34,2024-05-13,8,8,1,1690,2024-01-27,107,3,2,1,2
259,9,83,86,2023-10-17,5,5,1,6728,2023-06-20,119,6,4,2,2
497,10,92,98,2023-12-14,5,5,2,12134,2023-06-21,176,8,2,4,1
288,3,24,30,2023-07-14,7,7,3,7175,2023-03-10,126,6,3,5,1
173,6,59,51,2023-08-08,9,9,4,15000,2023-08-03,5,3,2,2,3
387,9,89,84,2023-02-14,10,10,4,15000,2022-09-07,160,6,4,2,1
359,3,27,25,2023-08-26,10,10,4,15000,2023-07-07,50,6,1,6,2
130,4,38,35,2023-11-28,1,1,1,6924,2023-07-12,139,6,5,2,2
279,10,96,93,2025-10-28,6,6,1,13313,2025-07-26,94,9,4,2,1
23,2,14,20,2024-06-21,7,7,2,15000,2024-04-08,74,2,5,5,1
236,8,72,79,2023-08-07,10,10,1,3215,2023-02-19,169,8,1,1,1
209,8,77,78,2025-06-09,6,6,2,15000,2025-01-28,132,4,3,1,1
225,7,61,62,2025-04-17,1,1,1,4280,2025-04-13,4,7,4,4,3
440,10,96,92,2023-07-27,2,2,2,15000,2023-05-27,61,1,2,4,2
167,5,48,44,2024-05-13,7,7,3,15000,2024-02-16,87,10,5,1,3
207,10,93,99,2024-11-22,8,8,4,15000,2024-11-06,16,8,4,5,1
426,4,40,31,2024-07-20,9,9,4,15000,2024-04-10,101,8,2,6,1
321,5,50,45,2024-06-13,10,10,1,15000,2024-04-08,66,9,3,4,3
89,8,71,74,2025-05-31,5,5,2,15000,2025-03-06,86,5,2,6,3
458,6,57,58,2025-07-30,2,2,2,15000,2025-07-27,3,10,3,3,2
262,3,30,24,2023-10-04,10,10,2,15000,2023-05-29,128,5,3,3,3
99,6,56,57,2023-03-22,8,8,1,613,2022-10-07,166,2,1,3,1
114,5,44,43,2023-05-01,9,9,4,15000,2022-12-31,121,4,1,1,1
267,7,66,61,2024-02-03,3,3,3,12150,2024-01-28,6,3,2,6,2
334,1,10,9,2025-03-26,3,3,4,15000,2024-12-11,105,2,5,3,1
138,10,92,98,2023-08-14,9,9,3,15000,2023-02-28,167,9,3,1,1
240,6,53,57,2024-06-23,5,5,2,15000,2024-02-07,137,8,4,7,2
209,5,42,48,2025-12-29,2,2,4,15000,2025-12-14,15,5,4,1,3
409,3,30,21,2024-05-05,5,5,2,12211,2023-12-25,132,9,4,7,1
297,9,87,81,2025-05-28,3,3,4,15000,2025-01-27,121,10,5,3,2
149,3,29,25,2024-10-01,4,4,4,15000,2024-04-15,169,5,2,2,1
192,1,6,9,2025-03-06,9,9,3,15000,2025-02-05,29,1,1,4,3
358,6,59,60,2023-09-11,7,7,4,15000,2023-08-14,28,1,2,1,1
194,8,76,72,2024-04-16,8,8,4,15000,2023-12-29,109,6,3,2,2
374,3,29,26,2024-10-07,7,7,3,5558,2024-06-12,117,3,3,1,1
121,4,33,36,2025-12-26,6,6,4,15000,2025-12-07,19,5,1,5,2
183,4,36,40,2023-01-21,10,10,2,15000,2022-10-13,100,3,3,6,3
403,1,1,5,2023-06-06,8,8,3,15000,2023-05-11,26,4,1,2,3
161,2,11,18,2025-01-09,8,8,1,14095,2024-08-03,159,2,2,4,2
451,8,72,76,2025-10-30,4,4,2,764,2025-06-30,122,10,4,4,2
196,9,83,86,2024-03-03,1,1,1,3834,2023-11-15,109,9,1,7,3
362,4,33,32,2025-04-17,10,10,3,15000,2025-02-06,70,10,3,4,1
89,4,36,38,2024-05-03,2,2,4,15000,2024-03-21,43,3,5,5,1
328,9,88,82,2023-02-09,10,10,4,15000,2022-11-26,75,9,4,4,2
197,10,91,98,2025-08-24,9,9,2,9567,2025-07-08,47,9,2,7,1
311,4,34,39,2024-11-15,3,3,3,15000,2024-06-17,151,2,4,5,2
408,6,54,57,2024-06-30,2,2,3,12579,2024-02-15,136,3,2,7,3
230,9,83,89,2024-12-21,10,10,2,15000,2024-09-05,107,8,5,6,1
364,6,58,52,2024-09-01,7,7,4,15000,2024-08-06,26,10,3,7,1
176,10,100,93,2025-04-30,9,9,2,15000,2025-02-03,86,7,2,3,1
393,6,57,51,2024-07-25,2,2,3,15000,2024-06-24,31,4,3,4,3
444,10,92,91,2023-11-23,6,6,4,15000,2023-06-09,167,3,5,4,3
278,5,48,46,2024-08-23,9,9,1,3747,2024-07-02,52,3,4,5,1
478,6,51,60,2024-02-21,1,1,2,3747,2024-02-07,14,5,5,3,1
287,6,54,53,2025-08-13,9,9,4,15000,2025-07-03,41,8,2,3,2
488,4,36,35,2023-08-11,9,9,1,8542,2023-06-16,56,6,5,5,1
194,6,53,60,2024-02-07,7,7,1,238,2023-09-19,141,1,5,3,1
202,4,39,36,2024-04-20,5,5,1,15000,2024-01-21,90,8,5,6,2
412,1,2,4,2023-07-23,8,8,1,15000,2023-04-20,94,3,3,7,3
423,5,48,45,2023-07-16,8,8,2,15000,2023-06-11,35,2,2,7,1
495,2,20,17,2023-06-10,6,6,3,15000,2023-05-10,31,4,3,6,2
53,3,28,24,2023-05-11,7,7,1,6248,2023-03-15,57,8,5,4,1
255,2,13,11,2025-09-29,5,5,4,12861,2025-05-29,123,4,1,1,3
209,8,77,80,2024-09-08,1,1,4,15000,2024-04-23,138,3,2,7,2
87,3,27,23,2025-02-28,7,7,4,15000,2024-10-09,142,4,3,5,2
179,3,30,25,2024-04-28,4,4,3,15000,2024-04-23,5,3,5,7,3
371,10,92,95,2024-07-02,2,2,3,15000,2024-01-28,156,1,4,2,1
110,3,25,28,2024-08-31,3,3,1,14110,2024-07-03,59,6,1,6,2
269,5,49,43,2023-07-08,10,10,4,15000,2023-02-25,133,1,4,6,1
406,2,14,13,2025-03-05,2,2,4,15000,2025-02-04,29,6,4,3,1
435,6,51,54,2023-10-28,8,8,1,15000,2023-09-04,54,9,1,6,3
298,5,48,50,2025-04-29,8,8,2,8960,2024-12-13,137,10,5,2,1
465,2,17,18,2025-10-31,4,4,2,8234,2025-05-13,171,7,3,5,3
376,4,33,36,2023-11-18,3,3,3,15000,2023-07-20,121,3,5,6,2
99,4,38,36,2025-07-07,8,8,1,9903,2025-05-23,45,7,1,1,1
393,8,75,79,2025-12-19,4,4,2,15000,2025-07-21,151,2,5,5,2
381,1,3,10,2024-06-03,2,2,4,15000,2024-05-19,15,5,2,1,2
181,4,32,36,2024-08-27,4,4,3,6642,2024-04-29,120,5,3,2,1
373,8,78,74,2023-03-11,7,7,1,12589,2022-11-13,118,5,4,6,1
176,3,28,26,2025-04-08,7,7,1,708,2025-02-18,49,9,2,2,2
418,1,10,9,2025-07-18,7,7,3,15000,2025-05-14,65,10,1,5,1
400,6,57,53,2024-08-06,9,9,1,12819,2024-03-27,132,3,3,2,3
110,5,42,45,2024-10-05,3,3,3,15000,2024-07-28,69,2,5,6,2
351,4,35,34,2025-11-07,7,7,3,15000,2025-08-21,78,2,5,5,1
317,9,81,86,2023-12-14,4,4,1,3779,2023-11-13,31,4,1,4,3
255,7,66,61,2025-09-26,3,3,1,9640,2025-04-12,167,3,1,5,1
338,10,100,96,2023-06-12,1,1,4,5089,2022-12-22,172,10,4,1,1
37,3,29,30,2023-09-03,8,8,3,15000,2023-05-24,102,5,2,7,3
18,7,62,66,2025-10-18,2,2,2,11882,2025-08-13,66,5,4,6,2
232,3,23,24,2025-04-27,8,8,1,15000,2025-02-02,84,8,2,7,3
86,1,2,8,2025-12-13,9,9,4,15000,2025-08-03,132,5,1,6,2
58,1,1,2,2023-07-14,4,4,3,15000,2023-01-15,180,10,1,5,3
189,4,32,37,2025-07-25,7,7,3,15000,2025-02-16,159,8,2,5,1
451,4,40,32,2024-07-12,4,4,1,11956,2024-04-07,96,4,1,5,2
247,7,63,69,2024-08-19,2,2,4,3433,2024-06-10,70,3,2,1,1
65,9,90,83,2025-01-17,10,10,4,15000,2024-11-15,63,7,4,5,2
218,7,67,64,2025-06-07,8,8,2,10652,2025-01-08,150,10,1,6,2
497,4,37,32,2024-10-30,2,2,2,15000,2024-09-10,50,8,1,3,3
394,10,94,95,2025-01-13,3,3,2,15000,2024-08-15,151,6,2,1,3
147,3,27,30,2023-02-23,4,4,3,15000,2023-01-14,40,2,1,4,1
311,4,33,34,2023-10-05,1,1,4,15000,2023-05-27,131,9,5,4,2
459,9,83,84,2024-07-22,7,7,1,8314,2024-03-04,140,1,4,1,3
181,4,31,40,2024-10-16,10,10,3,15000,2024-08-24,53,6,5,3,1
330,6,53,52,2024-06-13,9,9,1,4594,2024-03-30,75,6,1,4,1
402,4,38,40,2024-06-01,5,5,3,15000,2024-01-11,142,1,1,6,1
415,10,95,97,2024-05-23,4,4,1,9749,2024-03-12,72,4,4,4,2
420,2,14,16,2025-01-09,8,8,1,15000,2024-10-17,84,6,3,4,3
477,10,100,92,2023-10-27,9,9,4,15000,2023-08-13,75,9,3,5,2
73,7,66,70,2025-11-05,7,7,2,10964,2025-08-25,72,1,5,3,1
450,10,99,92,2025-01-30,5,5,4,5209,2024-11-17,74,5,5,4,1
63,8,76,80,2025-07-14,8,8,1,4648,2025-05-17,58,10,5,1,1
26,4,39,38,2025-04-06,6,6,2,9526,2024-12-27,100,8,3,7,2
117,8,72,80,2025-12-21,9,9,1,2482,2025-12-11,10,1,5,7,1
350,9,81,89,2025-02-27,6,6,4,13925,2025-02-04,23,9,4,4,1
281,1,6,4,2024-09-14,7,7,2,15000,2024-06-22,84,8,4,6,1
3,1,7,4,2023-09-10,4,4,1,11497,2023-06-22,80,10,5,7,2
368,5,46,45,2023-08-19,6,6,2,5575,2023-08-02,17,7,1,6,1
379,7,69,67,2025-04-27,10,10,1,7397,2025-01-21,96,6,5,7,1
215,2,15,13,2025-08-30,6,6,4,1622,2025-07-28,33,7,4,6,1
289,9,89,85,2025-09-01,2,2,1,14752,2025-04-11,143,9,1,1,3
57,7,63,66,2023-05-10,5,5,2,15000,2022-12-19,142,2,2,3,1
46,1,4,7,2025-09-13,8,8,4,15000,2025-06-01,104,3,1,6,2
267,6,55,56,2024-09-13,9,9,1,10566,2024-04-23,143,10,2,5,2
180,6,57,52,2025-12-12,8,8,1,5571,2025-11-16,26,4,5,5,3
68,1,1,4,2023-05-20,8,8,2,15000,2022-12-01,170,1,3,6,2
55,5,43,50,2023-07-01,2,2,4,15000,2023-03-04,119,9,2,6,2
441,7,68,66,2023-02-01,4,4,4,15000,2023-01-06,26,7,2,3,3
62,10,98,95,2023-05-28,9,9,2,10956,2022-12-05,174,8,3,7,2
479,8,77,80,2023-11-24,3,3,2,15000,2023-08-15,101,3,5,5,1
462,8,71,74,2024-06-13,6,6,2,15000,2024-05-18,26,1,1,4,2
324,6,53,52,2023-08-27,10,10,4,15000,2023-08-18,9,5,3,7,1
450,1,7,10,2025-01-24,1,1,1,15000,2024-10-05,111,5,3,5,3
483,4,36,38,2025-11-09,9,9,4,15000,2025-09-02,68,2,1,7,2
287,6,59,58,2024-03-06,3,3,1,15000,2024-03-02,4,1,5,3,2
52,3,21,29,2025-10-01,2,2,1,15000,2025-06-17,106,5,4,3,2
145,1,7,10,2024-04-22,7,7,2,15000,2023-12-10,134,2,1,1,1
27,3,27,30,2023-12-23,9,9,1,1024,2023-08-14,131,8,5,6,3
193,10,94,100,2025-09-02,2,2,3,15000,2025-04-07,148,10,2,2,3
471,6,54,53,2024-06-28,3,3,4,15000,2024-01-31,149,9,1,5,1
374,4,39,38,2023-07-10,10,10,4,15000,2023-01-20,171,4,1,1,3
111,8,80,73,2023-06-06,10,10,2,15000,2023-02-15,111,3,3,2,1
256,4,33,32,2025-12-22,2,2,2,829,2025-09-06,107,2,5,1,3
228,9,82,85,2024-07-29,9,9,4,15000,2024-02-13,167,2,3,1,3
209,1,9,5,2024-03-07,8,8,1,15000,2024-01-13,54,5,1,4,2
383,8,77,73,2025-07-09,10,10,4,15000,2025-05-29,41,7,3,3,1
160,3,26,24,2023-05-21,6,6,1,15000,2023-02-24,86,3,3,7,2
167,3,24,28,2023-03-22,3,3,2,15000,2022-12-11,101,8,1,3,2
395,8,78,77,2024-03-10,5,5,2,938,2024-02-27,12,3,3,7,1
274,7,69,68,2023-10-16,5,5,1,13258,2023-06-17,121,9,1,1,1
482,5,46,45,2024-04-06,2,2,1,1171,2023-11-01,157,5,4,6,2
150,9,89,87,2023-04-25,8,8,4,15000,2022-12-05,141,10,3,2,1
448,9,90,85,2023-06-01,1,1,4,15000,2023-04-18,44,2,5,4,2
135,7,64,62,2023-10-26,9,9,2,15000,2023-09-17,39,4,2,4,2
105,1,5,1,2025-12-07,2,2,3,15000,2025-07-07,153,8,4,7,1
198,8,72,76,2023-02-11,2,2,3,15000,2022-11-30,73,8,2,6,2
500,1,3,1,2024-10-12,2,2,4,15000,2024-08-17,56,5,4,6,2
416,3,25,23,2025-10-11,5,5,2,15000,2025-10-03,8,8,3,6,2
149,10,94,98,2024-12-25,1,1,3,15000,2024-10-10,76,10,4,3,2
173,2,20,17,2024-04-28,1,1,4,15000,2023-11-09,171,10,2,7,3
104,10,98,95,2025-07-16,1,1,1,13683,2025-06-09,37,1,3,3,2
233,4,39,35,2025-12-12,10,10,3,15000,2025-10-16,57,2,2,5,3
420,10,95,94,2024-05-11,2,2,3,4456,2024-03-07,65,7,5,6,1
337,1,10,3,2024-09-23,9,9,3,4711,2024-08-29,25,3,1,1,1
16,7,61,70,2023-01-03,4,4,2,15000,2022-10-05,90,3,1,2,2
182,5,44,47,2023-11-18,8,8,4,15000,2023-10-15,34,3,4,6,3
317,9,83,81,2023-10-05,6,6,2,15000,2023-08-31,35,10,1,4,1
340,9,89,84,2025-10-28,6,6,4,15000,2025-09-01,57,6,2,2,3
291,9,81,90,2025-11-29,5,5,1,2828,2025-11-10,19,4,3,6,2
34,3,21,25,2025-12-13,5,5,4,15000,2025-11-13,30,5,2,6,1
65,10,92,97,2025-04-06,3,3,3,15000,2024-10-30,158,5,1,7,2
308,10,96,99,2025-11-02,10,10,2,15000,2025-05-25,161,8,4,7,3
182,6,57,52,2024-11-25,6,6,3,11629,2024-11-20,5,9,4,1,2
314,6,51,60,2025-04-18,2,2,2,5593,2025-03-06,43,2,5,5,1
302,2,18,13,2023-04-27,9,9,2,4752,2023-02-02,84,1,2,4,2
64,8,79,75,2025-09-17,8,8,3,5525,2025-04-03,167,8,3,3,1
244,8,71,77,2023-11-13,4,4,1,7970,2023-07-02,134,3,2,1,2
407,8,73,76,2024-08-10,6,6,1,15000,2024-08-04,6,7,3,6,2
407,5,42,49,2023-10-27,6,6,3,3748,2023-05-13,167,9,2,5,1
207,3,24,28,2024-01-08,2,2,2,15000,2023-11-09,60,3,5,1,1
43,10,93,98,2023-04-26,1,1,2,7220,2023-03-27,30,2,3,3,1
293,5,43,44,2025-04-18,9,9,2,15000,2024-12-16,123,5,2,5,3
301,7,65,61,2023-02-09,5,5,3,9069,2022-09-13,149,7,3,4,1
392,2,18,20,2023-07-13,8,8,3,15000,2023-05-22,52,3,1,4,1
459,3,24,23,2023-10-31,6,6,1,1382,2023-06-29,124,3,4,2,2
409,1,1,2,2023-02-24,6,6,2,15000,2022-10-20,127,3,1,5,3
317,7,67,66,2023-01-27,7,7,2,15000,2022-08-01,179,5,4,5,1
489,8,71,75,2024-06-14,2,2,4,15000,2024-05-08,37,4,2,5,1
78,9,85,84,2025-11-12,2,2,2,12538,2025-09-15,58,9,2,3,2
139,4,32,31,2024-05-20,4,4,2,15000,2023-12-22,150,6,5,1,1
182,2,15,12,2025-06-25,7,7,4,15000,2025-04-06,80,7,5,3,3
478,2,15,16,2023-12-23,7,7,1,1074,2023-12-02,21,8,2,6,3
130,8,76,72,2025-12-25,3,3,1,13320,2025-07-22,156,8,1,4,2
248,1,5,9,2023-02-14,1,1,4,2610,2022-09-04,163,5,1,2,3
225,2,15,18,2023-01-25,6,6,1,15000,2022-10-28,89,7,2,3,2
281,8,80,75,2024-08-08,4,4,4,10117,2024-07-26,13,2,1,4,1
28,7,70,68,2023-09-07,1,1,2,15000,2023-05-27,103,8,1,4,1
278,5,45,47,2024-01-10,9,9,4,8146,2023-10-11,91,5,5,3,2
50,1,7,10,2023-06-16,3,3,4,15000,2022-12-31,167,9,2,5,1
287,9,86,85,2025-10-13,10,10,2,15000,2025-06-16,119,5,5,1,1
473,6,58,51,2025-07-10,1,1,1,14471,2025-05-17,54,4,5,4,3
323,6,60,52,2023-04-20,3,3,2,2288,2023-02-15,64,4,3,4,3
411,1,1,7,2023-03-25,8,8,1,11290,2022-10-16,160,8,4,6,1
499,5,45,44,2024-01-14,3,3,1,15000,2023-08-25,142,7,4,7,3
103,7,70,68,2025-10-27,6,6,1,7800,2025-09-20,37,5,5,1,2
19,10,98,99,2023-03-30,8,8,4,15000,2022-10-17,164,5,3,4,2
279,2,13,16,2025-01-03,8,8,2,15000,2024-10-06,89,5,5,5,1
84,10,98,92,2025-08-11,2,2,1,3678,2025-03-14,150,2,3,1,1
154,5,45,43,2023-08-27,2,2,2,7388,2023-03-25,155,7,1,7,3
174,8,77,79,2024-01-26,10,10,2,15000,2023-11-20,67,5,3,5,1
423,8,71,80,2023-07-05,4,4,1,4655,2023-02-16,139,6,4,3,2
4,5,48,41,2024-07-13,4,4,4,15000,2024-03-18,117,5,3,6,3
270,10,94,98,2023-03-06,1,1,4,15000,2023-01-08,57,5,3,1,2
181,3,29,21,2025-07-21,1,1,3,3118,2025-02-11,160,2,1,1,1
250,1,7,9,2025-08-23,5,5,2,7847,2025-05-16,99,7,3,6,2
103,2,12,15,2023-07-08,5,5,4,15000,2023-03-15,115,5,3,6,3
138,7,64,65,2025-11-19,3,3,1,7187,2025-08-21,90,3,3,3,2
173,6,55,57,2023-09-20,4,4,2,15000,2023-06-05,107,3,5,3,2
430,2,16,19,2023-04-25,2,2,1,10054,2023-03-28,28,2,3,2,2
188,6,54,60,2023-04-26,5,5,3,3332,2022-11-17,160,9,2,3,1
403,5,46,42,2024-08-08,1,1,3,15000,2024-07-16,23,10,4,4,1
131,3,29,27,2023-08-21,1,1,4,15000,2023-05-29,84,4,1,1,3
325,3,24,28,2024-03-03,9,9,1,2841,2023-12-16,78,3,5,7,1
279,5,44,43,2023-04-07,6,6,1,9136,2023-03-07,31,1,4,5,2
417,7,62,66,2025-12-05,10,10,2,15000,2025-11-17,18,4,1,5,2
119,3,21,27,2025-12-20,5,5,4,15000,2025-10-21,60,3,2,6,2
255,8,78,77,2023-04-08,2,2,1,13170,2022-10-21,169,7,5,6,2
423,10,96,99,2024-05-26,2,2,4,8294,2024-05-01,25,10,4,7,1
53,4,36,39,2025-05-13,7,7,3,15000,2025-01-20,113,5,4,2,2
22,6,52,56,2024-05-06,6,6,2,15000,2024-04-25,11,9,5,1,2
241,9,82,88,2024-11-03,5,5,4,15000,2024-08-08,87,7,4,7,2
425,5,41,46,2025-08-23,2,2,1,3067,2025-06-09,75,1,5,6,1
338,7,70,67,2023-10-26,5,5,2,15000,2023-07-06,112,8,2,4,3
70,8,79,71,2023-07-20,6,6,4,15000,2023-05-05,76,5,2,4,2
103,9,81,87,2025-05-13,8,8,1,14640,2025-04-06,37,5,3,2,2
430,1,10,4,2024-09-17,7,7,1,7072,2024-08-20,28,9,1,2,1
301,3,27,23,2025-12-02,8,8,3,15000,2025-06-22,163,3,2,2,2
199,9,83,89,2023-06-10,10,10,1,11218,2023-02-03,127,5,2,6,1
64,5,43,41,2025-02-11,4,4,2,15000,2024-09-19,145,5,4,2,1
347,4,36,38,2025-01-22,2,2,4,15000,2025-01-16,6,5,3,3,2
406,7,61,63,2023-05-27,4,4,1,4333,2023-01-31,116,4,3,6,1
150,1,5,4,2025-09-20,5,5,1,15000,2025-05-05,138,10,5,6,2
428,8,79,72,2024-03-17,2,2,2,15000,2023-10-09,160,4,3,7,3
355,2,13,20,2025-11-22,4,4,4,6937,2025-07-05,140,1,2,6,2
284,2,16,11,2025-09-24,8,8,2,561,2025-05-17,130,10,4,3,2
250,9,88,85,2024-10-12,2,2,3,15000,2024-04-29,166,5,3,6,2
187,1,9,6,2023-07-12,8,8,3,15000,2023-02-08,154,10,3,3,3
240,1,6,2,2023-03-30,8,8,1,15000,2022-12-14,106,6,3,4,2
142,1,3,6,2024-04-14,6,6,2,15000,2024-02-01,73,7,1,7,1
54,5,48,41,2023-08-03,6,6,3,15000,2023-05-27,68,1,5,4,1
253,4,40,31,2025-09-20,7,7,1,3289,2025-04-04,169,7,5,6,1
266,10,92,97,2024-10-14,7,7,4,7819,2024-09-08,36,8,2,1,2
106,3,22,26,2025-06-10,5,5,1,15000,2025-03-18,84,9,1,2,3
195,1,1,4,2023-05-28,4,4,2,15000,2022-12-20,159,2,5,7,1
330,1,9,2,2025-06-04,5,5,1,709,2025-02-15,109,2,3,3,3
307,3,24,23,2024-07-30,3,3,2,15000,2024-03-31,121,10,3,2,2
463,5,49,45,2025-04-20,5,5,3,15000,2025-02-08,71,8,3,7,2
65,4,33,34,2025-07-06,7,7,1,3406,2025-06-28,8,3,3,7,2
103,2,12,17,2025-06-08,1,1,3,3549,2025-01-29,130,7,5,7,1
403,9,85,84,2023-10-26,3,3,2,15000,2023-10-25,1,4,3,4,1
313,3,29,22,2024-06-09,9,9,2,15000,2024-03-24,77,2,5,7,1
78,6,51,57,2024-05-30,8,8,2,15000,2024-04-16,44,9,4,4,2
260,8,77,76,2025-04-07,1,1,1,13831,2025-03-07,31,9,5,1,2
347,2,18,15,2024-08-18,5,5,4,2558,2024-04-15,125,4,1,7,2
283,5,47,45,2023-05-19,10,10,1,3359,2022-11-23,177,10,3,5,3
400,10,100,94,2023-01-24,3,3,2,5474,2022-12-05,50,4,4,2,3
89,7,62,69,2025-01-23,4,4,4,15000,2024-10-19,96,1,2,4,1
205,3,29,26,2025-02-27,8,8,3,15000,2024-10-19,131,2,4,4,1
323,9,83,89,2023-12-12,1,1,2,15000,2023-09-20,83,5,4,2,1
23,9,81,83,2025-09-15,5,5,4,15000,2025-08-07,39,1,2,1,2
351,5,48,49,2024-08-07,2,2,2,6428,2024-05-20,79,1,3,3,3
158,8,79,73,2024-03-28,7,7,3,15000,2023-12-31,88,4,1,4,1
441,2,14,12,2024-11-02,2,2,3,15000,2024-10-11,22,5,1,6,2
75,7,70,65,2024-08-17,5,5,2,15000,2024-05-17,92,8,2,6,2
497,6,58,52,2023-05-12,6,6,2,15000,2023-01-25,107,10,3,5,1
247,3,25,21,2025-08-14,4,4,1,6411,2025-06-24,51,8,1,4,2
172,6,58,51,2023-09-13,7,7,2,7384,2023-08-26,18,3,5,3,2
280,3,27,28,2023-12-12,9,9,2,15000,2023-11-13,29,3,4,2,2
497,7,64,61,2023-01-29,9,9,1,12345,2023-01-13,16,3,5,7,2
419,1,5,3,2023-05-31,2,2,3,6259,2023-03-20,72,1,5,3,1
90,1,2,10,2025-07-04,3,3,1,10927,2025-06-30,4,6,4,5,3
362,10,92,91,2025-01-08,10,10,1,6678,2024-09-24,106,6,4,3,1
8,7,63,61,2024-03-15,4,4,4,15000,2024-01-02,73,3,3,5,2
230,6,57,51,2024-01-05,3,3,3,12717,2023-11-01,65,4,5,5,2
208,5,44,46,2024-05-11,4,4,3,15000,2024-03-31,41,2,3,6,3
202,5,44,41,2025-08-31,3,3,4,15000,2025-03-06,178,7,2,7,1
291,9,88,85,2023-02-24,8,8,4,12182,2022-09-27,150,7,3,5,2
128,1,6,1,2023-08-25,6,6,1,2684,2023-03-04,174,3,5,5,2
95,4,38,40,2024-05-26,1,1,4,11987,2024-04-20,36,5,5,7,2
13,8,71,80,2025-01-02,3,3,3,5243,2024-08-07,148,6,5,4,1
210,9,83,82,2023-07-30,7,7,4,15000,2023-06-01,59,5,5,7,1
142,9,88,90,2023-11-22,2,2,4,15000,2023-06-30,145,2,5,3,1
82,5,42,49,2025-08-11,3,3,2,15000,2025-02-28,164,1,3,1,2
78,7,67,62,2023-08-07,7,7,1,300,2023-02-19,169,10,4,1,2
451,5,41,48,2024-08-28,10,10,2,10043,2024-04-15,135,4,3,3,1
417,8,77,78,2024-03-23,6,6,2,15000,2023-11-07,137,1,4,6,1
170,5,45,49,2023-05-13,2,2,1,1690,2023-03-12,62,2,1,6,2
371,6,55,58,2023-07-16,10,10,2,7851,2023-05-01,76,8,3,7,1
148,5,44,46,2024-09-01,1,1,1,12710,2024-05-26,98,1,4,7,1
136,6,54,55,2024-10-16,5,5,4,15000,2024-10-05,11,2,5,3,3
349,1,1,4,2024-04-07,6,6,2,4457,2023-12-16,113,9,4,7,2
226,8,80,74,2023-08-11,1,1,4,15000,2023-04-15,118,9,1,5,2
356,7,61,66,2025-11-03,3,3,1,14379,2025-09-02,62,8,4,1,2
70,6,53,57,2025-08-06,5,5,3,15000,2025-04-21,107,3,2,3,1
146,3,23,27,2023-05-11,7,7,2,7121,2023-04-21,20,7,4,4,2
325,4,32,40,2025-02-04,9,9,3,15000,2024-12-05,61,2,1,2,1
41,8,71,75,2025-06-23,1,1,2,7305,2025-03-07,108,2,3,1,1
448,1,7,6,2024-11-18,6,6,3,10734,2024-09-25,54,8,3,1,1
158,9,83,87,2024-08-19,3,3,1,13323,2024-04-15,126,5,2,1,1
45,3,30,26,2025-07-19,4,4,3,15000,2025-05-11,69,4,5,6,1
248,7,63,68,2023-12-27,5,5,1,8379,2023-10-05,83,9,3,3,1
487,10,95,93,2025-12-19,10,10,1,13032,2025-07-27,145,5,4,5,1
154,3,25,27,2023-04-22,4,4,4,15000,2023-03-11,42,5,1,6,1
30,3,27,23,2025-05-08,7,7,4,15000,2025-03-13,56,5,1,4,1
81,1,10,7,2025-10-07,7,7,2,15000,2025-08-26,42,8,2,2,2
453,6,58,52,2023-03-14,10,10,3,15000,2023-01-24,49,4,4,2,2
1,1,4,8,2025-12-09,3,3,3,15000,2025-09-05,95,10,4,2,2
261,5,42,43,2023-04-28,3,3,3,15000,2023-03-18,41,5,3,5,3
188,1,1,2,2024-11-22,7,7,4,15000,2024-09-10,73,5,2,5,3
484,3,22,21,2025-10-10,2,2,2,15000,2025-08-09,62,10,5,5,1
89,3,30,27,2025-10-01,9,9,3,15000,2025-06-28,95,2,4,3,1
184,3,30,25,2025-12-01,2,2,1,14816,2025-08-27,96,1,4,1,3
377,6,53,57,2025-02-20,5,5,3,12535,2024-09-01,172,7,5,4,2
117,1,5,10,2024-10-23,5,5,3,15000,2024-09-24,29,2,5,3,3
343,8,80,74,2024-06-29,3,3,1,14267,2024-04-28,62,9,1,6,1
27,5,49,44,2024-09-06,8,8,4,11092,2024-04-03,156,5,4,5,2
26,5,43,44,2023-02-18,1,1,4,15000,2023-01-26,23,8,1,6,2
7,3,28,29,2024-02-01,4,4,4,15000,2023-12-04,59,4,5,4,2
302,9,87,83,2023-06-30,5,5,4,15000,2023-05-30,31,5,1,5,1
198,9,81,86,2023-05-23,1,1,4,15000,2023-02-18,94,4,5,2,2
159,7,69,70,2023-01-19,1,1,3,15000,2022-08-05,167,9,4,4,2
314,6,53,59,2025-04-20,6,6,4,15000,2025-03-13,38,2,5,7,2
431,8,71,73,2023-03-17,4,4,2,4055,2022-09-28,170,9,4,5,2
411,1,9,5,2024-06-25,4,4,3,15000,2024-03-08,109,3,3,2,2
455,5,45,50,2024-11-03,10,10,2,9176,2024-05-17,170,1,5,7,2
209,2,11,13,2024-03-15,8,8,4,15000,2024-02-04,40,10,4,5,1
319,3,27,25,2024-04-02,10,10,1,7409,2024-02-26,36,2,1,2,2
442,3,30,22,2025-09-10,2,2,1,6670,2025-08-30,11,4,3,3,1
422,9,82,83,2025-03-11,6,6,4,15000,2024-12-31,70,9,4,2,2
229,2,13,12,2024-02-06,6,6,1,10339,2023-09-29,130,1,3,2,1
339,5,42,44,2024-01-09,9,9,3,13066,2023-11-10,60,6,5,2,2
434,2,11,15,2025-02-10,3,3,3,14031,2024-11-06,96,4,2,1,1
244,2,20,19,2024-09-11,1,1,2,13371,2024-05-07,127,4,2,3,2
239,9,88,83,2024-01-05,8,8,3,15000,2023-10-17,80,1,2,5,2
188,4,32,31,2024-01-31,5,5,1,14807,2024-01-21,10,6,4,3,3
367,8,73,75,2024-06-22,2,2,1,15000,2024-01-04,170,4,5,6,3
310,9,83,82,2023-03-11,3,3,4,15000,2023-01-30,40,6,3,6,2
105,8,79,73,2024-03-01,10,10,3,15000,2023-11-29,93,10,3,5,1
263,5,42,49,2023-12-31,7,7,3,15000,2023-11-19,42,9,2,7,2
90,2,15,20,2024-02-01,7,7,1,2486,2024-01-18,14,9,2,4,1
94,9,84,85,2024-04-09,3,3,1,15000,2023-12-11,120,10,3,2,2
438,10,91,92,2023-11-18,3,3,2,10844,2023-06-13,158,9,4,6,2
366,2,20,15,2023-03-21,3,3,2,15000,2023-01-25,55,4,1,2,2
63,9,90,86,2023-10-11,1,1,4,1575,2023-07-26,77,10,5,3,1
430,3,26,27,2025-12-02,8,8,4,15000,2025-11-20,12,10,1,2,2
340,6,59,58,2025-10-19,3,3,1,7592,2025-06-04,137,9,5,7,2
223,3,25,23,2023-07-12,6,6,1,8441,2023-02-06,156,8,2,3,2
91,3,30,26,2025-10-08,10,10,2,5079,2025-08-06,63,9,3,3,1
327,7,64,68,2025-03-11,8,8,3,15000,2024-11-23,108,9,4,2,2
32,3,30,24,2025-04-26,10,10,2,15000,2025-04-20,6,2,4,6,2
459,8,72,74,2024-09-23,2,2,4,3862,2024-06-20,95,4,2,1,2
335,9,83,85,2025-02-22,1,1,4,12706,2024-12-25,59,2,4,6,1
176,1,9,10,2025-10-11,10,10,4,15000,2025-10-05,6,5,3,6,1
75,7,70,68,2023-06-23,1,1,3,15000,2023-01-08,166,7,1,5,2
292,6,58,51,2025-03-30,5,5,2,15000,2024-12-24,96,10,4,7,3
416,4,36,34,2023-05-18,7,7,4,15000,2023-03-27,52,3,1,4,3
319,8,75,73,2023-02-20,1,1,3,15000,2022-10-29,114,8,5,1,2
360,2,20,15,2023-02-16,6,6,1,9633,2023-01-25,22,3,2,4,2
204,6,56,54,2025-09-05,2,2,3,15000,2025-08-28,8,9,2,5,2
51,9,88,85,2023-11-16,8,8,4,15000,2023-06-22,147,8,5,4,1
373,9,88,84,2025-07-23,8,8,4,15000,2025-06-20,33,4,2,3,1
368,2,20,13,2024-06-24,5,5,1,12513,2024-04-05,80,4,4,1,2
471,8,79,76,2024-11-29,4,4,2,11354,2024-08-21,100,3,4,5,2
427,5,49,48,2025-02-23,7,7,4,5265,2025-01-20,34,2,5,7,1
371,7,63,65,2025-04-29,8,8,3,14244,2025-01-07,112,2,1,2,1
340,4,32,38,2023-08-08,7,7,1,15000,2023-05-19,81,8,1,2,3
257,8,74,75,2023-07-19,2,2,1,1586,2023-02-07,162,5,1,3,3
431,8,74,71,2023-01-17,1,1,3,15000,2022-12-06,42,5,4,2,2
388,5,50,48,2025-04-27,4,4,2,1571,2025-01-28,89,7,2,7,3
366,7,68,70,2025-03-31,1,1,2,15000,2024-10-02,180,10,1,1,2
283,6,55,54,2025-10-12,2,2,1,724,2025-05-06,159,10,2,7,1
229,8,79,72,2025-02-27,4,4,4,15000,2025-01-20,38,6,5,4,2
280,3,25,21,2024-06-15,4,4,1,4106,2024-01-21,146,4,4,6,1
370,10,94,99,2024-12-08,2,2,2,15000,2024-07-09,152,2,2,7,1
465,1,3,5,2024-03-08,2,2,2,3482,2023-09-20,170,5,4,5,1
143,10,98,100,2025-08-13,9,9,1,11289,2025-05-29,76,9,5,3,1
446,2,15,19,2025-02-09,4,4,3,15000,2025-01-21,19,9,2,7,3
228,9,85,89,2023-09-18,10,10,3,4408,2023-06-27,83,4,2,1,1
426,4,34,38,2023-11-18,7,7,1,6505,2023-07-28,113,5,3,6,3
32,7,69,70,2024-08-20,1,1,1,3398,2024-05-13,99,9,2,2,1
367,10,93,95,2023-06-04,6,6,4,15000,2023-05-23,12,9,2,7,1
36,2,12,20,2023-07-23,4,4,2,9294,2023-04-17,97,9,3,7,1
58,4,36,38,2023-06-07,6,6,4,15000,2023-01-08,150,6,3,3,3
178,8,74,75,2025-09-18,5,5,4,11694,2025-03-28,174,10,2,4,2
394,4,36,35,2025-10-28,7,7,1,4274,2025-06-18,132,1,5,2,2
101,1,2,6,2023-11-18,1,1,3,15000,2023-08-13,97,9,2,6,1
468,2,11,20,2024-07-10,4,4,4,15000,2024-01-19,173,1,5,3,3
87,3,28,21,2023-01-09,6,6,2,15000,2022-09-25,106,4,4,1,2
444,9,81,87,2025-02-12,5,5,2,15000,2024-09-10,155,8,2,3,3
53,5,50,49,2023-02-12,4,4,2,7234,2022-10-24,111,3,5,7,3
97,8,72,79,2025-12-31,10,10,4,15000,2025-07-18,166,7,1,3,2
50,1,9,1,2024-02-03,3,3,2,15000,2023-12-27,38,10,3,6,2
304,10,92,97,2024-12-04,4,4,2,15000,2024-08-02,124,7,3,3,2
213,5,50,45,2023-05-20,10,10,4,15000,2023-04-20,30,10,5,6,1
151,8,74,79,2025-09-01,8,8,2,15000,2025-07-01,62,7,1,1,3
394,7,67,68,2025-11-13,1,1,4,15000,2025-08-19,86,6,1,4,1
176,7,63,66,2023-10-11,4,4,1,665,2023-07-25,78,5,2,3,1
304,1,2,1,2023-05-12,5,5,2,12534,2022-11-22,171,3,3,5,3
178,5,41,47,2025-10-24,10,10,4,15000,2025-06-19,127,1,2,5,2
85,9,83,90,2023-11-20,10,10,1,15000,2023-09-27,54,2,5,1,3
217,1,7,3,2025-12-17,7,7,2,15000,2025-11-15,32,4,3,3,1
411,4,40,34,2024-07-04,6,6,3,15000,2024-06-13,21,5,5,4,2
375,7,69,67,2023-05-13,3,3,3,12722,2023-03-19,55,5,3,6,2
404,4,31,39,2024-07-26,5,5,1,1708,2024-05-19,68,10,2,5,2
366,3,23,28,2025-07-21,7,7,4,15000,2025-06-07,44,1,3,1,3
95,8,79,74,2023-02-19,2,2,3,15000,2022-09-11,161,10,3,7,2
279,5,50,45,2023-11-28,4,4,2,15000,2023-06-16,165,7,1,2,1
251,1,6,4,2023-07-25,10,10,4,15000,2023-03-26,121,9,5,2,1
268,7,63,64,2025-09-01,3,3,1,15000,2025-08-24,8,7,5,1,3
374,7,67,61,2024-01-03,1,1,2,8811,2023-11-19,45,3,3,3,1
338,3,24,28,2024-02-07,7,7,1,3781,2023-08-16,175,7,4,3,3
291,5,44,43,2023-03-01,3,3,4,12345,2023-01-29,31,4,3,3,1
143,3,26,29,2024-11-19,6,6,3,11410,2024-06-20,152,4,5,2,2
369,2,13,17,2024-01-12,9,9,2,15000,2023-12-16,27,6,2,5,3
409,9,88,83,2025-10-22,1,1,3,15000,2025-05-13,162,8,5,3,1
306,9,90,82,2023-04-24,1,1,2,15000,2022-12-06,139,9,3,1,1
63,10,94,100,2024-09-28,10,10,1,12616,2024-06-03,117,4,5,6,2
51,7,67,61,2025-05-11,7,7,3,15000,2025-01-19,112,5,4,7,2
161,3,26,28,2025-06-24,7,7,1,351,2024-12-28,178,8,4,2,1
310,2,13,18,2024-08-14,7,7,4,15000,2024-07-22,23,7,3,3,1
8,10,96,93,2024-06-14,7,7,4,15000,2024-06-03,11,5,4,5,1
13,6,60,56,2025-07-13,5,5,3,15000,2025-05-26,48,10,2,7,1
104,1,5,7,2024-08-26,7,7,2,15000,2024-05-17,101,3,1,1,1
335,10,98,95,2025-07-24,9,9,2,15000,2025-04-17,98,10,4,4,2
230,6,57,59,2023-06-22,10,10,1,9299,2023-01-10,163,10,4,4,1
41,2,19,11,2025-01-25,9,9,2,15000,2024-09-08,139,8,1,6,2
233,3,26,30,2024-07-12,8,8,4,15000,2024-06-23,19,1,2,5,1
226,9,87,88,2025-08-16,5,5,3,7190,2025-05-24,84,7,3,6,2
215,9,84,85,2023-07-16,10,10,4,15000,2023-02-24,142,5,2,7,2
367,6,59,58,2024-08-21,7,7,1,14251,2024-04-09,134,7,5,3,1
417,2,20,12,2025-11-23,10,10,4,15000,2025-07-21,125,9,4,7,1
68,4,38,36,2024-12-02,9,9,2,15000,2024-10-16,47,1,2,1,1
209,8,80,74,2025-12-25,2,2,4,15000,2025-11-20,35,4,4,4,2
158,4,39,38,2024-10-08,7,7,4,14951,2024-06-17,113,3,4,2,3
245,8,75,72,2025-07-30,9,9,3,15000,2025-05-15,76,2,2,3,1
300,1,5,2,2025-01-17,8,8,4,15000,2024-10-02,107,7,4,5,2
173,3,27,22,2023-06-18,4,4,1,10716,2023-06-13,5,7,4,7,1
408,3,21,22,2023-12-10,6,6,2,15000,2023-11-08,32,10,1,7,3
112,1,1,5,2025-08-26,9,9,4,15000,2025-04-08,140,3,3,2,2
416,5,48,41,2024-04-15,1,1,3,7510,2024-04-03,12,3,5,1,1
334,2,11,18,2023-04-10,6,6,4,15000,2022-11-12,149,4,1,1,1
353,5,43,45,2023-09-22,6,6,3,15000,2023-07-30,54,4,2,5,3
354,1,3,4,2025-12-09,10,10,4,15000,2025-10-24,46,6,3,2,2
458,5,48,42,2025-03-29,6,6,4,15000,2024-12-02,117,8,5,6,3
446,6,57,56,2025-05-19,10,10,1,5975,2025-01-28,111,3,4,1,3
137,5,43,45,2025-02-23,5,5,1,12509,2025-02-03,20,2,5,7,1
239,10,98,94,2023-04-18,1,1,2,15000,2023-01-07,101,3,1,2,1
213,8,77,71,2023-04-27,5,5,3,15000,2023-03-19,39,8,4,4,2
247,6,57,51,2024-11-09,7,7,3,15000,2024-07-16,116,1,5,6,1
24,4,37,34,2024-03-06,9,9,1,11867,2023-10-16,142,1,5,3,1
276,3,26,24,2023-04-21,6,6,1,12492,2023-01-21,90,7,3,5,1
212,6,56,54,2023-06-08,10,10,1,14513,2023-01-15,144,4,5,4,2
368,9,90,84,2025-10-11,9,9,1,1804,2025-09-07,34,9,4,6,1
199,4,33,38,2024-11-30,5,5,1,4157,2024-08-30,92,10,1,6,1
285,7,65,69,2025-07-27,7,7,2,15000,2025-03-31,118,1,5,7,3
127,6,52,51,2023-07-14,6,6,2,4802,2023-04-11,94,2,5,5,2
144,3,27,23,2025-12-17,2,2,4,15000,2025-10-14,64,5,3,3,2
449,10,95,93,2024-10-18,7,7,1,11016,2024-04-24,177,1,2,5,2
143,7,66,61,2025-08-26,9,9,1,10108,2025-07-23,34,7,5,2,1
386,6,55,56,2023-05-31,5,5,4,15000,2023-04-27,34,8,2,3,1
454,8,76,71,2025-10-29,5,5,3,15000,2025-10-04,25,7,4,3,1
367,6,52,56,2025-10-25,3,3,3,15000,2025-08-22,64,1,5,6,1
299,6,56,59,2025-08-11,9,9,2,6226,2025-06-12,60,6,3,1,2
53,10,92,98,2025-12-23,3,3,4,15000,2025-10-19,65,4,3,2,2
25,7,63,61,2023-12-24,3,3,3,15000,2023-10-17,68,7,5,7,2
338,9,88,81,2024-05-21,2,2,4,15000,2023-12-01,172,5,3,2,2
217,3,24,29,2025-11-30,1,1,3,15000,2025-07-31,122,2,1,7,1
442,3,27,30,2023-12-04,7,7,1,7785,2023-09-07,88,1,1,1,2
167,6,55,51,2023-01-18,4,4,4,15000,2023-01-02,16,6,3,3,2
493,3,21,28,2023-12-31,8,8,2,15000,2023-10-15,77,3,2,7,2
170,3,27,23,2023-12-25,2,2,3,15000,2023-09-03,113,4,5,1,2
68,7,63,66,2024-08-13,10,10,2,15000,2024-03-08,158,7,1,2,3
257,7,70,68,2023-10-20,10,10,1,9226,2023-08-08,73,1,4,5,2
212,1,1,6,2025-12-17,3,3,4,15000,2025-08-30,109,4,5,3,2
56,7,64,66,2024-10-28,3,3,4,15000,2024-08-31,58,9,1,1,2
420,7,65,64,2025-10-13,3,3,4,15000,2025-05-31,135,8,2,1,1
217,3,25,26,2024-02-24,8,8,4,4012,2023-11-30,86,10,3,6,2
373,7,65,68,2025-04-25,5,5,1,15000,2025-01-18,97,10,2,5,3
378,2,20,14,2025-02-22,5,5,3,2022,2024-12-25,59,7,3,6,3
83,8,78,71,2023-09-23,2,2,4,15000,2023-06-14,101,2,5,6,2
64,5,45,43,2024-11-25,2,2,2,12056,2024-11-09,16,3,5,1,2
39,5,42,41,2023-03-23,5,5,3,15000,2022-10-19,155,7,5,4,2
40,5,47,44,2024-12-01,10,10,3,1500,2024-07-08,146,4,3,7,2
103,2,18,13,2023-11-23,1,1,4,15000,2023-11-05,18,9,4,4,2
394,4,32,38,2024-05-19,10,10,4,8448,2023-12-14,157,1,1,7,1
336,2,14,13,2025-02-23,5,5,3,8479,2025-01-07,47,8,5,7,3
43,3,30,28,2023-07-05,2,2,4,15000,2023-03-04,123,3,2,3,1
223,9,88,83,2023-08-09,7,7,1,2832,2023-04-16,115,4,4,3,3
124,2,16,15,2023-09-08,1,1,1,12590,2023-05-18,113,4,2,5,2
277,4,36,31,2024-04-26,9,9,1,1832,2024-01-03,114,8,2,5,3
249,2,12,16,2025-08-09,4,4,3,2816,2025-05-27,74,2,2,6,2
454,10,98,99,2024-04-12,7,7,1,6532,2023-12-08,126,8,4,5,1
330,9,83,87,2025-10-31,4,4,2,1176,2025-05-10,174,1,4,5,3
486,4,37,34,2023-02-15,5,5,2,5622,2022-10-06,132,2,5,3,3
462,1,4,5,2023-08-18,9,9,3,15000,2023-07-18,31,3,1,5,1
209,8,78,75,2025-12-07,1,1,4,15000,2025-07-19,141,5,3,7,2
500,3,23,25,2023-03-31,10,10,3,1659,2023-03-13,18,10,2,5,1
195,9,86,85,2024-05-02,7,7,4,15000,2024-01-25,98,5,4,4,2
117,5,49,48,2024-07-25,5,5,1,14875,2024-02-13,163,4,2,4,2
429,7,67,61,2024-03-29,9,9,2,15000,2023-10-28,153,8,4,5,2
373,3,29,28,2023-08-16,4,4,2,15000,2023-04-27,111,5,5,3,1
59,1,5,6,2023-08-16,3,3,1,4810,2023-08-08,8,1,3,3,1
124,8,76,78,2024-05-19,3,3,4,15000,2023-12-07,164,9,2,7,3
464,1,6,1,2025-09-27,1,1,2,15000,2025-06-06,113,2,5,6,2
169,4,31,38,2025-05-03,2,2,1,6040,2025-03-22,42,6,3,6,1
340,6,58,60,2023-02-24,3,3,3,15000,2023-01-16,39,9,3,5,2
160,1,4,7,2025-10-31,7,7,2,10502,2025-05-31,153,1,4,5,1
228,7,66,69,2025-05-15,5,5,2,10330,2025-05-10,5,2,2,4,2
453,5,47,50,2023-05-19,5,5,1,2095,2023-01-10,129,1,3,5,2
151,5,50,42,2023-02-23,4,4,1,15000,2022-12-04,81,7,1,4,2
118,1,2,4,2024-05-18,1,1,3,15000,2023-12-09,161,10,1,6,3
286,5,47,42,2024-11-14,8,8,3,15000,2024-11-01,13,9,1,4,1
82,9,85,90,2023-12-05,10,10,4,9155,2023-10-06,60,2,4,2,1
143,9,90,84,2024-12-10,1,1,4,15000,2024-10-26,45,7,5,2,1
463,3,21,29,2023-04-07,8,8,4,1980,2023-04-03,4,7,3,5,2
215,8,72,80,2024-12-28,9,9,3,3772,2024-08-18,132,5,3,6,2
469,2,16,14,2023-11-01,6,6,4,15000,2023-10-28,4,2,1,3,2
155,7,65,70,2023-06-11,2,2,2,15000,2023-06-10,1,10,5,7,2
443,3,23,29,2024-11-29,9,9,4,6268,2024-09-25,65,2,4,5,2
108,1,4,7,2023-09-11,9,9,2,15000,2023-06-03,100,5,3,1,3
458,4,35,36,2023-08-12,7,7,2,15000,2023-08-04,8,5,2,6,3
464,9,86,82,2023-06-27,7,7,3,10802,2023-05-01,57,4,1,2,2
485,2,16,18,2024-08-12,3,3,2,7831,2024-02-25,169,10,5,1,2
352,3,29,25,2024-04-28,7,7,3,15000,2023-11-23,157,6,1,7,2
159,2,20,19,2025-01-24,8,8,1,4327,2024-10-06,110,3,4,5,2
373,3,26,25,2023-12-26,8,8,3,15000,2023-08-19,129,4,5,2,1
428,3,29,25,2023-05-03,6,6,2,4428,2023-05-02,1,2,4,3,3
483,3,23,29,2024-01-13,3,3,3,15000,2023-10-21,84,2,5,6,1
495,1,5,1,2023-07-04,2,2,2,15000,2023-05-19,46,9,3,2,3
150,6,59,54,2023-08-12,5,5,2,15000,2023-08-07,5,2,2,6,3
98,1,10,4,2025-02-22,10,10,2,11323,2024-10-14,131,7,1,6,3
294,7,66,68,2025-09-27,4,4,1,7809,2025-04-21,159,1,3,6,3
66,7,68,69,2024-05-28,4,4,1,6217,2023-12-07,173,5,2,2,1
164,3,22,24,2025-06-01,4,4,4,15000,2025-01-18,134,3,3,7,2
58,8,74,78,2024-08-25,4,4,2,15000,2024-08-08,17,4,1,7,2
309,5,43,45,2024-04-01,3,3,2,3333,2023-10-10,174,9,3,1,1
54,2,13,12,2023-11-16,7,7,3,15000,2023-11-06,10,8,3,4,2
295,10,98,93,2024-11-17,9,9,2,5864,2024-07-29,111,6,4,7,1
68,4,35,36,2025-02-07,3,3,4,15000,2024-09-05,155,5,3,5,3
2,6,58,54,2023-07-24,8,8,1,432,2023-04-27,88,1,5,1,1
278,7,66,62,2025-10-13,6,6,2,15000,2025-05-16,150,9,1,1,2
105,6,51,54,2025-09-22,6,6,2,11984,2025-06-27,87,1,2,1,2
384,7,63,68,2024-02-06,10,10,3,13629,2024-01-10,27,7,4,2,1
163,9,89,81,2025-04-18,5,5,2,15000,2025-04-06,12,9,5,5,2
379,4,40,34,2023-01-12,1,1,2,15000,2022-12-26,17,3,3,4,1
96,1,10,4,2025-12-29,4,4,2,9638,2025-09-25,95,8,1,1,1
493,9,86,82,2024-06-22,1,1,2,15000,2024-03-23,91,8,2,6,1
365,2,13,20,2025-04-15,3,3,4,15000,2025-04-02,13,3,5,2,2
297,4,37,33,2025-09-20,3,3,2,15000,2025-06-05,107,6,2,6,1
498,4,38,33,2025-10-19,6,6,3,15000,2025-05-31,141,9,3,7,2
388,8,72,75,2023-05-07,8,8,1,12573,2023-03-04,64,3,3,7,1
66,7,65,63,2023-09-14,9,9,3,15000,2023-05-21,116,3,1,4,3
1,8,75,77,2023-08-17,6,6,4,2023,2023-07-03,45,3,3,4,2
404,10,94,92,2025-11-06,1,1,4,3691,2025-05-18,172,4,3,4,1
148,4,36,35,2023-09-23,6,6,2,5564,2023-09-20,3,4,3,6,2
296,10,100,96,2024-10-18,2,2,4,15000,2024-07-10,100,2,4,5,1
285,10,94,95,2025-03-05,4,4,4,15000,2025-02-13,20,5,1,3,1
450,2,14,16,2023-03-15,3,3,2,15000,2022-11-15,120,9,4,3,2
9,1,5,7,2023-07-01,9,9,4,15000,2023-02-08,143,10,1,6,3
240,3,24,21,2024-10-11,1,1,4,13052,2024-09-17,24,5,4,5,1
454,3,24,22,2025-06-15,4,4,1,1047,2025-03-08,99,1,5,7,2
491,2,19,13,2025-11-24,10,10,4,15000,2025-11-18,6,7,5,1,3
195,7,64,62,2023-06-07,4,4,4,15000,2023-05-25,13,1,4,3,3
34,8,72,71,2023-06-05,2,2,4,15000,2023-03-13,84,4,1,1,2
31,3,23,24,2025-01-20,4,4,3,15000,2024-08-24,149,4,3,1,1
391,10,95,91,2024-03-05,6,6,2,15000,2024-01-30,35,5,4,2,3
133,10,94,99,2023-08-06,5,5,4,15000,2023-06-07,60,2,1,7,2
194,3,27,25,2025-04-23,9,9,2,11095,2025-03-21,33,8,4,3,2
117,8,72,75,2023-05-16,4,4,4,15000,2023-02-08,97,6,5,2,1
104,8,79,77,2025-12-01,8,8,1,15000,2025-06-13,171,3,5,1,3
375,2,15,12,2023-06-19,4,4,4,15000,2023-01-23,147,1,4,1,3
376,9,83,89,2025-05-07,7,7,4,15000,2025-04-24,13,9,2,3,1
412,5,41,49,2024-09-11,3,3,4,15000,2024-05-28,106,4,2,3,2
300,1,1,3,2024-02-08,6,6,4,8025,2023-11-25,75,9,4,4,1
426,1,6,9,2024-05-27,2,2,2,15000,2024-03-30,58,1,5,1,3
21,1,6,4,2023-10-09,6,6,2,6109,2023-08-03,67,3,1,1,1
42,5,50,48,2023-07-19,9,9,3,15000,2023-01-24,176,3,3,3,2
74,8,74,72,2023-11-10,1,1,4,15000,2023-08-10,92,10,4,5,3
153,10,100,93,2024-08-07,8,8,4,15000,2024-04-10,119,9,5,3,2
330,1,10,4,2024-10-17,9,9,2,10494,2024-06-03,136,6,3,4,1
210,4,40,39,2023-06-04,2,2,2,15000,2023-01-21,134,10,3,7,1
193,6,60,52,2025-05-09,2,2,1,8153,2025-03-19,51,9,5,5,1
20,7,61,64,2024-09-01,3,3,4,15000,2024-07-29,34,5,5,7,1
159,1,5,3,2024-12-17,10,10,2,15000,2024-09-08,100,5,4,2,2
412,10,91,98,2024-06-06,6,6,2,914,2024-01-23,135,3,1,4,1
229,1,7,2,2023-07-29,3,3,4,15000,2023-03-06,145,7,3,6,2
179,8,80,72,2025-06-03,3,3,4,15000,2024-12-21,164,9,5,2,2
421,4,32,36,2023-02-05,1,1,3,15000,2022-10-07,121,4,3,7,3
50,6,52,53,2025-10-10,9,9,1,583,2025-08-07,64,10,5,5,3
222,3,27,23,2025-01-22,8,8,1,14715,2024-10-06,108,10,4,3,2
40,7,68,66,2023-03-13,9,9,1,9384,2023-01-03,69,8,2,1,1
100,6,56,60,2023-05-15,8,8,3,15000,2023-05-12,3,4,2,1,2
440,3,25,22,2025-01-10,4,4,4,15000,2024-07-25,169,7,3,5,1
175,1,7,9,2025-02-02,2,2,1,6276,2024-12-26,38,3,1,7,1
156,3,25,22,2023-03-07,8,8,3,12180,2023-03-04,3,10,2,2,3
405,5,49,45,2024-10-05,2,2,2,15000,2024-04-27,161,1,3,6,1
346,9,82,85,2024-07-20,7,7,3,15000,2024-03-25,117,2,5,6,3
149,1,8,4,2024-08-20,7,7,3,15000,2024-06-28,53,2,5,2,2
449,3,27,26,2024-10-09,6,6,4,15000,2024-09-11,28,8,2,3,2
209,4,37,32,2025-11-19,9,9,1,4520,2025-08-10,101,2,4,3,1
138,4,34,38,2023-01-12,2,2,1,8437,2022-11-02,71,4,2,4,2
484,1,5,1,2024-07-16,8,8,4,15000,2024-05-29,48,6,2,2,2
154,9,87,84,2025-06-22,10,10,3,15000,2025-03-16,98,1,5,7,1
46,4,33,36,2025-11-18,4,4,1,8363,2025-06-03,168,9,1,2,2
174,4,36,33,2023-03-20,9,9,2,2696,2022-12-27,83,3,1,1,1
416,4,40,38,2023-09-20,2,2,1,14395,2023-08-09,42,7,5,3,3
285,1,7,8,2024-07-23,4,4,1,303,2024-06-28,25,7,4,2,2
315,7,66,64,2025-06-07,10,10,3,15000,2025-03-17,82,4,3,6,2
403,10,96,93,2025-07-22,5,5,4,15000,2025-05-26,57,1,4,2,2
262,2,17,15,2024-10-09,3,3,2,15000,2024-06-29,102,4,5,3,3
450,10,94,97,2025-08-19,1,1,3,15000,2025-05-09,102,5,2,2,2
130,2,12,19,2025-12-08,5,5,2,15000,2025-08-23,107,9,3,1,2
313,4,40,33,2023-02-24,6,6,4,6948,2022-10-17,130,7,4,5,1
47,7,61,66,2024-06-11,4,4,3,15000,2024-05-21,21,3,5,2,1
397,5,45,49,2023-04-29,9,9,2,14023,2023-03-12,48,7,3,6,2
250,1,6,3,2024-05-21,7,7,4,15000,2024-02-20,91,6,2,2,2
233,8,72,79,2024-02-12,1,1,4,15000,2024-02-04,8,2,2,1,1
424,10,93,100,2024-02-22,2,2,1,414,2023-11-26,88,3,2,4,1
3,5,46,42,2023-01-22,8,8,2,7306,2022-08-03,172,3,4,7,1
217,10,95,100,2023-12-27,9,9,3,15000,2023-09-24,94,9,4,3,1
9,1,2,3,2023-03-22,4,4,3,7234,2023-03-07,15,8,1,3,2
126,6,52,60,2025-01-26,9,9,2,15000,2024-10-04,114,1,2,7,1
107,3,30,22,2025-08-21,8,8,2,6979,2025-05-07,106,2,5,4,1
486,4,37,38,2025-12-29,2,2,1,7034,2025-12-07,22,1,2,1,2
134,6,57,54,2025-01-15,10,10,1,1369,2024-10-17,90,8,2,3,1
197,9,88,83,2025-08-07,9,9,4,15000,2025-05-28,71,8,5,4,2
258,7,64,61,2025-09-17,5,5,1,6731,2025-04-23,147,7,3,3,2
184,3,30,22,2024-05-26,9,9,4,15000,2024-05-22,4,3,1,7,1
432,10,93,99,2025-06-30,2,2,2,15000,2025-04-05,86,10,3,1,1
410,3,25,24,2025-10-18,3,3,1,4557,2025-06-15,125,6,1,6,3
399,6,60,56,2024-07-15,2,2,4,15000,2024-04-03,103,8,1,1,3
141,3,25,30,2024-01-07,1,1,4,15000,2023-12-17,21,8,4,7,1
357,3,23,27,2023-01-05,4,4,1,11079,2022-11-08,58,8,2,4,1
70,3,27,24,2025-09-29,2,2,3,15000,2025-04-11,171,9,3,1,1
81,3,30,22,2025-12-18,1,1,2,3132,2025-08-14,126,8,3,4,3
192,9,82,89,2023-08-20,8,8,3,15000,2023-04-30,112,5,4,7,2
87,7,69,67,2024-06-10,8,8,3,4863,2024-05-06,35,10,4,1,1
351,5,49,44,2025-06-24,1,1,2,15000,2025-06-18,6,2,4,2,1
102,5,41,43,2023-02-07,1,1,4,15000,2022-12-15,54,5,4,2,1
149,7,68,64,2025-11-10,8,8,1,12948,2025-10-06,35,7,4,1,1
218,8,71,77,2025-11-05,6,6,1,2069,2025-06-09,149,3,1,3,2
404,9,90,83,2024-12-16,4,4,3,15000,2024-07-08,161,1,5,1,2
361,4,33,38,2023-11-17,3,3,1,3069,2023-06-16,154,9,2,5,1
178,3,27,28,2023-05-27,4,4,1,14340,2023-02-10,106,8,2,6,1
261,8,77,75,2023-12-06,6,6,2,15000,2023-08-20,108,7,4,3,2
82,1,8,2,2023-01-08,8,8,1,8531,2022-12-14,25,7,2,7,2
401,6,52,55,2023-02-18,10,10,2,15000,2022-12-04,76,10,1,6,3
1,6,56,55,2025-11-26,7,7,3,15000,2025-07-04,145,9,5,3,1
257,1,9,1,2025-04-28,1,1,1,9605,2024-11-12,167,6,1,1,2
400,2,12,19,2025-02-10,8,8,1,8185,2024-09-19,144,2,2,1,2
231,10,99,91,2023-04-03,6,6,4,15000,2022-12-16,108,5,5,1,1
216,3,23,26,2025-11-25,7,7,3,12020,2025-11-06,19,3,3,2,2
499,9,87,90,2024-10-13,9,9,3,15000,2024-04-23,173,3,3,7,1
438,2,17,15,2024-01-02,6,6,3,15000,2023-11-18,45,1,1,2,1
174,6,51,59,2024-08-02,8,8,3,15000,2024-07-26,7,2,3,5,1
131,5,42,46,2023-10-22,6,6,4,15000,2023-06-02,142,7,2,7,2
27,7,67,65,2024-04-22,3,3,4,15000,2023-12-18,126,6,4,1,1
423,9,90,82,2025-09-03,2,2,3,8306,2025-06-01,94,2,3,3,2
421,9,90,84,2024-07-22,1,1,2,15000,2024-05-07,76,3,2,1,1
244,7,67,62,2023-11-29,5,5,1,5728,2023-11-02,27,2,2,3,1
184,6,51,52,2025-04-27,4,4,4,15000,2024-10-29,180,9,1,7,1
268,9,89,84,2025-11-03,7,7,1,15000,2025-11-01,2,6,1,1,1
203,10,99,94,2023-07-04,4,4,4,15000,2023-03-11,115,4,1,2,1
105,9,87,90,2024-03-24,4,4,4,15000,2024-01-20,64,7,2,7,3
343,7,61,62,2024-07-09,6,6,1,15000,2024-04-18,82,6,2,2,3
124,4,39,34,2023-04-07,1,1,1,14298,2022-11-19,139,3,1,5,1
15,3,23,28,2025-11-05,5,5,2,15000,2025-10-04,32,9,5,3,1
239,5,41,46,2024-02-03,7,7,4,15000,2023-08-09,178,8,1,6,1
225,1,9,5,2024-10-20,2,2,3,15000,2024-09-29,21,10,1,7,2
417,6,51,58,2025-07-13,7,7,2,14859,2025-04-10,94,10,5,7,3
302,2,20,14,2024-06-03,10,10,2,15000,2024-05-14,20,3,2,1,2
348,2,18,12,2025-11-15,6,6,1,8723,2025-07-29,109,4,1,6,3
136,5,50,44,2025-01-03,2,2,4,15000,2024-09-19,106,10,2,5,2
28,3,26,25,2024-01-16,10,10,2,15000,2023-09-01,137,3,1,2,2
359,6,58,56,2023-03-26,8,8,3,15000,2023-01-08,77,4,2,7,2
428,8,72,74,2025-12-08,10,10,3,12844,2025-09-13,86,7,5,1,2
22,3,25,24,2025-07-14,7,7,1,1789,2025-06-26,18,5,4,1,1
258,9,82,84,2023-05-15,6,6,2,14749,2023-03-15,61,3,2,1,1
441,9,81,86,2024-07-19,5,5,1,15000,2024-01-24,177,7,5,5,2
107,1,7,2,2023-06-27,9,9,3,15000,2022-12-30,179,6,2,2,3
414,8,74,77,2025-04-11,5,5,4,15000,2025-01-28,73,9,4,5,2
407,5,48,50,2023-04-24,2,2,4,15000,2023-04-06,18,2,3,1,2
483,1,4,6,2025-04-15,3,3,3,15000,2024-10-21,176,9,1,2,1
359,10,92,95,2023-08-13,5,5,3,15000,2023-07-28,16,10,4,7,2
176,1,2,5,2023-07-14,3,3,2,11903,2023-04-20,85,4,3,5,2
236,2,16,18,2023-03-21,9,9,2,15000,2022-11-25,116,9,5,2,3
122,5,47,41,2024-03-12,6,6,3,15000,2023-11-07,126,3,4,2,1
354,7,64,65,2024-06-25,7,7,1,5843,2024-04-25,61,8,1,2,1
97,7,66,63,2023-02-24,6,6,3,4466,2023-02-20,4,9,3,5,1
193,6,59,54,2024-12-06,5,5,4,7027,2024-09-16,81,4,4,5,2
296,9,81,84,2025-08-26,6,6,2,8231,2025-08-14,12,5,4,2,1
234,7,66,69,2023-06-10,5,5,4,15000,2023-03-04,98,1,4,6,2
292,8,71,72,2023-08-11,4,4,4,15000,2023-03-01,163,1,4,5,1
320,9,81,82,2023-10-03,7,7,4,15000,2023-08-14,50,4,1,2,2
303,7,62,70,2024-11-16,9,9,3,15000,2024-10-17,30,7,2,6,3
403,8,78,77,2024-07-30,8,8,1,11371,2024-06-21,39,10,1,2,2
239,5,45,44,2024-12-17,6,6,4,15000,2024-11-23,24,3,1,2,1
260,8,79,77,2025-09-24,3,3,1,8931,2025-06-15,101,3,4,3,2
448,2,13,16,2025-06-13,10,10,4,15000,2025-04-21,53,8,4,5,1
219,3,23,24,2023-08-24,4,4,2,10550,2023-08-02,22,9,4,4,3
199,10,96,98,2025-02-22,2,2,4,15000,2025-01-19,34,1,4,6,1
286,6,54,51,2025-10-20,1,1,3,15000,2025-05-18,155,5,2,1,3
149,8,72,79,2023-12-19,1,1,3,15000,2023-08-30,111,5,2,2,2
84,4,32,34,2025-09-10,6,6,2,15000,2025-04-26,137,3,4,3,2
232,6,57,59,2025-12-27,9,9,2,15000,2025-08-06,143,6,1,6,1
420,3,25,28,2025-07-20,5,5,4,15000,2025-07-13,7,3,5,7,1
348,7,67,64,2023-05-30,8,8,1,4759,2023-05-10,20,3,3,2,3
459,7,67,64,2023-04-10,9,9,2,6846,2023-02-15,54,8,2,1,1
221,5,46,48,2024-02-02,6,6,2,15000,2023-12-29,35,7,4,5,2
241,5,42,48,2025-11-11,1,1,2,15000,2025-06-30,134,5,1,2,1
333,7,70,69,2024-12-07,9,9,2,15000,2024-11-30,7,7,2,6,2
148,2,17,15,2025-01-09,2,2,4,15000,2024-10-16,85,2,3,4,3
328,2,15,11,2024-02-25,7,7,4,15000,2023-12-15,72,8,4,7,1
130,3,30,27,2024-02-15,5,5,1,3056,2023-11-14,93,5,1,4,3
237,1,7,10,2024-01-25,2,2,3,4583,2023-08-04,174,10,5,4,2
336,2,12,13,2023-03-16,9,9,4,15000,2022-12-11,95,5,1,4,2
448,3,25,30,2025-05-18,4,4,2,15000,2025-05-05,13,8,4,7,2
101,3,22,30,2024-03-28,7,7,1,14525,2024-01-27,61,8,4,4,2
294,3,22,29,2023-02-26,4,4,4,15000,2022-09-04,175,7,2,7,2
337,5,46,41,2024-11-06,3,3,4,15000,2024-08-24,74,1,3,3,2
390,8,75,78,2023-09-02,6,6,3,15000,2023-08-28,5,2,5,6,2
387,6,56,53,2023-03-31,5,5,1,12370,2023-03-10,21,5,1,5,2
202,8,80,71,2023-08-30,6,6,3,5085,2023-05-20,102,1,4,3,2
279,6,60,52,2025-11-06,6,6,4,15000,2025-10-24,13,1,4,4,1
58,10,93,96,2023-12-09,1,1,3,15000,2023-10-19,51,6,5,6,3
367,9,88,85,2024-10-22,9,9,3,15000,2024-09-16,36,2,1,2,3
60,4,34,39,2024-09-29,1,1,2,15000,2024-07-20,71,8,4,7,1
22,1,2,4,2025-06-03,6,6,3,15000,2025-05-11,23,9,3,2,1
168,3,25,26,2025-02-20,9,9,4,15000,2024-10-28,115,1,2,4,1
340,9,86,81,2024-10-10,7,7,3,15000,2024-06-23,109,10,5,4,1
103,4,34,35,2023-07-31,10,10,4,14824,2023-07-01,30,9,1,1,2
406,3,22,28,2025-07-23,7,7,2,15000,2025-01-28,176,1,2,3,3
466,2,20,16,2025-10-20,1,1,3,1243,2025-06-03,139,5,1,1,2
395,3,24,27,2025-12-04,3,3,3,15000,2025-06-12,175,1,1,4,1
288,8,72,73,2023-05-16,2,2,2,15000,2023-04-13,33,8,4,2,2
107,2,19,12,2025-12-29,1,1,3,15000,2025-09-15,105,7,3,1,2
500,3,29,22,2023-12-23,7,7,4,15000,2023-10-16,68,7,2,6,1
400,2,14,20,2024-09-16,8,8,2,6022,2024-04-15,154,2,1,1,2
22,5,48,42,2023-09-09,1,1,4,15000,2023-05-04,128,3,5,6,1
433,1,8,5,2024-06-05,3,3,3,2130,2023-12-22,166,7,5,3,1
32,5,43,45,2023-05-26,10,10,3,13930,2023-02-12,103,3,3,5,1
128,10,94,91,2025-02-14,5,5,4,15000,2024-11-18,88,2,1,5,2
74,2,18,17,2025-03-27,4,4,4,15000,2024-10-18,160,9,5,4,2
218,6,55,60,2024-12-05,7,7,3,15000,2024-09-16,80,1,4,4,1
399,2,20,14,2024-10-03,4,4,3,15000,2024-06-10,115,10,2,4,3
487,2,20,16,2024-08-25,2,2,1,15000,2024-06-23,63,9,3,7,3
3,3,26,27,2024-04-26,8,8,2,15000,2024-03-08,49,10,1,5,1
285,10,94,93,2024-02-16,3,3,4,14519,2023-11-28,80,7,1,5,2
125,3,21,29,2024-02-16,5,5,3,15000,2024-01-31,16,6,2,5,1
120,5,49,46,2024-11-06,6,6,2,15000,2024-07-15,114,7,2,3,2
82,6,60,55,2025-11-26,3,3,4,15000,2025-07-03,146,9,4,3,1
154,4,36,31,2025-09-19,3,3,3,6161,2025-03-31,172,10,1,5,1
346,10,98,97,2025-05-18,5,5,2,13296,2024-12-09,160,3,3,7,2
95,5,42,49,2023-03-03,2,2,1,13141,2022-12-21,72,3,3,5,1
188,9,84,87,2024-08-09,6,6,3,15000,2024-07-04,36,5,2,5,2
101,1,10,3,2025-01-22,7,7,3,15000,2024-11-25,58,10,3,3,2
406,7,62,63,2025-07-25,7,7,3,7800,2025-03-19,128,6,2,5,2
257,9,84,85,2025-02-16,7,7,2,15000,2024-08-24,176,2,4,7,2
500,1,6,1,2024-09-01,10,10,1,15000,2024-05-10,114,5,4,7,2
434,6,54,51,2025-03-03,4,4,2,15000,2024-10-13,141,7,3,1,2
350,4,34,38,2023-08-29,3,3,4,15000,2023-07-16,44,2,5,2,2
188,2,12,14,2025-10-22,2,2,4,15000,2025-07-04,110,3,2,3,1
300,10,98,92,2025-05-07,4,4,2,15000,2025-02-12,84,3,1,3,2
43,7,70,68,2024-06-15,7,7,2,15000,2024-03-04,103,3,2,6,3
131,5,42,46,2025-04-23,10,10,3,15000,2025-01-31,82,2,3,3,2
431,1,7,4,2024-03-05,5,5,2,993,2023-10-12,145,2,3,2,2
178,8,77,75,2024-11-17,9,9,2,15000,2024-08-19,90,8,4,7,2
264,7,65,66,2025-12-05,4,4,2,15000,2025-06-18,170,4,3,5,3
291,2,16,12,2024-07-29,10,10,2,12123,2024-02-15,165,5,5,1,1
201,10,92,93,2023-06-26,7,7,3,15000,2023-05-31,26,3,2,1,2
203,10,92,98,2025-07-03,7,7,1,6025,2025-04-08,86,9,5,4,3
128,10,94,100,2025-09-22,5,5,4,15000,2025-07-28,56,5,2,1,2
133,1,10,5,2023-12-05,4,4,2,15000,2023-11-28,7,2,2,2,2
164,9,82,83,2025-11-13,4,4,2,15000,2025-06-09,157,9,4,4,1
141,1,4,2,2024-12-12,5,5,4,9604,2024-07-18,147,3,5,4,2
274,9,90,83,2025-10-10,4,4,3,15000,2025-08-04,67,1,5,5,2
276,10,96,92,2025-10-07,10,10,4,15000,2025-06-11,118,3,1,2,3
401,5,50,48,2024-03-29,10,10,1,6548,2024-01-30,59,10,5,5,2
36,10,95,94,2025-09-09,10,10,2,4757,2025-05-23,109,4,3,2,1
36,1,4,10,2024-11-23,6,6,3,15000,2024-07-08,138,6,2,6,2
86,5,46,49,2024-08-31,7,7,1,9852,2024-06-24,68,10,3,6,1
25,2,16,13,2025-04-27,6,6,2,15000,2024-11-07,171,9,2,7,1
221,2,19,20,2023-03-18,3,3,1,1961,2022-10-23,146,6,4,6,3
372,6,57,52,2024-06-23,7,7,1,9894,2024-05-01,53,1,4,7,3
102,6,55,54,2025-08-26,7,7,2,4968,2025-08-03,23,9,5,2,2
326,10,92,99,2025-11-27,1,1,1,12789,2025-07-08,142,1,2,4,3
488,7,67,65,2024-07-05,1,1,1,1345,2024-03-27,100,1,5,5,3
112,1,8,1,2024-10-16,5,5,4,15000,2024-09-23,23,1,1,3,2
112,10,97,99,2024-08-04,3,3,3,15000,2024-07-17,18,1,1,7,2
448,5,43,48,2025-03-05,5,5,1,1702,2024-12-21,74,9,2,3,2
304,6,55,54,2023-05-31,2,2,1,15000,2023-05-17,14,9,5,3,2
214,5,46,50,2025-01-26,3,3,1,5471,2024-09-30,118,6,5,7,1
370,1,4,7,2023-12-03,4,4,3,11769,2023-06-24,162,10,1,7,1
139,1,5,1,2023-07-22,5,5,2,15000,2023-05-05,78,7,2,6,3
155,8,76,74,2024-08-25,4,4,2,15000,2024-03-13,165,8,2,7,2
148,6,58,51,2025-10-29,1,1,1,6662,2025-05-30,152,5,5,3,1
335,10,98,92,2025-08-10,3,3,1,1857,2025-04-12,120,5,4,7,1
143,2,18,19,2025-01-19,5,5,1,2556,2024-12-11,39,10,3,7,2
88,2,16,15,2025-08-01,5,5,1,4438,2025-03-30,124,8,3,5,1
83,3,29,25,2025-09-20,2,2,4,15000,2025-04-08,165,4,4,6,3
61,7,65,68,2024-03-02,4,4,1,7741,2024-02-02,29,1,2,6,1
269,9,84,89,2025-12-24,9,9,3,15000,2025-12-02,22,1,3,3,1
227,3,28,29,2023-03-06,1,1,2,974,2022-11-17,109,3,2,1,3
6,1,4,3,2023-02-02,8,8,3,15000,2022-12-06,58,8,5,4,1
295,2,20,15,2024-01-04,7,7,4,15000,2023-11-08,57,8,4,4,2
15,1,9,8,2025-07-24,3,3,1,2674,2025-02-13,161,2,2,4,2
16,4,35,39,2023-06-23,8,8,2,2205,2023-04-14,70,5,2,5,1
289,9,87,88,2025-10-08,6,6,3,15000,2025-06-24,106,1,3,3,2
83,10,92,91,2024-08-26,1,1,4,15000,2024-03-27,152,5,3,1,3
262,8,78,73,2023-03-07,10,10,4,15000,2022-12-24,73,8,4,2,1
432,1,1,9,2023-04-07,8,8,2,13657,2023-03-03,35,9,2,5,1
79,2,15,18,2025-12-29,4,4,2,8719,2025-09-19,101,8,5,1,1
33,9,87,83,2024-10-07,8,8,1,12574,2024-04-10,180,4,5,1,3
327,1,8,6,2024-08-25,7,7,2,6090,2024-03-02,176,10,4,7,1
120,3,30,24,2024-06-05,8,8,3,7757,2024-04-14,52,8,2,3,1
281,10,99,91,2024-05-21,3,3,3,15000,2024-03-18,64,5,5,2,3
20,6,55,58,2023-03-10,6,6,4,15000,2022-10-17,144,4,4,5,2
302,10,94,99,2025-07-02,9,9,1,13634,2025-06-03,29,4,5,3,1
464,1,7,8,2025-11-01,10,10,4,15000,2025-07-23,101,9,4,6,1
45,1,9,2,2023-12-25,2,2,2,15000,2023-10-07,79,7,2,1,1
401,5,48,47,2024-07-01,3,3,2,15000,2024-06-14,17,9,1,1,1
293,8,76,75,2025-05-28,10,10,1,12038,2025-05-05,23,1,5,3,3
106,3,30,23,2023-07-09,4,4,4,15000,2023-05-29,41,5,3,7,1
254,10,92,96,2024-02-09,5,5,4,15000,2023-09-29,133,1,3,5,1
456,2,14,18,2023-04-30,3,3,1,10069,2023-02-18,71,2,4,7,3
209,8,73,72,2025-10-05,9,9,1,728,2025-05-14,144,3,3,7,1
94,3,26,22,2024-03-22,5,5,4,15000,2023-12-21,92,4,5,5,2
254,2,11,14,2025-08-01,7,7,4,15000,2025-02-28,154,9,5,5,3
290,9,88,83,2024-01-13,3,3,2,15000,2023-07-19,178,4,2,6,2
373,3,23,26,2024-03-08,6,6,2,3897,2023-11-14,115,5,2,5,1
450,10,94,95,2025-07-05,5,5,4,15000,2025-04-26,70,2,1,6,3
459,7,61,70,2023-07-04,7,7,4,15000,2023-05-15,50,8,2,2,2
20,10,100,93,2024-10-27,8,8,3,15000,2024-08-17,71,5,4,7,1
298,7,61,67,2024-07-08,3,3,1,13707,2024-04-08,91,6,2,1,2
452,8,75,73,2024-01-27,2,2,2,11045,2023-11-28,60,9,5,6,1
228,6,57,55,2023-01-06,7,7,4,15000,2022-09-28,100,4,5,5,2
292,5,43,49,2023-10-31,7,7,3,15000,2023-08-12,80,4,3,2,3
8,4,32,33,2025-07-15,6,6,3,5388,2025-04-27,79,2,4,2,2
281,4,39,38,2023-06-17,5,5,3,15000,2023-03-11,98,1,5,6,2
60,4,39,31,2025-02-13,5,5,2,15000,2024-10-20,116,7,4,4,3
493,9,82,81,2023-02-14,1,1,3,15000,2023-02-06,8,8,1,2,2
382,1,4,8,2024-12-30,10,10,1,382,2024-12-12,18,9,3,1,1
426,10,96,94,2024-07-22,1,1,3,15000,2024-06-10,42,4,1,1,3
41,5,50,46,2024-09-06,2,2,3,15000,2024-08-19,18,10,5,5,2
223,5,42,44,2023-04-22,9,9,1,10097,2022-12-04,139,3,4,6,1
121,2,18,15,2023-12-25,10,10,1,8223,2023-10-13,73,10,3,1,2
10,5,45,48,2025-07-12,10,10,4,15000,2025-05-25,48,9,5,6,2
436,9,88,83,2024-10-24,1,1,3,15000,2024-07-14,102,9,3,4,2
189,10,96,97,2023-11-22,1,1,3,5693,2023-09-22,61,8,1,3,2
41,5,46,49,2023-06-16,2,2,2,2595,2023-02-05,131,7,4,5,1
79,6,55,53,2025-11-04,8,8,1,15000,2025-08-09,87,6,2,2,2
376,1,4,3,2024-10-29,10,10,4,15000,2024-08-13,77,3,4,2,1
41,4,34,32,2023-02-05,1,1,4,15000,2022-08-10,179,1,1,7,2
228,7,67,66,2025-07-05,3,3,2,10945,2025-03-28,99,7,4,6,1
359,5,50,43,2025-10-08,2,2,3,15000,2025-08-14,55,6,1,3,2
376,10,93,100,2025-07-31,5,5,3,15000,2025-07-03,28,1,1,4,1
363,5,47,44,2024-09-01,1,1,3,15000,2024-04-12,142,10,3,7,2
332,2,18,14,2024-07-02,7,7,2,12104,2024-02-04,149,3,2,2,2
110,6,55,58,2024-04-03,5,5,2,3835,2023-10-19,167,9,3,3,3
456,10,93,96,2023-08-31,7,7,2,15000,2023-06-14,78,5,3,4,1
36,9,85,87,2024-02-28,1,1,4,15000,2023-10-09,142,8,4,3,2
248,6,55,54,2025-05-12,8,8,4,15000,2025-01-09,123,8,5,1,1
129,1,6,7,2024-06-20,9,9,1,15000,2024-06-03,17,5,2,4,2
391,6,60,54,2025-12-02,5,5,2,5577,2025-08-21,103,6,2,2,1
482,1,2,4,2024-11-16,4,4,1,11172,2024-07-02,137,5,3,6,2
396,5,44,47,2025-01-05,3,3,3,15000,2024-09-18,109,1,5,7,2
256,1,7,4,2024-03-15,6,6,3,15000,2023-10-22,145,2,5,5,2
114,7,70,67,2025-03-09,10,10,2,15000,2024-09-16,174,10,1,7,3
174,4,40,34,2025-05-07,7,7,1,2507,2025-02-17,79,10,2,3,3
499,1,7,9,2023-02-12,7,7,3,15000,2022-11-18,86,3,1,7,2
409,9,85,81,2025-04-01,1,1,1,9582,2024-12-13,109,1,5,2,2
69,10,93,91,2024-02-02,7,7,1,8017,2023-12-13,51,3,2,5,2
67,9,90,86,2024-04-01,1,1,2,15000,2024-03-13,19,9,2,1,1
128,3,22,30,2024-01-02,7,7,1,2331,2023-11-26,37,2,1,2,1
170,1,10,8,2024-09-25,10,10,4,15000,2024-08-19,37,1,4,3,1
76,8,71,79,2023-04-07,7,7,4,11533,2023-03-20,18,1,5,5,2
45,6,58,52,2025-02-16,4,4,1,9362,2024-10-24,115,6,1,7,1
338,5,42,45,2025-02-06,7,7,4,15000,2024-10-22,107,2,4,4,2
495,4,33,32,2025-10-04,7,7,3,15000,2025-07-30,66,7,1,6,2
269,10,99,100,2024-11-17,9,9,2,15000,2024-06-07,163,3,5,7,3
257,7,61,67,2023-11-27,2,2,3,15000,2023-10-31,27,7,1,1,2
478,8,78,73,2025-05-27,10,10,3,15000,2025-01-01,146,5,4,2,2
145,10,95,97,2024-05-24,3,3,2,15000,2023-12-27,149,6,4,5,2
24,3,28,22,2023-06-24,3,3,2,6815,2023-02-01,143,4,2,6,2
356,9,90,85,2023-05-22,5,5,4,15000,2023-03-11,72,2,4,1,3
83,3,23,28,2025-02-02,8,8,4,15000,2024-08-09,177,8,1,7,2
101,1,9,10,2024-10-03,9,9,2,15000,2024-04-13,173,3,4,4,3
467,9,88,90,2025-03-14,7,7,3,15000,2024-10-10,155,6,2,5,2
321,9,84,89,2023-10-27,4,4,4,15000,2023-05-09,171,10,2,5,2
40,8,80,74,2024-04-09,4,4,3,2385,2024-03-17,23,7,5,2,2
317,7,70,66,2025-05-12,4,4,3,15000,2025-03-21,52,4,2,1,2
232,1,6,4,2024-10-18,5,5,4,15000,2024-08-19,60,7,4,5,2
60,1,9,2,2025-06-23,3,3,1,6408,2025-03-29,86,6,2,1,1
152,5,47,41,2024-01-14,9,9,3,15000,2023-10-26,80,1,1,7,2
173,7,68,64,2024-04-26,8,8,1,14050,2023-11-02,176,8,4,5,1
310,10,92,100,2024-08-25,5,5,4,8288,2024-03-31,147,5,5,7,2
444,8,76,74,2023-04-16,10,10,2,15000,2023-03-31,16,7,1,7,3
117,6,57,55,2023-01-07,4,4,4,15000,2022-12-09,29,5,5,6,1
215,1,2,4,2025-09-19,8,8,1,14897,2025-07-28,53,6,3,5,2
60,6,52,60,2024-12-01,1,1,3,15000,2024-10-13,49,7,3,7,1
113,5,42,49,2023-02-17,6,6,2,15000,2022-11-22,87,5,4,5,3
122,3,28,25,2023-06-16,10,10,3,15000,2023-04-05,72,10,1,5,1
413,6,52,58,2024-02-20,1,1,4,15000,2024-02-15,5,1,1,2,2
157,2,15,19,2024-10-09,1,1,1,5131,2024-05-31,131,7,5,3,1
404,6,53,54,2023-04-19,8,8,4,15000,2023-03-07,43,4,4,3,1
220,8,78,80,2023-09-13,10,10,3,15000,2023-06-22,83,1,3,3,1
299,3,25,29,2024-04-01,3,3,4,15000,2023-12-21,102,2,4,1,1
353,10,94,93,2024-08-15,4,4,4,15000,2024-03-27,141,10,1,4,3
427,3,29,22,2024-08-21,3,3,3,15000,2024-03-27,147,1,3,3,1
450,1,4,6,2024-01-29,9,9,3,11116,2023-08-10,172,8,1,1,1
337,4,34,37,2024-04-10,5,5,2,15000,2024-01-13,88,10,4,3,1
371,1,4,3,2024-10-15,7,7,3,15000,2024-10-11,4,10,4,2,2
23,8,76,74,2024-11-03,1,1,2,2066,2024-07-18,108,9,1,7,1
184,6,55,51,2025-01-30,3,3,3,15000,2024-09-09,143,5,1,4,2
231,2,12,16,2024-05-29,4,4,3,15000,2024-03-18,72,1,5,3,2
71,8,76,79,2024-05-15,8,8,3,15000,2024-01-28,108,5,1,3,3
177,1,1,10,2025-06-22,6,6,3,15000,2025-02-24,118,6,5,7,2
288,3,25,29,2023-10-30,5,5,4,15000,2023-08-25,66,3,5,1,3
487,9,84,83,2023-06-07,3,3,1,8307,2023-03-21,78,3,3,3,3
106,8,80,73,2023-01-11,5,5,4,7924,2022-09-11,122,6,1,3,1
271,6,56,52,2023-12-07,9,9,3,15000,2023-12-01,6,6,3,4,2
425,9,88,87,2023-07-02,5,5,2,12903,2023-01-09,174,10,4,7,1
51,7,61,67,2023-07-05,9,9,3,15000,2023-06-08,27,6,4,3,1
256,4,36,31,2023-12-06,9,9,4,15000,2023-06-11,178,5,1,3,3
429,10,99,96,2023-12-09,3,3,2,15000,2023-12-05,4,1,5,6,2
37,2,14,16,2023-06-12,9,9,1,12710,2023-03-15,89,1,3,1,2
241,8,72,76,2025-05-08,6,6,2,15000,2024-12-15,144,6,1,4,2
117,3,30,27,2024-12-29,7,7,4,15000,2024-08-31,120,2,2,7,2
335,2,15,19,2023-11-26,5,5,4,15000,2023-06-10,169,10,4,7,2
241,10,96,92,2025-03-06,10,10,1,1351,2025-02-05,29,3,4,4,2
60,3,22,29,2025-11-09,10,10,4,15000,2025-06-30,132,5,2,7,1
383,2,20,14,2023-02-17,4,4,3,15000,2022-10-05,135,6,5,5,2
172,8,75,80,2025-11-19,8,8,1,5768,2025-07-02,140,5,1,3,1
46,4,37,32,2023-02-16,7,7,4,15000,2022-10-03,136,7,4,4,1
309,10,92,96,2024-09-03,2,2,4,15000,2024-05-18,108,10,3,2,2
403,5,49,42,2024-04-19,2,2,1,7966,2023-11-07,164,2,2,5,3
308,6,55,51,2025-03-18,10,10,4,15000,2024-10-16,153,7,4,2,2
448,7,70,67,2024-12-07,1,1,3,8557,2024-10-09,59,4,3,6,1
110,7,62,64,2024-05-08,9,9,2,13119,2023-12-07,153,9,3,3,1
106,9,86,82,2023-11-17,8,8,2,15000,2023-08-15,94,1,1,5,1
448,5,45,47,2025-08-18,4,4,2,1929,2025-05-13,97,7,1,1,1
298,1,2,6,2024-10-31,1,1,1,7245,2024-06-19,134,7,1,4,1
201,1,8,6,2024-03-31,7,7,1,13710,2023-12-28,94,8,5,7,2
471,9,84,87,2025-12-12,7,7,2,4602,2025-09-05,98,8,4,5,1
494,1,7,8,2024-01-09,3,3,2,15000,2023-08-13,149,10,1,2,3
209,3,25,23,2025-07-17,6,6,1,10724,2025-02-21,146,2,5,4,2
84,1,6,2,2024-03-13,5,5,3,15000,2023-12-24,80,10,3,3,2
123,5,47,44,2024-04-22,7,7,3,15000,2024-04-17,5,4,4,1,1
444,4,37,40,2023-03-07,1,1,1,12695,2022-11-05,122,8,3,2,1
486,8,78,79,2024-03-22,10,10,3,15000,2024-02-22,29,7,5,5,3
423,1,3,7,2024-01-17,3,3,2,7992,2023-11-05,73,1,1,3,2
309,3,23,26,2025-11-12,2,2,1,13603,2025-05-29,167,6,3,3,2
378,8,80,77,2023-04-21,9,9,1,13467,2022-11-24,148,3,3,5,1
160,2,11,12,2023-01-12,1,1,1,15000,2022-10-23,81,2,3,4,3
16,3,28,25,2025-01-01,1,1,1,9895,2024-10-24,69,2,5,3,3
169,5,50,42,2024-10-05,2,2,4,15000,2024-08-12,54,3,5,6,2
178,8,74,79,2025-08-25,8,8,2,9704,2025-06-02,84,9,2,1,1
200,7,64,70,2025-03-19,7,7,1,10906,2025-03-12,7,6,5,3,3
494,8,74,73,2024-01-07,6,6,4,10895,2023-12-14,24,4,3,7,1
462,7,62,65,2023-07-15,5,5,4,15000,2023-03-30,107,6,4,6,1
313,8,73,75,2025-05-03,8,8,4,15000,2025-04-08,25,10,4,6,1
36,6,55,51,2025-12-29,10,10,3,15000,2025-10-23,67,1,4,1,1
252,2,17,15,2023-05-08,2,2,3,15000,2023-03-09,60,4,4,1,2
327,8,74,73,2023-08-21,10,10,3,15000,2023-06-10,72,3,4,1,1
189,9,90,87,2024-10-16,2,2,2,620,2024-06-30,108,5,3,3,2
307,7,68,69,2024-12-07,7,7,2,15000,2024-09-18,80,10,2,6,3
61,9,82,86,2025-12-14,5,5,4,8047,2025-07-23,144,4,3,7,2
238,4,38,40,2025-03-04,1,1,4,15000,2024-09-27,158,9,1,2,3
424,10,97,96,2024-04-24,6,6,2,15000,2024-03-12,43,5,4,3,1
389,3,28,24,2024-12-20,7,7,1,15000,2024-08-28,114,10,3,5,2
208,9,81,85,2025-09-07,7,7,2,13645,2025-05-16,114,3,4,7,2
283,7,70,67,2024-10-01,5,5,1,10050,2024-09-02,29,2,3,2,1
49,5,49,47,2023-01-24,6,6,3,15000,2022-11-11,74,6,2,2,2
329,7,63,64,2023-06-08,10,10,2,10631,2022-12-13,177,1,2,4,2
230,6,56,60,2023-05-23,2,2,3,15000,2022-12-31,143,10,1,2,2
192,7,68,61,2024-02-17,3,3,1,15000,2023-10-21,119,3,4,6,3
378,9,85,84,2025-09-19,10,10,1,8393,2025-09-08,11,10,1,5,1
136,2,11,12,2025-12-01,4,4,1,5215,2025-07-11,143,1,4,1,3
154,5,47,48,2023-05-20,4,4,2,15000,2023-02-05,104,4,3,6,2
300,6,53,59,2025-04-22,10,10,2,5309,2025-02-27,54,3,4,2,2
375,1,6,8,2024-04-25,4,4,3,15000,2024-04-01,24,7,3,4,3
43,1,3,8,2023-10-04,5,5,3,15000,2023-08-15,50,5,3,3,1
377,4,32,35,2024-04-22,6,6,4,15000,2024-02-17,65,3,5,1,2
465,8,77,78,2024-09-18,6,6,2,15000,2024-07-06,74,8,3,3,1
481,7,65,64,2025-05-09,1,1,4,15000,2025-05-05,4,4,3,5,2
113,8,71,73,2024-01-05,5,5,1,3344,2023-08-01,157,4,3,5,1
295,8,78,73,2024-07-30,6,6,2,638,2024-06-09,51,5,2,2,2
284,1,7,5,2025-12-19,1,1,4,15000,2025-11-05,44,1,2,5,3
50,7,67,66,2025-08-26,1,1,4,15000,2025-05-23,95,1,4,2,2
391,2,18,19,2025-03-22,8,8,1,15000,2025-03-13,9,3,5,6,3
5,4,36,38,2025-05-22,9,9,3,15000,2025-03-17,66,4,4,4,1
1,8,79,76,2024-08-11,8,8,4,15000,2024-07-17,25,3,5,7,2
447,1,3,2,2024-09-25,5,5,1,8541,2024-06-09,108,1,3,3,3
182,10,94,100,2025-01-14,3,3,1,10395,2024-08-16,151,1,3,2,2
182,3,25,24,2024-10-12,6,6,2,15000,2024-05-24,141,10,2,6,1
251,3,23,30,2025-03-11,2,2,1,11570,2024-09-27,165,5,3,2,3
348,6,53,51,2025-07-03,8,8,1,15000,2025-07-02,1,5,4,4,1
294,2,19,17,2025-09-19,4,4,3,2095,2025-06-29,82,1,4,5,2
198,4,39,35,2025-01-24,1,1,3,15000,2024-09-02,144,5,3,5,2
116,1,2,3,2023-08-23,2,2,4,15000,2023-03-08,168,2,3,3,3
482,5,50,43,2025-10-14,7,7,3,15000,2025-05-12,155,4,4,2,2
379,7,66,67,2024-03-13,5,5,2,3636,2024-01-02,71,9,2,3,1
370,2,19,18,2024-06-19,1,1,2,15000,2024-05-04,46,4,1,3,2
478,5,50,44,2025-12-11,9,9,3,15000,2025-11-02,39,5,2,4,3
362,10,99,98,2025-11-16,3,3,2,13185,2025-11-12,4,4,3,7,2
449,10,100,97,2025-12-30,3,3,2,4167,2025-08-23,129,2,2,2,2
246,5,47,44,2025-02-08,4,4,3,15000,2025-01-28,11,2,2,6,3
121,4,32,40,2023-04-22,6,6,3,15000,2022-12-20,123,5,3,6,1
31,4,34,36,2023-08-10,1,1,1,15000,2023-06-06,65,2,5,4,3
186,4,37,33,2023-03-05,5,5,4,15000,2022-12-10,85,2,2,7,1
495,3,27,29,2025-07-24,3,3,3,13791,2025-02-15,159,1,1,4,2
81,6,60,54,2025-02-11,6,6,1,15000,2025-01-31,11,10,4,2,2
48,4,37,32,2024-08-30,2,2,2,9546,2024-06-02,89,1,1,5,1
496,7,66,63,2023-10-08,2,2,3,15000,2023-07-05,95,8,2,7,2
433,7,64,61,2024-03-28,1,1,3,9263,2024-01-02,86,4,5,4,3
266,5,42,46,2025-09-07,10,10,4,15000,2025-06-03,96,1,2,7,1
262,3,26,23,2023-03-20,10,10,1,15000,2022-10-11,160,5,2,1,3
93,7,62,66,2024-06-12,6,6,1,12931,2024-01-10,154,2,5,3,2
13,10,100,91,2025-07-11,6,6,4,15000,2025-07-04,7,6,1,5,2
15,6,54,57,2025-10-28,4,4,3,15000,2025-05-04,177,7,2,2,1
162,8,76,75,2024-08-02,8,8,1,2130,2024-03-22,133,4,1,5,1
158,1,5,2,2023-06-02,10,10,2,10628,2022-12-26,158,1,2,5,1
5,4,37,34,2023-11-01,9,9,2,12319,2023-05-27,158,7,2,3,2
26,8,76,72,2023-02-26,8,8,2,15000,2022-12-12,76,6,2,7,2
170,8,79,76,2024-12-29,2,2,4,15000,2024-08-07,144,8,3,7,1
445,2,19,18,2024-08-25,1,1,4,15000,2024-03-29,149,10,5,7,3
321,1,6,1,2024-05-29,1,1,3,10002,2024-03-19,71,3,1,3,1
400,5,48,47,2023-07-17,1,1,3,15000,2023-06-16,31,9,4,1,3
475,5,42,44,2024-10-23,2,2,3,15000,2024-05-16,160,6,3,3,3
22,10,94,97,2023-11-28,2,2,3,10186,2023-10-31,28,10,4,2,2
411,2,20,19,2023-08-18,1,1,4,8499,2023-05-16,94,4,1,5,1
480,7,66,61,2024-12-08,2,2,3,2051,2024-08-12,118,6,3,7,1
464,2,16,20,2023-02-15,9,9,2,12280,2022-09-09,159,9,4,3,3
211,5,48,43,2025-04-16,3,3,4,15000,2025-01-27,79,10,2,3,1
225,6,59,53,2025-06-28,2,2,3,12859,2025-03-25,95,7,3,6,1
461,2,18,19,2024-07-18,8,8,3,12346,2024-04-08,101,4,4,4,2
444,4,33,39,2024-05-06,7,7,4,15000,2024-03-06,61,3,5,1,2
187,4,39,40,2024-11-08,6,6,1,8645,2024-08-07,93,10,4,5,1
297,1,10,5,2024-01-23,9,9,2,11773,2023-09-04,141,2,5,2,3
461,2,14,15,2025-06-17,2,2,3,15000,2025-02-24,113,4,1,2,2
180,3,23,27,2024-03-12,1,1,1,5304,2024-02-18,23,2,4,2,1
183,3,28,21,2025-02-17,8,8,2,9494,2025-01-07,41,6,5,1,2
303,3,26,24,2023-02-16,5,5,2,12242,2022-10-27,112,6,4,4,2
153,3,30,25,2024-09-11,5,5,2,15000,2024-06-05,98,8,1,3,3
230,7,67,69,2025-07-27,4,4,3,15000,2025-06-06,51,10,3,7,2
416,5,46,45,2024-11-06,9,9,4,6154,2024-06-08,151,3,1,3,2
298,2,20,17,2024-09-18,9,9,4,15000,2024-09-14,4,7,2,3,2
188,4,39,32,2023-11-26,1,1,1,5612,2023-09-27,60,9,1,7,2
337,8,76,77,2023-02-19,9,9,4,15000,2022-08-27,176,1,3,7,2
228,9,83,81,2023-09-26,3,3,4,8197,2023-08-08,49,7,1,2,2
319,8,76,80,2025-02-08,1,1,2,12422,2024-08-14,178,4,2,6,2
24,8,76,72,2024-05-18,7,7,1,15000,2024-03-16,63,7,1,6,3
42,5,46,42,2023-01-12,7,7,1,9144,2022-07-23,173,8,4,4,1
290,8,77,79,2024-05-05,5,5,2,15000,2024-02-22,73,3,3,7,2
370,7,62,63,2023-03-29,5,5,4,15000,2022-10-05,175,2,4,3,1
199,5,46,45,2023-08-15,10,10,2,15000,2023-06-17,59,6,2,2,1
410,6,60,59,2024-02-06,4,4,1,7892,2023-11-11,87,4,1,2,2
434,2,16,11,2023-11-25,1,1,4,15000,2023-07-10,138,7,3,6,1
390,7,70,67,2023-10-18,1,1,4,15000,2023-09-17,31,6,2,3,2
279,1,5,4,2023-07-29,6,6,4,15000,2023-07-18,11,2,4,6,2
24,4,40,36,2025-10-12,2,2,1,11377,2025-06-25,109,3,4,7,1
483,2,17,13,2023-05-21,7,7,3,15000,2023-01-31,110,7,5,7,2
267,5,44,47,2025-11-05,7,7,1,9710,2025-09-21,45,1,2,3,1
119,9,90,87,2024-10-30,6,6,2,14255,2024-09-03,57,4,1,3,1
373,7,67,66,2024-07-30,2,2,1,9631,2024-04-14,107,10,5,2,1
483,2,11,18,2024-09-07,3,3,1,774,2024-06-06,93,5,5,6,1
106,6,57,60,2024-01-14,7,7,4,15000,2023-12-24,21,7,5,7,3
377,8,74,80,2025-11-20,10,10,2,2780,2025-11-16,4,2,5,4,2
183,3,22,21,2023-09-07,3,3,3,9559,2023-08-07,31,5,4,4,1
346,6,51,55,2023-12-06,2,2,1,4711,2023-09-15,82,5,2,3,1
211,1,1,3,2024-07-22,2,2,3,15000,2024-06-25,27,3,1,1,1
330,3,24,21,2023-10-28,2,2,3,15000,2023-05-02,179,10,2,6,1
268,4,32,40,2023-12-10,7,7,1,15000,2023-11-16,24,6,3,7,1
170,2,15,18,2023-10-04,1,1,4,15000,2023-05-02,155,2,4,3,1
168,5,41,49,2024-12-10,2,2,3,15000,2024-08-05,127,6,2,2,1
246,5,41,48,2025-09-30,6,6,3,15000,2025-09-14,16,1,1,2,2
134,7,70,67,2025-01-19,8,8,3,15000,2024-07-28,175,9,1,7,1
248,4,33,40,2023-06-16,9,9,3,15000,2022-12-26,172,8,4,5,3
180,7,66,67,2025-05-02,1,1,2,15000,2024-12-15,138,8,2,5,3
89,3,21,29,2025-01-08,2,2,2,2531,2024-08-15,146,5,5,3,1
166,8,71,80,2023-04-26,9,9,2,15000,2022-12-24,123,10,5,3,1
270,8,79,76,2025-06-10,7,7,1,10387,2025-05-10,31,9,5,2,1
496,2,19,20,2025-12-20,1,1,2,15000,2025-09-22,89,8,1,6,2
394,10,92,94,2023-03-31,5,5,3,11275,2022-11-04,147,2,1,5,2
355,10,92,97,2023-04-20,2,2,4,15000,2022-11-18,153,4,5,4,1
330,10,93,92,2023-08-18,1,1,3,15000,2023-07-02,47,6,1,5,2
432,4,39,32,2024-03-15,7,7,3,2008,2024-01-30,45,3,3,5,1
435,10,94,96,2023-12-25,10,10,2,15000,2023-08-04,143,5,3,1,2
391,7,66,64,2025-11-28,9,9,1,9259,2025-07-12,139,5,4,5,2
489,6,51,54,2025-06-12,7,7,3,15000,2025-01-29,134,8,3,4,1
436,2,20,14,2025-08-12,6,6,1,11571,2025-07-06,37,2,3,2,3
418,10,97,96,2025-11-07,1,1,1,13268,2025-10-14,24,2,2,5,1
458,7,64,70,2023-11-05,9,9,1,8093,2023-10-09,27,6,2,7,1
81,8,73,72,2025-12-02,3,3,1,1711,2025-06-11,174,1,2,2,1
429,2,15,13,2024-03-18,8,8,1,9675,2023-11-09,130,6,5,1,3
229,2,19,11,2025-03-09,7,7,4,7819,2024-09-13,177,5,5,7,2
236,4,37,40,2025-08-10,9,9,4,15000,2025-06-19,52,3,4,7,1
316,1,8,7,2025-05-25,1,1,3,15000,2024-12-26,150,10,4,7,1
483,8,77,79,2023-01-29,7,7,4,15000,2022-11-24,66,8,2,7,1
451,4,32,37,2025-12-17,10,10,1,15000,2025-10-03,75,8,2,3,2
481,9,82,89,2024-09-11,10,10,4,15000,2024-06-17,86,9,1,3,2
166,5,47,48,2023-01-09,1,1,2,3607,2022-09-18,113,5,4,1,2
34,2,15,17,2024-01-01,1,1,2,14552,2023-11-08,54,2,3,1,1
50,10,96,99,2023-03-21,1,1,4,15000,2023-01-02,78,6,5,2,1
416,1,6,1,2025-11-15,7,7,2,15000,2025-10-17,29,5,5,6,2
242,6,59,58,2024-08-14,9,9,4,15000,2024-02-27,169,8,5,3,2
266,10,99,93,2025-10-17,7,7,1,8594,2025-09-06,41,3,4,5,3
405,8,78,72,2024-01-19,1,1,1,953,2024-01-03,16,1,3,5,2
456,8,75,71,2025-02-26,3,3,3,2217,2025-01-17,40,4,1,3,1
236,3,28,21,2025-02-03,1,1,1,3602,2025-01-18,16,10,4,1,1
406,4,32,31,2025-09-20,6,6,2,6982,2025-08-18,33,3,3,6,2
427,10,94,95,2024-11-25,3,3,1,2325,2024-09-28,58,2,2,1,2
122,5,41,50,2023-10-16,1,1,1,12915,2023-08-10,67,5,3,1,1
63,10,96,95,2025-06-09,2,2,4,15000,2025-03-30,71,1,1,1,1
146,10,98,93,2025-04-03,10,10,4,15000,2025-03-03,31,2,5,4,2
34,4,34,31,2023-02-11,7,7,4,15000,2022-10-05,129,9,4,6,1
168,1,8,5,2023-01-11,8,8,3,15000,2022-12-15,27,9,1,3,1
258,1,4,5,2024-11-24,10,10,4,1890,2024-09-09,76,1,1,7,2
153,1,3,1,2024-07-11,7,7,3,1030,2024-07-02,9,8,3,4,1
391,3,27,25,2023-04-21,9,9,3,15000,2023-01-08,103,9,5,5,2
475,5,41,44,2023-07-12,6,6,2,15000,2023-03-12,122,8,1,3,1
9,1,6,1,2023-03-20,9,9,4,15000,2023-02-17,31,1,2,1,2
437,10,99,100,2023-05-20,6,6,3,3935,2023-01-06,134,7,1,6,2
121,3,23,30,2025-02-16,10,10,1,7515,2025-02-12,4,6,3,7,2
373,6,52,57,2024-10-14,5,5,2,15000,2024-04-30,167,5,5,1,2
424,2,20,19,2023-05-28,2,2,1,6323,2023-01-12,136,8,2,7,1
136,6,51,54,2025-06-25,2,2,2,15000,2025-02-05,140,3,5,3,1
462,2,19,18,2023-05-01,10,10,3,15000,2022-11-03,179,7,3,1,2
265,7,69,62,2024-05-28,8,8,1,11592,2024-02-16,102,2,4,2,2
248,10,94,98,2023-06-24,5,5,1,1324,2023-05-21,34,5,1,6,2
322,5,50,45,2025-01-30,6,6,2,15000,2025-01-07,23,7,5,4,2
2,4,38,32,2024-08-04,5,5,4,6276,2024-02-13,173,10,5,7,1
329,6,59,55,2024-11-10,5,5,2,15000,2024-11-09,1,10,1,7,1
106,5,49,46,2024-02-24,5,5,1,1912,2023-10-05,142,3,4,6,1
454,1,6,4,2025-03-20,6,6,4,15000,2024-12-26,84,9,2,4,3
450,1,9,1,2023-05-18,2,2,3,5666,2023-02-25,82,4,2,4,1
94,6,59,51,2025-08-10,5,5,3,15000,2025-06-10,61,1,1,7,3
116,1,4,3,2023-08-02,3,3,2,15000,2023-07-20,13,6,4,3,3
495,1,2,1,2025-12-10,4,4,1,15000,2025-07-09,154,7,3,3,3
442,6,51,56,2025-01-03,3,3,1,2334,2024-07-28,159,6,4,5,1
19,10,98,96,2025-01-26,9,9,3,15000,2024-10-13,105,3,5,7,1
4,6,56,53,2025-04-04,6,6,3,6868,2024-10-28,158,5,1,5,2
275,10,92,98,2025-09-17,5,5,1,2885,2025-04-10,160,7,4,3,2
26,3,22,30,2025-02-05,1,1,3,15000,2024-12-18,49,4,5,3,1
453,1,6,10,2023-04-17,10,10,3,15000,2023-01-31,76,8,1,1,1
240,3,21,24,2025-05-31,5,5,1,2572,2025-05-03,28,5,2,6,1
302,1,1,8,2025-05-27,4,4,1,11313,2024-12-05,173,10,3,2,2
295,3,28,23,2024-01-25,10,10,2,10947,2023-11-14,72,9,1,4,1
96,9,81,85,2024-10-12,6,6,4,15000,2024-04-20,175,6,1,6,2
275,6,52,54,2024-06-08,7,7,4,15000,2024-03-13,87,10,3,6,1
302,6,52,59,2024-10-29,2,2,2,6897,2024-07-23,98,7,3,2,1
9,2,17,15,2025-04-30,2,2,4,15000,2025-01-12,108,4,2,3,3
256,3,27,23,2024-03-11,3,3,3,3157,2023-11-26,106,7,1,1,2
194,6,58,55,2025-02-22,6,6,1,6521,2024-11-01,113,3,2,6,2
38,2,11,16,2025-01-09,4,4,2,15000,2024-09-27,104,10,5,4,2
337,9,90,81,2025-02-25,1,1,1,7621,2024-09-16,162,3,3,2,1
98,5,50,43,2025-10-03,10,10,1,1157,2025-09-07,26,9,2,5,1
168,6,57,58,2024-01-11,6,6,3,15000,2023-10-29,74,5,5,4,2
162,2,18,16,2023-08-19,3,3,3,15000,2023-04-25,116,10,3,6,2
169,5,45,43,2024-06-08,8,8,2,12672,2024-04-02,67,3,2,6,3
46,3,21,28,2025-12-18,6,6,4,15000,2025-08-30,110,9,1,4,2
359,5,46,48,2023-08-09,9,9,2,15000,2023-02-23,167,8,2,3,1
465,5,49,47,2023-03-28,9,9,3,2742,2022-12-22,96,4,5,2,2
6,6,59,51,2023-10-03,5,5,2,15000,2023-09-12,21,10,1,2,1
144,10,92,97,2023-04-19,10,10,3,15000,2022-12-03,137,9,5,3,1
364,9,87,84,2023-09-28,1,1,2,13419,2023-09-12,16,10,1,4,1
451,6,57,52,2024-04-30,3,3,4,15000,2023-12-19,133,5,2,2,3
125,8,78,75,2024-04-14,4,4,1,5765,2023-12-15,121,3,5,7,3
139,6,60,51,2025-10-24,3,3,4,15000,2025-07-15,101,2,3,5,2
165,10,100,95,2024-02-13,6,6,4,15000,2024-01-09,35,9,1,2,2
357,10,96,100,2024-10-18,1,1,2,9885,2024-05-16,155,5,2,5,1
234,4,31,33,2025-09-19,5,5,2,15000,2025-06-19,92,10,2,5,2
219,3,24,21,2025-05-27,6,6,1,8607,2025-03-04,84,5,3,2,1
454,4,39,37,2023-03-08,6,6,1,3564,2022-12-16,82,10,4,3,3
33,7,61,65,2024-09-16,8,8,1,11068,2024-06-10,98,3,4,1,1
264,3,23,30,2023-08-13,6,6,1,7990,2023-03-15,151,10,2,7,1
451,2,15,18,2025-06-12,9,9,4,15000,2025-01-10,153,7,3,4,2
248,6,53,52,2024-03-16,1,1,2,5221,2024-01-21,55,2,4,6,1
312,8,79,73,2024-10-27,4,4,2,15000,2024-07-05,114,10,5,7,1
29,2,19,20,2025-11-16,6,6,2,5375,2025-09-28,49,2,5,7,1
420,5,43,44,2024-09-27,1,1,2,4353,2024-09-05,22,5,1,5,1
357,8,80,77,2024-05-30,3,3,3,15000,2024-02-04,116,6,1,4,2
100,1,3,9,2025-03-23,6,6,4,15000,2024-11-21,122,4,5,7,2
153,9,81,88,2023-07-02,9,9,1,11506,2023-03-31,93,6,5,7,2
387,6,53,59,2024-11-18,1,1,3,15000,2024-06-26,145,4,1,1,2
122,8,72,73,2024-05-09,5,5,4,6269,2024-01-25,105,1,3,4,2
76,4,36,31,2025-04-06,8,8,4,15000,2024-11-20,137,2,2,7,2
495,4,37,33,2025-03-12,9,9,4,15000,2024-11-03,129,10,3,3,3
442,3,26,25,2025-06-23,10,10,3,15000,2025-01-02,172,6,1,1,2
283,6,56,59,2023-03-09,9,9,3,13313,2022-11-09,120,10,5,4,1
204,5,50,47,2023-03-25,4,4,3,15000,2023-01-25,59,6,1,6,3
323,6,51,55,2023-04-04,2,2,3,15000,2022-10-12,174,9,5,2,2
44,3,26,23,2024-11-07,6,6,2,2112,2024-05-24,167,10,1,4,1
18,8,74,79,2025-04-01,2,2,3,15000,2024-12-07,115,10,1,2,2
268,2,15,13,2025-11-23,7,7,4,15000,2025-06-16,160,10,2,7,2
231,6,53,55,2024-09-07,2,2,3,15000,2024-07-25,44,5,1,6,2
462,9,86,89,2024-07-15,5,5,4,15000,2024-02-05,161,10,2,1,2
488,7,64,63,2024-06-29,6,6,4,15000,2024-06-12,17,2,4,6,1
256,5,47,48,2023-04-30,8,8,2,15000,2023-04-17,13,9,3,7,2
208,6,56,54,2024-07-04,10,10,3,15000,2024-03-05,121,9,2,4,1
302,3,21,29,2023-12-14,6,6,3,3573,2023-07-20,147,7,1,4,1
264,6,55,53,2025-08-21,9,9,1,9269,2025-06-24,58,5,1,4,1
174,10,99,97,2024-07-17,7,7,3,15000,2024-03-24,115,10,3,3,2
223,3,28,30,2023-10-25,10,10,3,15000,2023-09-28,27,4,2,3,2
412,8,76,78,2025-12-26,8,8,3,15000,2025-07-05,174,7,1,5,3
313,2,18,17,2023-09-03,3,3,3,15000,2023-08-21,13,1,4,7,2
160,7,62,66,2023-09-09,9,9,3,13257,2023-07-09,62,3,1,6,1
380,3,21,25,2024-06-18,9,9,1,12715,2024-01-02,168,1,1,2,1
77,8,74,80,2024-06-27,8,8,4,15000,2024-05-06,52,7,4,4,1
447,10,96,99,2025-06-26,10,10,1,2732,2025-02-08,138,10,1,4,1
152,7,68,67,2025-02-15,4,4,3,15000,2024-10-28,110,6,3,6,2
365,6,59,60,2024-05-27,1,1,4,15000,2024-04-06,51,9,2,1,1
399,5,47,42,2024-03-05,9,9,3,15000,2023-12-22,74,5,5,2,2
261,3,29,27,2025-09-18,2,2,4,15000,2025-09-13,5,7,5,4,1
346,8,79,76,2025-08-19,9,9,1,5898,2025-05-11,100,4,5,2,1
361,3,25,24,2025-11-01,4,4,4,15000,2025-08-11,82,8,2,6,1
396,10,97,92,2025-12-19,5,5,1,12817,2025-09-16,94,9,5,5,3
138,2,18,19,2023-02-24,6,6,1,13495,2022-09-10,167,5,3,5,2
189,8,73,77,2024-11-02,4,4,2,15000,2024-06-15,140,6,3,6,2
24,1,1,9,2023-10-22,5,5,3,15000,2023-08-30,53,7,3,7,2
143,8,72,80,2024-01-17,10,10,1,10368,2023-11-06,72,1,1,3,1
108,5,43,50,2024-03-10,1,1,4,15000,2023-09-22,170,6,4,7,2
91,4,32,34,2023-11-04,4,4,3,12319,2023-07-31,96,8,2,6,1
154,5,50,45,2023-08-24,8,8,3,15000,2023-05-01,115,3,2,4,3
195,4,40,35,2025-04-25,7,7,4,15000,2025-03-19,37,6,1,5,1
358,10,98,97,2023-06-23,6,6,3,998,2023-05-09,45,9,2,5,3
140,7,69,64,2025-03-19,5,5,3,15000,2024-10-01,169,3,1,3,1
169,2,19,16,2025-07-11,3,3,1,8724,2025-05-24,48,2,2,5,1
216,8,74,77,2023-06-22,7,7,2,15000,2023-05-21,32,1,2,4,1
409,4,31,38,2023-04-12,7,7,4,15000,2023-01-02,100,4,1,3,1
37,5,50,42,2025-11-23,6,6,3,15000,2025-10-16,38,7,2,7,2
189,10,93,92,2024-06-21,10,10,1,8291,2024-05-19,33,7,3,5,2
156,3,30,21,2024-06-19,1,1,1,4558,2024-05-13,37,6,3,3,3
456,7,64,70,2024-02-27,8,8,2,1716,2023-12-25,64,3,3,2,2
187,3,21,24,2023-08-08,10,10,3,10332,2023-02-23,166,5,4,2,2
159,8,78,74,2024-11-23,2,2,3,14482,2024-07-22,124,8,3,6,1
301,10,95,98,2025-10-15,3,3,4,15000,2025-08-12,64,3,4,3,3
159,6,57,60,2024-07-22,8,8,4,15000,2024-06-27,25,9,1,1,2
334,4,38,40,2023-05-28,2,2,1,4198,2023-02-05,112,6,1,7,1
30,7,62,65,2023-07-10,8,8,4,15000,2023-03-02,130,3,5,1,2
62,2,17,13,2023-05-23,10,10,2,15000,2023-02-10,102,1,2,2,1
152,10,95,94,2023-02-16,4,4,4,15000,2022-09-03,166,5,5,4,2
373,9,89,83,2025-12-16,9,9,2,5521,2025-07-23,146,10,5,2,1
358,7,65,68,2025-01-13,9,9,2,15000,2024-08-12,154,1,4,1,2
406,4,32,39,2024-05-19,1,1,4,15000,2023-12-28,143,3,5,7,1
445,6,53,52,2025-11-27,5,5,4,15000,2025-08-04,115,8,4,4,2
207,9,85,82,2025-03-01,1,1,2,4378,2024-11-02,119,6,5,6,2
276,7,70,61,2025-02-21,7,7,3,15000,2025-02-19,2,9,5,5,2
207,8,75,78,2024-08-05,9,9,4,7033,2024-04-26,101,4,5,1,1
370,8,75,79,2023-01-08,4,4,3,7516,2022-10-24,76,1,5,7,1
374,6,56,51,2024-09-03,6,6,4,15000,2024-07-06,59,8,3,2,2
101,8,75,76,2025-07-31,3,3,1,4150,2025-02-03,178,6,5,4,1
477,6,56,58,2023-04-14,5,5,1,11616,2023-01-22,82,9,2,5,2
493,2,18,15,2024-06-21,10,10,1,2689,2024-05-17,35,10,4,5,1
279,7,68,62,2023-01-23,6,6,3,4243,2022-11-13,71,9,2,1,3
333,9,86,90,2025-04-27,2,2,1,7688,2025-03-07,51,3,4,7,2
404,10,96,92,2024-08-19,2,2,2,15000,2024-05-31,80,2,1,1,2
62,10,100,96,2023-09-12,9,9,1,2472,2023-05-25,110,1,1,2,2
57,2,18,20,2025-11-15,3,3,1,9311,2025-09-17,59,5,1,6,1
469,9,87,83,2024-06-07,6,6,3,6827,2024-04-22,46,3,1,5,3
118,4,34,32,2025-07-11,7,7,2,15000,2025-01-14,178,2,3,5,2
192,2,19,16,2023-04-14,1,1,4,15000,2022-12-21,114,9,1,5,1
470,5,49,42,2024-08-08,5,5,1,989,2024-04-29,101,4,4,4,3
218,6,53,57,2024-11-02,6,6,2,15000,2024-07-19,106,7,5,6,2
299,7,61,67,2024-04-03,5,5,3,10192,2024-04-01,2,4,1,3,3
14,8,72,78,2025-02-24,5,5,3,15000,2024-10-10,137,2,1,1,2
226,4,37,32,2025-07-06,8,8,4,15000,2025-05-25,42,7,4,7,3
433,10,100,91,2024-05-17,3,3,1,15000,2024-01-21,117,7,2,5,3
310,7,65,61,2024-08-28,1,1,3,15000,2024-03-14,167,4,4,3,1
429,8,77,71,2024-10-28,4,4,1,15000,2024-10-26,2,7,5,1,2
216,4,32,35,2025-04-09,7,7,1,15000,2025-04-07,2,8,3,3,1
93,10,95,98,2023-06-16,10,10,4,15000,2023-01-08,159,8,3,5,1
470,5,43,50,2023-02-16,6,6,2,15000,2022-10-21,118,10,4,4,2
136,2,18,20,2023-03-28,8,8,4,15000,2022-10-27,152,5,3,2,3
232,6,58,57,2023-06-06,9,9,4,5330,2023-02-22,104,5,1,2,1
494,5,50,42,2023-03-25,6,6,1,11505,2022-10-29,147,2,2,6,2
220,8,79,80,2024-09-18,4,4,3,15000,2024-07-20,60,10,5,3,1
80,3,26,29,2024-09-26,1,1,3,3977,2024-05-26,123,9,1,4,2
137,3,26,30,2025-01-07,3,3,4,15000,2024-12-24,14,4,3,2,1
104,4,33,36,2024-10-30,8,8,3,7351,2024-05-31,152,9,4,3,3
300,9,81,89,2023-01-11,1,1,3,15000,2022-11-29,43,7,2,3,2
215,9,89,83,2025-07-21,3,3,3,15000,2025-02-19,152,8,2,1,2
312,3,28,24,2024-07-17,10,10,2,15000,2024-04-11,97,7,1,3,3
466,6,54,56,2025-11-23,5,5,4,15000,2025-06-11,165,10,3,7,2
234,1,6,2,2023-08-19,9,9,4,1040,2023-05-10,101,5,1,6,1
332,8,73,77,2024-03-24,9,9,2,15000,2024-03-15,9,5,3,7,1
118,2,12,20,2024-09-13,5,5,3,15000,2024-08-09,35,5,5,5,1
249,9,81,82,2025-02-10,8,8,3,15000,2024-09-24,139,3,4,1,2
51,4,35,38,2025-07-29,3,3,1,8062,2025-01-30,180,1,4,2,2
143,5,42,44,2024-06-17,7,7,1,13106,2024-01-22,147,7,3,1,2
435,7,62,70,2025-03-06,7,7,2,1919,2024-11-28,98,10,4,4,1
420,1,3,2,2023-07-03,3,3,2,11211,2023-04-20,74,5,1,1,2
68,6,54,55,2024-04-12,4,4,2,15000,2024-04-05,7,9,2,5,2
486,3,22,29,2024-04-05,2,2,2,14315,2024-03-19,17,8,3,5,1
235,6,60,58,2024-07-01,1,1,3,7102,2024-04-15,77,9,4,1,1
152,8,73,76,2023-04-06,10,10,4,15000,2023-04-03,3,6,1,4,2
13,1,6,8,2024-06-14,5,5,4,15000,2024-02-02,133,4,4,5,3
407,4,39,31,2025-08-20,4,4,2,15000,2025-08-08,12,2,5,3,2
53,10,91,95,2023-08-06,7,7,1,10437,2023-05-04,94,3,3,7,1
382,6,54,55,2024-10-25,7,7,1,1199,2024-07-12,105,1,4,5,2
370,4,37,38,2024-03-14,7,7,2,1355,2024-01-23,51,8,2,4,2
342,3,22,30,2023-03-02,1,1,3,12696,2022-09-07,176,3,5,4,2
446,10,100,99,2023-06-14,9,9,2,15000,2023-05-12,33,1,2,3,1
488,10,97,95,2025-01-11,6,6,1,3904,2024-12-25,17,10,3,6,1
63,2,12,20,2025-02-24,9,9,2,15000,2025-01-28,27,6,4,1,1
9,6,58,54,2023-05-03,6,6,1,10397,2023-03-01,63,1,3,3,2
489,6,57,53,2025-08-24,10,10,2,15000,2025-07-29,26,4,1,7,1
239,2,11,20,2025-03-22,8,8,2,6452,2025-03-15,7,4,1,6,1
58,2,14,15,2025-08-14,9,9,1,6620,2025-07-07,38,7,5,4,2
471,4,32,37,2025-01-08,6,6,2,15000,2024-11-05,64,3,2,3,2
243,3,27,29,2023-07-03,10,10,4,15000,2023-05-18,46,2,2,1,1
105,6,57,56,2024-11-25,5,5,1,4553,2024-07-22,126,8,5,1,3
206,7,62,61,2024-06-08,3,3,1,4321,2024-01-01,159,2,1,6,1
284,8,80,71,2025-08-09,2,2,1,5396,2025-04-10,121,10,5,6,2
159,3,22,25,2025-09-15,9,9,2,7117,2025-05-07,131,6,4,1,1
455,8,76,80,2023-01-22,7,7,1,13585,2022-11-26,57,5,2,7,2
408,7,64,61,2024-03-14,4,4,2,15000,2023-12-03,102,4,4,4,2
148,8,72,77,2023-06-27,5,5,1,15000,2023-02-27,120,3,4,2,2
56,7,69,66,2024-03-20,5,5,4,15000,2023-09-27,175,1,5,3,1
297,5,43,46,2024-11-17,7,7,4,3841,2024-08-08,101,5,2,7,2
412,8,73,74,2025-07-25,3,3,4,15000,2025-07-16,9,7,4,5,1
4,6,57,52,2023-07-02,8,8,4,15000,2023-02-11,141,7,2,7,2
51,7,62,61,2023-03-25,5,5,4,15000,2022-10-13,163,2,5,6,2
445,5,46,41,2024-03-06,6,6,2,15000,2023-11-28,99,9,3,3,1
114,6,53,51,2024-02-07,6,6,4,15000,2023-08-28,163,10,4,3,3
457,9,84,81,2024-12-22,2,2,2,15000,2024-10-07,76,8,3,7,1
26,2,17,20,2024-01-28,6,6,2,15000,2023-12-29,30,2,3,7,2
188,9,87,85,2024-11-27,2,2,3,15000,2024-11-15,12,4,1,3,2
4,9,83,88,2024-01-25,8,8,4,1827,2023-11-06,80,8,5,4,1
269,9,85,88,2025-04-19,6,6,4,15000,2024-11-30,140,5,5,6,1
186,10,97,95,2023-05-31,9,9,2,10351,2023-02-19,101,3,3,3,2
271,6,51,60,2023-09-10,1,1,3,15000,2023-08-13,28,4,5,7,1
378,1,8,5,2024-07-20,1,1,4,6576,2024-05-01,80,8,5,6,1
164,4,40,36,2023-03-16,4,4,2,15000,2022-10-25,142,8,4,4,3
238,3,26,28,2024-04-24,10,10,3,12618,2024-01-16,99,5,4,3,3
188,5,47,50,2024-04-02,2,2,1,4564,2023-11-04,150,7,2,2,1
305,5,41,43,2023-02-23,1,1,4,15000,2022-10-15,131,1,1,4,2
260,7,67,61,2025-07-21,8,8,3,15000,2025-05-17,65,6,3,1,1
282,1,9,5,2023-04-03,8,8,3,12205,2022-10-12,173,2,3,1,1
355,8,74,77,2023-10-27,4,4,2,15000,2023-05-03,177,5,2,5,3
235,1,10,4,2025-03-11,3,3,4,15000,2025-01-06,64,9,5,2,2
181,2,19,11,2025-10-28,8,8,4,14566,2025-10-16,12,8,1,2,2
259,8,78,75,2024-10-20,8,8,2,15000,2024-08-22,59,9,3,7,3
299,1,8,10,2023-03-05,10,10,2,15000,2023-01-09,55,4,1,7,2
441,3,22,27,2023-03-15,2,2,3,15000,2023-02-10,33,3,2,3,2
386,7,65,68,2025-04-13,10,10,3,15000,2024-11-26,138,6,4,7,3
185,8,80,77,2025-12-07,5,5,3,15000,2025-10-15,53,2,5,7,2
97,2,20,12,2023-06-21,7,7,2,7931,2023-02-18,123,3,1,3,1
72,7,67,70,2025-12-22,6,6,2,15000,2025-09-22,91,3,2,1,3
290,5,44,50,2024-06-30,5,5,3,15000,2024-03-06,116,8,5,7,2
6,9,87,86,2025-06-25,4,4,4,15000,2025-02-19,126,8,3,3,2
314,2,15,17,2025-09-06,2,2,2,12695,2025-03-23,167,3,2,6,1
188,2,12,11,2024-04-09,9,9,4,15000,2024-02-18,51,1,1,2,3
164,1,5,4,2025-01-09,7,7,2,1337,2024-12-31,9,3,4,4,1
305,2,19,14,2023-11-17,2,2,3,15000,2023-08-02,107,3,1,5,2
273,5,41,46,2025-04-19,7,7,1,12679,2025-03-13,37,10,1,6,1
358,1,5,3,2023-11-10,6,6,2,12683,2023-08-09,93,4,2,5,3
130,8,71,75,2025-07-08,10,10,3,15000,2025-05-09,60,10,3,2,1
39,7,69,70,2024-06-08,5,5,2,14615,2024-01-05,155,10,2,6,1
480,7,70,61,2023-12-15,4,4,2,8462,2023-11-28,17,3,2,5,2
37,6,59,53,2025-09-26,2,2,1,6313,2025-05-13,136,1,4,5,1
413,1,1,9,2023-11-14,5,5,2,15000,2023-09-01,74,7,2,2,2
129,1,6,3,2023-12-29,4,4,3,15000,2023-10-06,84,2,4,5,2
346,4,32,31,2025-05-15,4,4,4,15000,2025-03-30,46,2,2,4,1
218,10,100,91,2023-12-20,4,4,4,15000,2023-10-10,71,1,3,3,2
315,8,71,74,2024-01-06,2,2,3,15000,2023-12-06,31,1,1,6,1
239,2,12,19,2023-01-03,6,6,2,15000,2022-12-08,26,2,3,2,1
295,5,44,47,2024-12-22,9,9,2,15000,2024-09-04,109,8,4,7,2
171,4,31,36,2023-08-23,5,5,4,4976,2023-05-05,110,2,3,3,2
437,4,36,37,2023-03-28,10,10,2,13351,2023-03-08,20,2,2,2,1
193,2,20,16,2023-03-03,2,2,2,15000,2022-12-30,63,1,1,5,3
123,4,36,37,2025-05-24,8,8,3,5702,2025-05-23,1,6,3,6,2
331,1,1,10,2023-10-18,4,4,1,15000,2023-05-06,165,7,3,3,3
449,8,74,78,2023-03-07,6,6,3,15000,2023-01-16,50,1,2,2,1
333,6,52,57,2025-09-08,2,2,4,1716,2025-08-25,14,6,1,1,2
328,10,100,98,2023-06-06,1,1,3,15000,2023-04-28,39,5,5,2,2
401,3,29,21,2023-08-08,4,4,2,15000,2023-07-05,34,6,2,2,1
477,8,78,74,2025-02-07,9,9,1,15000,2024-11-19,80,2,1,5,2
439,8,73,74,2023-12-15,5,5,2,15000,2023-08-17,120,8,3,5,1
144,7,65,66,2024-02-03,6,6,3,15000,2023-12-02,63,7,2,6,1
447,9,88,90,2025-11-15,1,1,1,15000,2025-06-30,138,10,5,6,3
41,6,54,60,2023-03-26,2,2,3,15000,2023-01-01,84,3,3,7,3
14,9,87,90,2025-08-26,7,7,4,15000,2025-08-05,21,1,1,2,3
133,3,24,23,2025-07-30,4,4,3,15000,2025-07-24,6,3,2,3,2
398,7,63,65,2025-11-05,8,8,4,6837,2025-10-07,29,10,4,3,1
223,1,4,2,2024-06-04,5,5,3,9626,2024-03-30,66,5,4,2,2
44,9,90,88,2023-11-20,6,6,2,15000,2023-10-06,45,3,1,1,3
13,3,30,28,2023-09-16,4,4,1,15000,2023-09-01,15,4,4,6,3
273,1,5,7,2025-12-29,4,4,1,12205,2025-10-26,64,2,1,1,3
201,10,96,91,2024-11-25,5,5,2,15000,2024-07-03,145,6,1,1,3
166,6,60,57,2025-04-16,10,10,4,15000,2024-12-16,121,7,4,3,2
395,9,83,81,2024-11-02,2,2,3,15000,2024-08-16,78,9,2,6,3
360,2,16,18,2024-06-12,9,9,4,15000,2024-03-03,101,2,2,3,1
491,9,90,87,2024-10-12,2,2,1,6828,2024-07-10,94,3,3,6,1
59,3,29,30,2025-01-19,5,5,4,15000,2024-08-26,146,9,1,7,2
414,10,92,97,2025-12-01,6,6,1,1560,2025-11-15,16,4,2,1,2
497,2,20,11,2025-03-17,5,5,3,15000,2025-02-04,41,7,1,1,1
334,2,12,16,2023-11-20,3,3,2,3322,2023-06-26,147,1,4,1,3
125,10,100,96,2024-12-25,2,2,4,15000,2024-09-12,104,6,4,3,3
416,3,27,30,2024-07-22,5,5,2,15000,2024-05-06,77,10,5,1,2
469,4,34,31,2024-02-02,1,1,4,15000,2023-12-02,62,8,2,5,2
290,7,70,69,2025-07-24,10,10,3,15000,2025-02-02,172,1,2,4,3
26,7,64,68,2023-01-08,7,7,2,5842,2022-12-29,10,4,3,7,2
340,5,50,41,2024-10-06,7,7,1,5435,2024-05-13,146,3,4,7,1
215,4,37,38,2024-02-29,2,2,4,15000,2023-11-25,96,8,2,4,2
333,8,72,71,2023-02-26,5,5,3,15000,2022-10-13,136,3,4,7,3
97,9,86,85,2024-03-04,1,1,3,15000,2023-12-16,79,2,2,1,2
40,3,27,23,2023-12-12,4,4,2,13674,2023-08-07,127,10,3,2,1
128,1,2,3,2025-10-08,6,6,1,5792,2025-05-04,157,5,2,3,3
392,10,99,95,2025-05-23,5,5,2,15000,2025-01-27,116,10,4,5,1
338,2,19,14,2023-07-14,1,1,2,7627,2023-04-04,101,1,5,5,2
481,5,48,43,2023-05-18,4,4,3,15000,2023-05-16,2,8,2,4,2
65,8,74,72,2025-07-01,1,1,2,1825,2025-05-01,61,10,1,2,1
238,10,94,92,2023-01-28,7,7,1,9253,2022-11-02,87,3,5,6,2
440,4,39,40,2025-02-13,8,8,3,15000,2025-02-06,7,8,2,4,2
173,8,71,74,2024-05-06,8,8,4,4199,2023-12-18,140,10,2,1,2
267,3,28,24,2025-08-06,2,2,3,15000,2025-07-20,17,2,1,3,1
162,10,93,99,2025-12-26,8,8,1,15000,2025-12-04,22,6,5,5,3
227,3,26,30,2023-01-31,9,9,3,15000,2022-11-20,72,8,4,2,2
57,3,23,30,2025-01-20,10,10,3,15000,2024-09-13,129,3,4,1,1
304,5,49,45,2025-12-11,6,6,3,9286,2025-08-25,108,5,4,4,2
54,7,68,63,2025-05-22,9,9,3,15000,2025-01-21,121,8,1,4,3
174,1,6,7,2024-11-15,9,9,3,13140,2024-07-27,111,8,3,5,1
293,6,60,55,2025-01-08,10,10,4,15000,2024-08-01,160,9,1,3,2
232,7,68,63,2025-04-25,10,10,3,15000,2025-01-30,85,8,1,5,2
479,7,61,66,2024-02-21,3,3,1,13148,2023-09-20,154,6,5,3,3
151,2,18,15,2023-11-29,6,6,4,15000,2023-09-23,67,5,3,3,3
304,2,20,18,2023-05-01,5,5,3,15000,2023-02-11,79,10,2,1,2
373,2,14,19,2025-01-21,7,7,1,1169,2024-12-07,45,1,1,2,3
478,5,44,46,2025-10-31,1,1,2,15000,2025-09-20,41,9,5,5,3
51,1,4,7,2024-07-11,8,8,4,15000,2024-02-17,145,4,4,4,2
440,5,48,46,2024-01-08,6,6,1,13507,2023-07-20,172,8,3,1,3
62,8,73,78,2023-12-12,6,6,1,11764,2023-11-19,23,10,4,2,1
77,10,98,96,2025-10-05,8,8,2,7363,2025-06-22,105,10,5,7,2
492,2,18,12,2025-03-29,10,10,3,15000,2025-02-17,40,3,2,6,1
79,6,56,60,2025-08-06,8,8,4,15000,2025-03-04,155,9,5,3,3
459,7,66,68,2023-11-02,2,2,4,15000,2023-07-18,107,7,4,4,2
153,1,7,6,2025-07-29,1,1,4,15000,2025-04-25,95,9,4,2,1
440,9,82,88,2025-03-31,2,2,1,6947,2024-12-07,114,5,1,1,2
254,9,87,90,2024-10-07,10,10,3,8510,2024-06-26,103,3,4,1,3
171,4,40,36,2023-11-11,8,8,1,8427,2023-06-07,157,10,5,6,3
282,3,29,23,2024-05-13,1,1,1,11820,2024-05-02,11,5,5,1,1
18,5,46,41,2023-12-29,2,2,4,15000,2023-07-21,161,7,3,5,1
77,5,45,41,2023-05-31,4,4,4,6340,2023-02-07,113,4,2,3,1
293,7,66,62,2024-09-21,5,5,1,15000,2024-07-29,54,7,2,6,3
16,1,1,3,2024-03-20,10,10,2,15000,2024-01-05,75,10,3,3,2
446,3,26,25,2024-11-17,2,2,3,15000,2024-09-21,57,10,5,7,3
309,8,77,80,2023-04-08,4,4,1,1033,2022-11-09,150,7,2,6,1
272,2,12,17,2023-12-03,2,2,3,15000,2023-10-22,42,1,3,7,2
490,10,95,100,2024-07-26,4,4,2,5885,2024-04-13,104,3,3,5,3
52,1,3,1,2025-11-07,5,5,2,15000,2025-08-20,79,5,5,5,1
316,6,56,54,2024-02-13,6,6,3,6085,2023-11-03,102,3,4,2,2
320,6,53,59,2025-07-07,7,7,2,15000,2025-01-28,160,4,4,1,1
342,3,24,23,2024-08-06,9,9,4,15000,2024-07-21,16,5,3,2,3
33,3,29,21,2025-05-24,3,3,1,13655,2025-02-17,96,10,5,6,1
490,3,28,29,2023-09-26,2,2,1,7712,2023-06-02,116,6,5,2,1
477,1,5,10,2024-04-04,5,5,3,6643,2024-02-13,51,4,2,4,1
428,4,40,33,2025-01-31,9,9,4,15000,2025-01-21,10,3,4,5,2
384,8,73,71,2024-04-14,5,5,2,8348,2024-03-07,38,9,1,7,1
134,6,57,60,2025-02-21,6,6,4,15000,2024-11-27,86,8,2,5,1
227,8,80,79,2024-07-09,8,8,4,15000,2024-06-09,30,3,1,2,2
284,4,40,34,2025-10-27,1,1,3,15000,2025-09-19,38,2,1,1,1
256,2,16,20,2025-01-25,3,3,1,11301,2024-09-24,123,8,2,6,2
455,2,14,15,2024-01-26,2,2,3,15000,2023-08-16,163,5,1,5,1
218,4,31,38,2023-05-30,7,7,3,15000,2023-01-05,145,2,3,2,2
500,9,81,86,2023-07-10,7,7,1,4741,2023-02-21,139,9,2,1,1
479,10,99,92,2023-07-22,3,3,2,15000,2023-05-12,71,3,2,6,2
430,2,15,19,2023-03-01,10,10,4,15000,2022-10-03,149,3,4,3,3
282,3,23,29,2023-04-12,6,6,3,15000,2022-10-25,169,3,2,3,3
27,1,2,1,2025-06-03,8,8,2,3169,2025-05-26,8,5,3,2,3
487,4,32,36,2024-12-13,8,8,2,15000,2024-10-28,46,3,4,5,1
232,9,82,81,2024-10-23,6,6,1,2138,2024-08-07,77,8,1,3,2
120,6,59,51,2024-04-01,8,8,2,12715,2023-11-24,129,10,4,1,1
90,9,81,90,2023-08-15,9,9,4,15000,2023-03-25,143,7,3,2,2
25,2,15,17,2025-01-02,2,2,2,15000,2024-08-01,154,7,2,4,2
378,3,21,23,2023-01-12,3,3,1,15000,2022-10-10,94,4,3,4,3
75,2,19,18,2023-07-20,1,1,3,15000,2023-04-08,103,2,2,4,1
126,9,88,86,2023-10-18,3,3,1,4887,2023-10-16,2,4,4,3,1
264,3,25,30,2023-05-07,9,9,3,15000,2022-11-16,172,10,2,7,3
279,8,78,75,2024-07-18,1,1,1,11478,2024-03-03,137,9,1,4,2
327,2,13,18,2025-06-15,8,8,2,2533,2025-01-25,141,4,1,7,2
494,9,89,84,2024-07-07,5,5,3,15000,2024-06-18,19,3,3,7,2
311,5,48,50,2023-12-27,8,8,4,15000,2023-08-01,148,10,1,3,1
374,1,6,7,2023-09-22,7,7,2,15000,2023-09-07,15,5,2,5,3
110,7,62,65,2024-08-06,2,2,3,13329,2024-05-10,88,6,4,2,2
256,8,77,78,2025-06-17,5,5,1,1024,2025-02-17,120,4,4,2,1
208,2,16,12,2023-06-20,9,9,1,14911,2023-05-31,20,6,4,2,1
140,2,16,13,2023-01-17,6,6,2,15000,2022-10-23,86,5,3,2,1
159,8,77,76,2024-09-28,4,4,1,13194,2024-07-31,59,2,3,6,1
282,4,38,36,2023-11-02,3,3,2,5636,2023-06-05,150,1,2,4,2
78,8,79,76,2025-11-16,8,8,3,15000,2025-09-18,59,8,3,7,3
52,6,52,51,2024-12-06,1,1,1,15000,2024-09-09,88,4,5,5,2
140,10,91,96,2024-05-09,3,3,2,15000,2024-02-26,73,5,5,4,2
321,10,99,92,2024-03-11,2,2,2,15000,2023-10-10,153,3,1,1,2
280,2,11,18,2024-11-16,3,3,3,13283,2024-05-30,170,4,1,6,1
125,4,31,40,2024-08-20,2,2,3,15000,2024-07-05,46,5,4,2,2
409,1,5,4,2024-05-12,7,7,2,15000,2024-05-04,8,6,4,7,1
245,1,5,9,2023-09-20,4,4,2,15000,2023-07-14,68,4,1,3,1
67,7,67,62,2025-06-09,2,2,1,8261,2025-01-06,154,1,1,1,2
249,1,4,2,2025-04-10,1,1,3,15000,2024-11-19,142,2,3,4,2
245,1,2,1,2024-12-14,4,4,4,10450,2024-09-26,79,10,2,6,1
290,2,15,17,2023-03-31,6,6,3,15000,2023-02-14,45,5,5,5,3
138,2,20,15,2025-11-27,9,9,1,9287,2025-07-21,129,2,4,4,1
297,5,46,49,2025-06-29,10,10,1,15000,2025-01-11,169,2,5,7,3
33,2,15,11,2025-01-31,4,4,4,15000,2024-11-18,74,10,1,5,1
12,9,87,82,2024-12-24,4,4,2,15000,2024-12-02,22,3,1,2,1
423,6,53,51,2024-04-04,3,3,4,15000,2024-01-23,72,5,4,4,2
169,9,84,81,2025-07-10,5,5,2,3918,2025-02-24,136,7,2,4,1
219,1,10,1,2024-03-26,8,8,2,15000,2024-03-02,24,5,5,2,2
38,8,80,73,2025-11-26,10,10,3,3792,2025-09-15,72,10,3,3,1
40,4,35,31,2024-01-22,9,9,4,8090,2023-07-29,177,2,1,1,1
66,6,53,60,2024-01-22,5,5,4,15000,2023-08-20,155,5,5,1,1
447,2,13,14,2025-06-17,3,3,1,6994,2025-05-30,18,4,4,2,1
152,8,79,72,2023-02-13,6,6,3,15000,2023-01-05,39,3,2,1,1
265,1,2,5,2023-08-08,1,1,2,15000,2023-02-18,171,6,5,2,3
227,4,33,38,2023-04-21,2,2,3,7665,2023-02-12,68,8,1,5,1
381,7,63,61,2023-01-21,3,3,1,15000,2022-09-01,142,5,2,6,2
418,10,96,94,2024-04-19,8,8,3,15000,2023-12-29,112,5,4,5,2
364,5,44,48,2025-09-22,6,6,3,15000,2025-09-14,8,6,5,1,2
430,10,99,100,2024-12-04,3,3,1,4896,2024-07-10,147,8,2,3,1
52,5,48,41,2023-05-15,8,8,3,15000,2023-01-19,116,1,5,1,3
357,10,95,97,2023-06-29,7,7,4,15000,2023-06-23,6,4,5,4,3
280,6,53,58,2023-04-20,1,1,4,15000,2023-02-20,59,4,4,4,2
380,10,91,100,2024-06-19,1,1,3,15000,2024-02-07,133,5,3,3,3
305,3,22,23,2025-03-08,6,6,3,13990,2024-12-23,75,4,1,6,1
422,10,91,94,2023-10-09,2,2,4,15000,2023-04-20,172,9,4,1,3
169,10,93,95,2023-07-13,5,5,3,15000,2023-02-13,150,4,1,4,2
22,9,82,88,2025-09-02,6,6,3,10927,2025-05-23,102,8,2,2,2
33,1,3,7,2023-03-14,7,7,1,709,2022-09-15,180,10,3,2,2
201,5,50,46,2023-11-19,10,10,3,10248,2023-07-17,125,8,2,7,1
91,5,49,43,2025-06-24,1,1,2,11570,2025-01-10,165,1,2,2,2
220,9,81,85,2023-08-29,1,1,4,15000,2023-03-06,176,7,2,2,2
250,5,41,49,2023-03-18,6,6,4,15000,2023-01-27,50,3,3,6,2
290,1,8,6,2023-05-05,5,5,1,14784,2022-12-23,133,1,5,5,1
100,1,6,10,2024-10-01,9,9,1,12930,2024-05-02,152,6,2,2,2
298,2,14,15,2025-02-28,7,7,3,6404,2024-10-12,139,8,3,5,3
462,8,76,74,2023-02-14,9,9,1,11247,2022-10-22,115,1,1,2,3
285,3,23,25,2025-05-20,2,2,4,15000,2024-11-30,171,9,1,2,1
403,10,92,98,2025-08-29,9,9,2,15000,2025-07-03,57,4,2,5,3
62,2,14,18,2023-03-12,2,2,3,15000,2023-01-14,57,10,1,7,1
486,2,17,12,2023-04-18,4,4,4,15000,2023-04-10,8,10,5,2,2
227,3,29,26,2025-03-24,10,10,4,15000,2024-10-02,173,6,4,1,2
159,8,80,77,2025-11-26,3,3,2,15000,2025-09-28,59,2,1,3,3
500,2,17,19,2023-10-25,7,7,4,15000,2023-08-08,78,4,1,3,3
132,10,93,96,2024-07-27,7,7,3,10802,2024-05-03,85,7,5,6,1
233,9,89,90,2023-10-23,2,2,1,4337,2023-06-24,121,1,4,1,3
382,10,92,97,2025-04-27,5,5,1,9315,2025-03-02,56,7,3,7,1
121,3,26,27,2023-04-12,1,1,4,15000,2022-12-25,108,5,3,3,1
360,5,46,42,2023-09-05,6,6,2,15000,2023-03-29,160,3,1,2,1
175,10,100,95,2023-04-30,7,7,2,15000,2023-03-07,54,7,3,7,3
27,1,1,4,2024-08-22,10,10,2,15000,2024-08-09,13,3,4,4,1
489,10,91,98,2023-01-10,6,6,3,15000,2022-07-24,170,6,3,2,1
394,6,59,58,2023-10-05,5,5,1,398,2023-05-08,150,3,1,4,2
433,6,54,55,2023-10-10,7,7,2,15000,2023-04-30,163,9,5,2,1
337,3,30,29,2024-06-11,9,9,3,2549,2024-03-05,98,5,2,2,2
139,3,22,21,2023-10-30,1,1,4,5344,2023-09-11,49,9,3,1,2
272,2,14,11,2024-09-05,7,7,2,15000,2024-06-20,77,10,4,4,3
110,6,51,55,2024-04-16,9,9,3,15000,2024-02-12,64,4,5,2,2
352,5,42,43,2024-08-15,3,3,2,15000,2024-06-22,54,9,2,4,3
305,7,68,65,2024-11-07,8,8,4,15000,2024-10-04,34,6,1,4,1
483,9,89,90,2025-08-01,4,4,4,15000,2025-07-12,20,4,2,5,1
404,6,55,58,2025-06-06,2,2,1,15000,2025-06-05,1,10,1,5,1
174,7,63,70,2025-08-28,6,6,4,15000,2025-08-07,21,4,5,4,2
97,6,58,53,2024-05-28,10,10,3,15000,2024-04-15,43,7,3,2,2
493,1,4,7,2024-01-30,4,4,4,2237,2023-08-04,179,9,2,2,1
407,10,99,91,2023-09-26,10,10,4,15000,2023-04-28,151,6,4,2,3
134,8,80,71,2025-12-15,5,5,2,2007,2025-10-29,47,10,4,1,2
18,7,67,61,2025-09-17,9,9,4,15000,2025-06-17,92,6,1,3,1
25,10,91,97,2023-06-02,10,10,1,15000,2022-12-04,180,6,5,5,2
119,4,38,35,2025-08-03,8,8,3,15000,2025-03-09,147,6,1,7,2
17,1,1,5,2025-10-13,9,9,3,15000,2025-07-05,100,4,3,1,2
474,5,45,43,2024-08-23,10,10,3,15000,2024-05-12,103,5,2,5,1
498,10,93,97,2025-12-08,6,6,3,6768,2025-06-25,166,7,3,1,2
304,6,60,54,2025-11-09,1,1,1,14381,2025-07-27,105,8,2,7,3
147,7,63,61,2025-05-24,10,10,4,15000,2025-05-01,23,5,1,6,1
213,10,98,92,2025-11-11,3,3,2,15000,2025-08-26,77,9,5,2,3
403,8,80,79,2025-09-13,4,4,2,15000,2025-04-16,150,4,5,6,2
78,1,1,9,2025-03-02,7,7,1,13224,2024-11-24,98,8,1,7,2
86,7,66,62,2025-10-21,5,5,2,15000,2025-06-25,118,10,3,2,1
267,8,76,75,2024-10-07,3,3,3,15000,2024-08-25,43,8,1,1,3
417,10,91,92,2024-02-10,4,4,3,15000,2023-09-17,146,2,2,6,2
472,8,76,71,2023-06-10,8,8,4,1981,2023-01-12,149,3,5,6,2
18,9,82,85,2024-06-25,7,7,2,15000,2024-05-14,42,7,3,2,2
215,1,3,6,2023-10-21,2,2,2,2842,2023-09-21,30,2,2,6,2
415,4,32,40,2024-01-10,7,7,2,12908,2023-08-29,134,7,2,3,3
176,1,3,6,2024-03-23,7,7,4,15000,2023-09-25,180,8,4,6,1
20,2,15,18,2025-03-08,1,1,1,7441,2025-01-18,49,5,2,6,3
122,3,28,22,2025-12-23,9,9,3,15000,2025-07-28,148,2,3,2,2
210,3,27,22,2023-07-18,9,9,4,15000,2023-05-21,58,6,5,2,2
336,3,21,30,2025-10-02,6,6,1,8404,2025-09-02,30,3,3,4,2
421,6,55,52,2025-01-28,2,2,1,15000,2025-01-24,4,4,4,2,2
22,8,76,77,2025-09-14,10,10,1,1695,2025-07-31,45,10,1,7,1
21,6,60,56,2025-04-02,6,6,4,15000,2024-12-25,98,6,3,3,2
493,8,76,78,2025-04-06,2,2,3,15000,2024-12-18,109,4,4,7,1
355,3,26,21,2025-11-04,6,6,4,15000,2025-10-16,19,8,5,2,1
148,5,50,42,2023-07-10,7,7,2,15000,2023-03-24,108,6,5,1,2
65,4,39,40,2024-09-09,2,2,4,15000,2024-05-13,119,7,3,1,2
321,8,76,78,2025-02-07,10,10,1,6710,2024-11-29,70,6,4,5,1
469,1,10,8,2023-01-14,9,9,3,15000,2022-10-11,95,7,4,6,2
231,4,39,31,2025-10-22,2,2,4,3094,2025-07-08,106,9,4,3,2
455,6,51,57,2023-05-03,10,10,2,15000,2022-12-28,126,7,1,3,3
112,4,37,38,2023-12-05,7,7,3,15000,2023-09-29,67,9,4,2,2
167,9,84,89,2024-02-05,10,10,2,15000,2023-12-19,48,4,4,1,3
74,4,39,40,2025-08-24,3,3,2,15000,2025-07-31,24,8,2,7,2
81,6,59,60,2025-04-18,4,4,1,3673,2025-02-18,59,6,2,5,1
236,7,66,69,2025-02-10,6,6,4,15000,2024-10-07,126,1,3,1,2
311,2,14,13,2024-06-21,5,5,1,13852,2024-01-15,158,4,5,5,2
167,4,32,31,2025-08-06,7,7,1,15000,2025-06-22,45,1,1,3,3
307,6,58,51,2023-11-05,1,1,2,15000,2023-09-30,36,2,2,7,1
10,4,40,36,2025-10-20,7,7,2,8264,2025-09-26,24,2,3,1,1
495,8,76,80,2023-01-20,8,8,4,15000,2022-09-15,127,2,4,5,2
282,6,56,53,2025-02-20,9,9,1,13487,2025-01-23,28,3,5,4,1
412,1,7,9,2024-12-21,10,10,3,15000,2024-07-20,154,9,5,6,2
329,8,80,77,2024-02-24,4,4,1,10758,2023-10-28,119,9,4,6,2
316,1,4,5,2025-10-09,6,6,3,15000,2025-05-21,141,4,5,4,3
338,5,50,48,2023-09-08,8,8,3,15000,2023-07-22,48,7,5,5,1
119,8,80,75,2024-09-21,6,6,1,9025,2024-07-25,58,4,2,6,3
185,1,3,10,2025-12-31,7,7,2,15000,2025-11-24,37,6,1,3,1
30,9,84,90,2025-05-15,9,9,1,10394,2025-03-12,64,3,1,4,3
74,3,27,28,2025-09-27,2,2,3,15000,2025-07-25,64,3,5,6,2
442,7,66,67,2023-05-31,4,4,3,15000,2023-03-05,87,7,3,3,3
156,2,14,16,2023-03-02,4,4,2,8452,2023-02-07,23,6,4,4,3
167,1,4,8,2023-08-13,10,10,1,10627,2023-03-23,143,10,1,7,2
283,1,7,5,2024-11-14,9,9,4,4000,2024-05-25,173,7,3,4,2
15,1,7,10,2023-08-26,10,10,1,1177,2023-04-15,133,3,3,6,2
470,3,29,24,2023-04-15,3,3,4,15000,2022-11-21,145,10,2,6,2
193,5,47,49,2025-04-09,8,8,2,8842,2025-02-27,41,3,4,3,1
302,8,72,78,2023-08-17,9,9,4,15000,2023-06-19,59,4,4,4,3
222,1,10,3,2025-09-19,1,1,1,10167,2025-04-13,159,10,4,5,3
181,3,27,21,2023-12-12,6,6,4,15000,2023-08-03,131,7,5,2,1
280,10,93,96,2025-08-19,9,9,4,15000,2025-05-05,106,8,3,2,3
441,2,12,16,2024-08-02,2,2,3,15000,2024-07-28,5,3,1,5,3
468,6,60,53,2025-09-15,6,6,1,2652,2025-07-17,60,2,1,1,1
379,2,14,17,2025-02-27,7,7,2,5545,2024-10-10,140,7,1,4,1
134,5,44,41,2025-09-10,5,5,4,15000,2025-06-09,93,10,2,3,3
122,1,10,4,2025-11-23,4,4,3,1027,2025-08-30,85,10,1,7,2
445,8,75,77,2024-09-21,5,5,4,15000,2024-07-04,79,6,1,6,3
401,5,41,46,2025-04-26,8,8,4,15000,2025-03-22,35,1,1,6,1
164,2,14,13,2025-09-28,7,7,3,9006,2025-04-17,164,5,5,7,1
345,10,97,100,2024-10-21,8,8,2,15000,2024-05-24,150,1,2,1,1
478,5,44,47,2024-07-07,2,2,2,15000,2024-06-18,19,2,4,7,2
495,9,88,86,2023-04-08,9,9,4,15000,2022-10-12,178,8,4,6,1
256,8,79,80,2024-04-06,7,7,4,15000,2023-11-28,130,3,2,6,2
239,4,33,32,2025-05-26,9,9,3,15000,2025-02-11,104,8,1,1,2
278,4,39,37,2024-07-22,6,6,3,15000,2024-07-05,17,10,4,1,3
383,7,70,68,2025-01-31,8,8,3,15000,2024-08-20,164,4,4,5,3
28,6,60,58,2024-11-10,4,4,2,15000,2024-09-28,43,9,1,7,1
387,2,20,17,2023-09-10,6,6,4,15000,2023-08-14,27,5,4,7,2
436,7,69,66,2023-10-27,7,7,3,15000,2023-05-27,153,4,5,5,3
306,10,97,92,2023-02-05,1,1,3,15000,2023-01-09,27,8,5,7,3
54,3,27,28,2023-03-11,9,9,4,15000,2023-03-07,4,3,3,6,1
123,5,43,45,2023-07-12,10,10,3,10552,2023-06-03,39,2,3,3,2
177,10,96,94,2025-05-12,3,3,4,15000,2025-03-30,43,4,1,1,1
189,1,5,4,2025-04-11,1,1,3,5465,2025-02-17,53,9,3,5,3
491,7,61,64,2024-08-14,1,1,1,4498,2024-03-26,141,1,3,3,1
385,10,99,97,2024-10-16,3,3,1,11748,2024-08-15,62,8,3,3,1
311,3,24,21,2024-02-28,2,2,4,15000,2024-02-16,12,4,3,3,3
381,10,95,92,2023-06-14,10,10,1,6368,2023-05-01,44,7,2,3,2
383,9,84,90,2023-07-01,9,9,4,15000,2023-04-14,78,1,2,6,1
347,7,68,62,2025-11-11,4,4,4,15000,2025-07-03,131,1,2,2,2
442,8,76,73,2025-08-06,1,1,3,15000,2025-04-27,101,3,5,3,1
40,1,7,1,2025-11-03,5,5,2,15000,2025-06-25,131,7,1,1,3
99,2,15,11,2023-03-07,7,7,4,15000,2023-02-27,8,9,2,2,2
454,2,13,17,2025-03-05,10,10,3,15000,2025-02-14,19,7,5,3,1
297,10,93,100,2023-11-06,7,7,4,15000,2023-06-23,136,9,3,1,2
157,2,17,14,2023-10-10,4,4,1,2745,2023-09-16,24,8,1,2,2
460,6,56,54,2024-07-07,5,5,3,15000,2024-06-28,9,5,3,7,2
69,2,12,16,2023-11-10,1,1,2,9525,2023-10-23,18,10,4,5,1
419,7,63,64,2023-11-11,4,4,2,5258,2023-10-01,41,4,3,6,2
253,5,50,44,2024-03-29,6,6,4,15000,2024-03-28,1,5,5,5,1
295,2,20,13,2025-02-06,1,1,3,15000,2024-12-15,53,7,3,4,1
162,5,42,49,2024-02-22,5,5,1,15000,2023-10-19,126,4,5,4,2
115,6,52,55,2023-10-29,3,3,3,12900,2023-09-05,54,8,3,7,1
187,9,88,83,2024-04-21,6,6,3,15000,2024-02-26,55,9,3,7,1
401,9,90,83,2023-11-07,1,1,4,15000,2023-08-30,69,9,3,2,1
163,9,82,88,2025-06-11,7,7,2,11258,2025-04-05,67,10,2,3,2
267,6,56,59,2025-04-30,8,8,2,8945,2024-11-14,167,2,5,3,2
465,5,49,41,2023-01-09,4,4,4,15000,2022-12-06,34,8,3,1,1
354,6,53,54,2023-01-11,9,9,2,15000,2023-01-08,3,1,3,3,1
370,9,85,87,2024-04-04,5,5,2,15000,2024-03-20,15,10,2,4,2
31,8,80,74,2025-10-23,2,2,2,1463,2025-07-14,101,10,3,4,2
93,2,11,13,2024-08-06,5,5,2,7442,2024-03-12,147,6,3,2,1
73,5,44,41,2025-02-24,10,10,2,15000,2024-12-05,81,2,2,1,1
258,7,64,65,2025-02-01,6,6,1,9804,2024-09-13,141,6,2,6,3
214,10,94,95,2024-04-26,5,5,4,15000,2024-03-25,32,5,4,5,2
484,2,12,18,2023-08-24,8,8,2,15000,2023-04-28,118,9,5,4,1
76,4,38,37,2023-02-27,2,2,4,15000,2023-02-09,18,2,3,1,2
468,7,69,67,2023-12-24,3,3,2,12698,2023-12-13,11,7,4,7,3
234,9,85,88,2025-07-14,7,7,3,10069,2025-02-10,154,9,4,1,1
322,6,53,59,2025-03-07,3,3,1,12660,2024-10-16,142,9,5,5,1
112,2,19,15,2025-05-16,1,1,2,7839,2024-12-31,136,3,5,5,1
197,9,84,89,2024-04-11,4,4,4,12964,2023-12-23,110,3,2,4,3
205,10,99,96,2025-12-31,10,10,2,15000,2025-10-04,88,8,1,3,2
132,1,2,3,2023-11-30,4,4,3,15000,2023-10-28,33,3,2,4,1
78,2,14,15,2024-02-16,2,2,2,15000,2023-09-07,162,1,4,5,3
449,8,74,72,2025-07-10,7,7,4,15000,2025-03-17,115,2,5,4,2
338,5,45,46,2025-10-01,5,5,4,15000,2025-09-09,22,1,3,3,3
231,1,7,2,2023-11-14,7,7,4,8408,2023-10-20,25,1,2,2,1
441,4,36,34,2023-06-10,10,10,1,15000,2023-02-09,121,5,2,6,2
271,1,6,4,2024-02-16,8,8,1,15000,2023-11-11,97,7,3,5,2
497,5,46,41,2025-06-24,7,7,4,2300,2025-06-15,9,3,3,2,1
76,3,21,29,2025-01-30,3,3,1,7755,2024-12-17,44,10,5,4,2
183,8,77,78,2023-08-30,2,2,2,15000,2023-03-06,177,4,1,3,2
17,9,90,82,2023-08-20,9,9,2,15000,2023-07-07,44,7,5,7,3
296,6,53,51,2025-05-07,2,2,3,15000,2025-02-28,68,6,1,3,2
344,4,38,33,2025-12-25,6,6,1,7475,2025-11-22,33,10,5,4,1
468,4,32,39,2024-01-30,6,6,1,6334,2023-11-09,82,9,2,2,2
293,3,30,28,2024-05-05,2,2,2,15000,2024-03-30,36,1,5,7,2
322,5,47,49,2024-10-01,7,7,3,15000,2024-08-18,44,5,5,2,2
343,9,83,86,2024-01-02,5,5,1,13913,2023-08-05,150,5,1,2,1
321,7,69,67,2023-06-20,9,9,4,15000,2023-05-07,44,7,3,2,2
326,7,61,67,2024-09-09,7,7,4,7285,2024-07-14,57,1,1,1,1
369,9,89,88,2025-06-07,5,5,4,3195,2025-03-11,88,6,1,6,1
485,3,23,21,2025-03-08,2,2,2,15000,2024-12-14,84,7,3,6,2
258,9,83,84,2023-10-19,10,10,2,4338,2023-09-11,38,5,3,4,3
79,3,26,25,2024-11-06,5,5,1,13032,2024-07-13,116,9,1,3,1
50,9,84,90,2025-08-19,5,5,3,1710,2025-08-15,4,9,1,2,2
21,3,26,28,2025-12-03,3,3,2,15000,2025-11-07,26,1,4,3,2
272,10,96,94,2024-07-06,6,6,4,15000,2024-03-16,112,10,2,6,2
231,1,7,10,2025-12-28,4,4,4,2273,2025-08-08,142,5,2,7,3
469,10,99,93,2024-01-27,9,9,1,12180,2023-10-07,112,10,2,6,1
104,10,93,92,2024-10-13,10,10,3,15000,2024-07-08,97,8,2,7,3
349,9,83,86,2023-01-02,7,7,1,15000,2022-09-10,114,6,4,1,3
50,5,44,45,2024-05-17,3,3,3,15000,2024-03-18,60,7,5,5,1
53,4,34,36,2024-06-17,1,1,2,15000,2024-01-11,158,3,3,1,1
447,10,95,99,2024-06-21,8,8,1,12396,2024-05-28,24,9,1,5,1
32,3,27,24,2025-01-04,8,8,4,15000,2024-09-25,101,5,3,6,3
235,5,44,43,2023-05-20,8,8,2,5637,2022-12-20,151,9,5,6,1
318,8,71,72,2025-03-08,8,8,2,15000,2024-12-03,95,6,2,6,3
256,2,12,15,2023-05-18,9,9,3,15000,2022-12-08,161,8,3,4,1
81,1,3,7,2025-11-28,9,9,3,1395,2025-07-03,148,6,1,5,2
52,2,18,11,2025-09-11,1,1,1,15000,2025-09-09,2,6,3,4,2
353,4,38,39,2025-08-03,9,9,4,15000,2025-02-20,164,4,2,7,3
429,9,83,82,2024-03-31,1,1,3,15000,2023-11-27,125,10,5,7,1
168,8,71,77,2023-09-12,9,9,4,15000,2023-09-09,3,3,1,2,2
183,6,59,54,2024-02-29,6,6,2,15000,2023-11-05,116,4,2,4,2
500,3,23,29,2024-05-02,3,3,1,15000,2024-01-05,118,6,2,4,3
317,5,50,41,2023-10-27,2,2,2,8418,2023-09-12,45,6,1,5,3
389,5,43,47,2024-04-20,4,4,3,15000,2024-04-16,4,8,5,6,1
496,8,71,73,2025-08-14,1,1,3,15000,2025-04-05,131,2,1,4,3
431,4,40,34,2025-07-20,10,10,2,5998,2025-04-25,86,6,3,7,1
18,5,43,50,2024-12-12,7,7,3,15000,2024-09-05,98,9,1,4,1
96,2,15,18,2023-10-08,1,1,4,15000,2023-08-03,66,10,5,7,1
29,6,57,56,2024-11-30,6,6,4,15000,2024-09-24,67,1,1,6,3
325,3,28,25,2025-02-09,7,7,3,2119,2024-09-10,152,2,5,7,2
268,1,2,1,2024-11-10,2,2,3,15000,2024-05-14,180,8,2,7,3
439,8,71,73,2023-12-29,4,4,2,15000,2023-10-15,75,9,4,5,3
47,7,61,68,2025-10-18,4,4,2,15000,2025-07-28,82,10,4,6,1
345,8,78,76,2025-07-29,2,2,4,15000,2025-02-15,164,5,2,2,1
353,6,53,58,2023-03-09,8,8,1,15000,2023-01-02,66,5,4,4,3
398,10,97,95,2024-01-19,9,9,3,15000,2023-08-29,143,6,5,5,2
454,4,37,31,2025-01-19,5,5,2,15000,2024-08-11,161,1,5,7,2
370,5,48,50,2025-07-02,8,8,2,15000,2025-02-15,137,6,2,3,1
457,3,21,23,2024-09-09,10,10,3,15000,2024-08-23,17,3,3,1,1
360,3,23,21,2024-01-01,6,6,2,15000,2023-09-06,117,10,5,1,3
262,10,96,99,2025-04-12,6,6,4,15000,2025-02-03,68,9,3,6,3
269,5,48,49,2023-10-13,5,5,1,8651,2023-07-29,76,10,1,5,1
256,9,83,84,2023-11-05,7,7,2,15000,2023-06-17,141,10,1,7,1
365,5,48,47,2025-02-20,2,2,2,15000,2024-12-12,70,3,4,4,3
336,3,21,22,2023-05-25,10,10,4,15000,2022-12-01,175,1,1,4,2
464,5,43,46,2025-06-16,3,3,2,15000,2025-03-12,96,9,3,1,3
454,2,13,17,2025-01-15,5,5,3,15000,2024-09-12,125,6,3,3,3
325,4,35,34,2025-12-17,2,2,1,15000,2025-10-01,77,1,3,3,2
160,2,20,19,2025-01-30,5,5,1,4925,2024-12-31,30,6,2,4,1
182,9,87,85,2023-06-12,6,6,3,5502,2023-03-29,75,8,2,1,1
216,4,34,35,2023-03-16,8,8,3,15000,2022-12-27,79,1,5,4,1
346,1,2,10,2023-04-02,4,4,2,15000,2023-03-19,14,2,2,7,2
430,3,25,27,2024-10-26,9,9,4,15000,2024-09-07,49,7,2,6,2
291,10,95,91,2024-08-19,1,1,1,3976,2024-03-22,150,2,2,1,1
65,1,6,9,2024-09-19,3,3,1,6330,2024-06-06,105,8,3,4,2
426,2,15,13,2025-04-23,4,4,1,5881,2024-11-01,173,10,4,3,1
88,2,16,18,2024-08-23,2,2,3,14581,2024-03-05,171,4,3,5,2
469,10,93,94,2025-01-05,7,7,2,14668,2024-11-06,60,2,4,7,1
10,2,20,11,2025-10-31,4,4,4,2776,2025-05-18,166,4,2,5,2
181,6,58,54,2025-07-28,1,1,3,9356,2025-03-09,141,3,4,1,1
192,4,31,37,2024-02-19,6,6,2,8947,2024-01-11,39,9,3,1,2
483,6,53,51,2025-02-22,3,3,2,15000,2024-12-17,67,3,4,6,2
397,7,69,61,2025-01-16,4,4,2,15000,2024-07-24,176,8,1,4,2
354,7,66,63,2025-06-14,7,7,4,15000,2025-02-19,115,9,3,6,1
319,7,63,70,2024-04-29,8,8,3,15000,2024-04-07,22,1,2,1,3
396,7,68,66,2024-02-14,5,5,1,13560,2023-11-19,87,9,2,3,1
435,3,29,30,2025-08-21,3,3,4,15000,2025-05-01,112,3,5,4,1
426,8,71,73,2023-09-08,4,4,1,10767,2023-06-27,73,10,5,5,1
97,5,47,44,2025-12-27,8,8,1,14570,2025-10-25,63,10,2,6,1
321,5,48,45,2025-02-07,4,4,3,15000,2024-11-24,75,3,2,5,3
126,7,66,63,2024-02-09,3,3,2,10145,2024-01-05,35,3,4,5,2
268,2,15,14,2025-03-22,5,5,3,5827,2025-01-24,57,7,3,6,1
378,2,11,19,2025-12-14,3,3,2,15000,2025-11-20,24,10,4,7,2
44,10,91,100,2024-05-22,2,2,1,12414,2024-03-14,69,10,1,3,3
459,10,98,91,2025-11-06,5,5,2,1242,2025-10-14,23,6,2,4,3
345,1,2,7,2024-02-02,6,6,3,15000,2023-08-30,156,9,4,5,3
74,4,31,39,2023-04-16,7,7,4,15000,2023-01-19,87,1,1,7,1
492,4,36,31,2024-05-12,4,4,3,15000,2023-12-22,142,6,5,7,1
473,5,49,48,2024-11-30,2,2,2,10632,2024-08-23,99,1,2,6,2
69,5,41,43,2024-02-14,7,7,2,7294,2023-11-23,83,2,1,3,2
195,9,84,90,2024-04-13,5,5,2,7741,2024-02-22,51,2,3,6,3
159,1,1,9,2024-03-22,5,5,2,15000,2023-10-28,146,9,2,5,1
394,7,69,66,2023-02-02,5,5,2,14509,2022-10-20,105,7,1,4,3
209,9,87,81,2024-01-16,8,8,4,15000,2023-08-22,147,5,1,2,2
249,7,66,61,2025-12-02,1,1,4,15000,2025-08-08,116,1,5,2,2
215,2,19,14,2023-05-09,10,10,3,15000,2023-03-02,68,8,4,2,2
100,10,94,98,2025-01-24,4,4,1,10534,2024-12-06,49,3,2,5,1
398,8,75,77,2025-12-07,7,7,4,15000,2025-09-23,75,8,5,7,1
471,6,53,59,2024-02-12,1,1,3,678,2023-08-23,173,2,1,1,1
33,9,85,83,2023-08-15,2,2,4,11796,2023-03-15,153,5,5,2,1
184,8,79,75,2023-10-09,10,10,2,11973,2023-08-29,41,5,2,1,1
494,8,79,75,2024-08-19,9,9,1,6901,2024-05-24,87,9,2,1,1
316,8,71,80,2024-08-15,8,8,3,8608,2024-03-28,140,9,1,4,1
405,4,36,33,2025-09-03,9,9,4,15000,2025-07-20,45,1,2,3,1
151,1,10,4,2025-03-24,6,6,3,15000,2025-01-22,61,5,3,1,3
25,3,27,28,2024-05-11,7,7,1,15000,2024-03-30,42,6,1,6,3
465,4,32,33,2025-08-06,4,4,4,15000,2025-03-04,155,10,3,3,2
212,2,19,14,2025-05-28,4,4,2,15000,2025-04-25,33,2,5,3,3
298,2,14,19,2025-05-23,7,7,1,12395,2025-03-24,60,4,2,5,2
159,8,76,79,2025-04-10,6,6,3,15000,2024-12-27,104,9,2,4,1
323,10,98,95,2024-02-10,1,1,3,5726,2023-11-02,100,8,5,6,1
256,10,91,95,2025-09-05,1,1,1,15000,2025-08-19,17,6,5,5,3
11,10,96,92,2023-11-22,3,3,4,15000,2023-08-27,87,8,4,3,1
283,9,89,90,2025-01-06,9,9,2,15000,2024-11-30,37,7,5,1,1
323,6,56,51,2025-03-31,5,5,4,7260,2025-03-22,9,2,3,1,2
68,9,86,90,2025-06-30,6,6,2,15000,2025-04-03,88,7,4,1,1
41,3,23,24,2024-09-17,4,4,2,15000,2024-07-09,70,10,1,2,2
78,5,44,50,2025-04-24,2,2,1,6313,2025-01-25,89,5,3,4,1
497,6,54,58,2023-04-23,4,4,3,15000,2023-02-23,59,1,4,7,2
75,9,87,81,2023-04-23,4,4,1,15000,2023-01-28,85,4,2,7,2
68,6,53,54,2025-10-14,6,6,4,15000,2025-08-01,74,9,2,2,3
132,1,6,8,2025-06-05,5,5,3,15000,2025-03-02,95,5,3,4,1
104,6,57,58,2025-04-26,2,2,2,14007,2025-01-05,111,7,4,6,1
260,2,18,15,2024-09-03,8,8,3,15000,2024-06-20,75,2,4,2,2
497,9,90,89,2023-07-28,5,5,4,15000,2023-01-30,179,5,3,5,1
318,9,89,86,2024-03-17,2,2,3,15000,2024-03-15,2,8,1,7,2
275,2,12,19,2025-05-05,5,5,2,15000,2025-02-23,71,7,1,1,1
129,1,8,4,2024-01-19,2,2,4,15000,2023-10-22,89,8,3,5,1
258,5,48,41,2024-05-11,1,1,4,7991,2024-02-17,84,8,1,6,3
189,2,14,18,2024-02-22,9,9,4,15000,2023-10-13,132,2,4,4,3
248,5,45,43,2023-09-10,10,10,4,15000,2023-08-27,14,4,5,7,2
445,3,22,21,2023-03-06,10,10,3,15000,2023-01-17,48,7,1,1,2
260,9,83,87,2023-08-13,1,1,2,13321,2023-07-16,28,6,3,7,1
16,8,78,80,2024-03-18,3,3,1,896,2024-01-18,60,6,3,1,3
321,2,19,15,2024-12-20,8,8,3,15000,2024-06-26,177,9,5,5,3
43,3,28,30,2025-04-15,9,9,1,15000,2025-01-16,89,10,3,2,2
471,10,100,98,2023-12-26,7,7,4,1624,2023-10-15,72,5,3,2,2
106,3,28,22,2025-04-26,7,7,1,13133,2025-03-18,39,1,4,6,2
370,9,88,89,2023-01-16,3,3,2,15000,2022-10-31,77,10,3,1,1
419,1,9,10,2023-07-11,7,7,3,15000,2023-02-21,140,2,1,2,2
350,6,57,59,2023-02-12,9,9,4,14645,2022-09-04,161,9,2,7,1
371,9,83,86,2023-09-30,4,4,3,8218,2023-07-14,78,8,1,6,2
264,1,7,1,2025-11-17,4,4,2,3985,2025-06-13,157,4,5,1,1
423,4,39,38,2025-10-15,1,1,4,10645,2025-06-01,136,6,5,3,3
183,6,59,51,2023-04-07,1,1,2,15000,2023-01-30,67,8,1,5,3
385,8,76,79,2025-12-16,7,7,3,8076,2025-10-09,68,2,4,2,1
194,5,44,41,2023-06-20,4,4,4,15000,2023-05-11,40,8,3,2,1
280,6,56,59,2025-10-27,5,5,4,15000,2025-09-26,31,3,1,1,1
57,3,25,30,2024-03-05,8,8,4,15000,2023-12-22,74,5,3,2,1
355,3,22,21,2024-03-14,1,1,3,12266,2024-03-04,10,5,1,4,1
349,10,91,95,2024-05-02,7,7,2,6870,2023-12-29,125,9,2,4,1
50,4,34,40,2025-05-25,4,4,3,15000,2025-04-01,54,9,4,7,1
15,8,78,75,2023-07-23,8,8,3,15000,2023-05-06,78,6,1,7,1
430,6,57,51,2023-12-18,6,6,4,9477,2023-08-25,115,8,5,1,2
303,9,82,84,2023-06-08,5,5,4,6027,2023-02-25,103,1,4,4,1
6,6,56,51,2025-08-06,3,3,4,9142,2025-04-09,119,6,1,3,2
77,4,32,37,2024-04-28,1,1,4,5148,2023-11-12,168,9,2,7,2
453,1,6,3,2023-10-17,6,6,4,15000,2023-05-30,140,7,5,2,2
284,6,52,51,2024-07-22,1,1,4,15000,2024-07-05,17,9,5,1,3
412,1,8,5,2025-05-02,5,5,1,11239,2024-12-20,133,7,3,5,2
395,10,94,91,2025-05-10,1,1,3,15000,2024-12-21,140,9,3,6,2
464,3,30,22,2025-11-05,1,1,4,15000,2025-06-21,137,7,4,3,2
93,2,16,11,2023-12-04,10,10,3,15000,2023-10-30,35,3,5,1,1
254,6,53,52,2024-03-12,6,6,2,6697,2023-11-17,116,2,2,2,1
245,1,7,9,2025-01-21,6,6,1,9131,2024-10-19,94,10,1,2,1
463,8,75,72,2025-02-21,6,6,4,15000,2025-02-20,1,8,4,5,1
351,6,59,55,2024-02-09,8,8,2,5964,2023-09-17,145,10,4,5,2
142,10,98,93,2023-08-16,9,9,3,15000,2023-03-09,160,5,4,3,1
484,1,3,7,2023-11-11,8,8,4,15000,2023-07-11,123,4,1,6,1
125,1,7,2,2023-06-21,3,3,3,15000,2023-04-12,70,9,3,3,1
357,9,86,88,2025-04-22,8,8,1,15000,2024-12-15,128,10,3,2,2
69,1,1,4,2024-07-24,7,7,3,9073,2024-02-01,174,2,2,3,2
115,9,85,83,2025-04-17,9,9,3,4595,2024-12-27,111,8,4,4,2
86,10,96,99,2025-04-24,7,7,2,15000,2024-12-01,144,9,5,4,1
227,2,18,12,2024-01-13,3,3,1,13024,2023-11-21,53,6,2,6,1
360,3,22,24,2023-07-15,4,4,1,11310,2023-06-22,23,4,3,6,1
332,5,48,46,2025-08-28,4,4,2,9762,2025-08-15,13,8,1,4,2
225,5,48,47,2023-03-21,3,3,1,12691,2022-12-26,85,8,4,2,2
86,1,3,2,2025-05-15,8,8,3,6048,2025-04-25,20,1,4,4,3
209,4,35,36,2023-06-10,4,4,2,15000,2023-03-08,94,7,4,6,1
317,9,90,89,2024-04-14,6,6,4,15000,2024-01-13,92,10,4,7,2
78,4,40,33,2023-10-21,3,3,3,14207,2023-08-27,55,10,1,6,2
485,10,91,94,2024-06-05,4,4,1,1653,2024-04-07,59,3,2,3,2
156,9,86,89,2024-03-06,1,1,1,2416,2024-02-08,27,4,1,3,1
78,10,93,96,2024-08-31,7,7,4,15000,2024-08-19,12,1,2,6,2
95,7,65,67,2023-06-15,7,7,1,3711,2023-01-16,150,3,4,4,1
151,5,42,48,2024-11-06,9,9,4,15000,2024-10-26,11,9,3,3,3
490,1,6,7,2025-04-20,7,7,2,15000,2024-11-18,153,5,3,7,2
458,8,76,74,2025-10-27,2,2,4,15000,2025-06-07,142,1,1,1,1
218,6,52,60,2023-10-31,3,3,4,15000,2023-06-21,132,5,3,2,3
33,7,61,70,2025-01-15,5,5,3,15000,2024-10-23,84,3,5,3,2
60,5,48,43,2025-03-12,10,10,3,15000,2024-12-15,87,1,2,3,2
453,4,37,39,2025-08-28,7,7,1,10925,2025-05-07,113,6,2,4,1
80,1,8,6,2023-03-07,3,3,1,8409,2022-11-16,111,2,4,2,1
272,3,26,21,2024-12-08,8,8,3,15000,2024-07-03,158,10,1,7,1
417,7,65,70,2024-08-02,3,3,4,15000,2024-07-11,22,10,5,5,1
302,4,39,31,2024-08-19,8,8,1,4981,2024-07-03,47,6,3,1,2
337,7,62,66,2023-08-23,10,10,4,15000,2023-04-22,123,4,2,3,1
177,10,99,96,2023-07-31,2,2,2,5748,2023-05-16,76,1,5,1,2
336,1,8,4,2024-03-23,6,6,4,15000,2023-12-09,105,7,1,6,2
220,2,11,13,2024-03-07,7,7,4,15000,2023-11-03,125,4,3,4,2
85,5,41,47,2023-10-22,9,9,1,1160,2023-07-21,93,7,2,7,1
148,10,91,99,2023-06-14,1,1,4,15000,2023-01-27,138,9,5,3,1
116,10,91,96,2025-01-20,4,4,2,15000,2024-10-21,91,1,5,1,1
241,3,26,29,2023-09-27,8,8,2,15000,2023-08-27,31,4,5,3,1
277,4,36,34,2023-12-18,6,6,1,15000,2023-08-07,133,8,3,1,2
86,8,79,76,2025-06-07,4,4,2,15000,2025-05-10,28,4,2,6,2
41,6,58,57,2024-12-10,7,7,1,9779,2024-10-16,55,1,1,2,1
494,7,70,61,2024-09-10,4,4,1,4332,2024-06-20,82,7,5,2,2
62,10,97,95,2025-11-13,4,4,2,15000,2025-07-20,116,4,5,4,3
51,6,51,57,2025-09-02,1,1,3,15000,2025-08-31,2,1,1,2,1
458,3,26,23,2024-09-23,2,2,2,15000,2024-06-01,114,9,2,1,1
15,1,4,3,2025-12-26,3,3,2,15000,2025-08-28,120,8,1,5,2
476,9,82,84,2025-02-04,2,2,4,15000,2024-08-08,180,5,3,2,2
108,4,31,37,2024-09-17,5,5,1,498,2024-04-16,154,4,1,2,1
387,3,29,24,2023-01-26,7,7,4,15000,2022-08-30,149,5,4,4,1
82,10,97,91,2025-01-30,7,7,4,15000,2024-09-01,151,4,2,4,1
379,1,8,4,2024-03-01,4,4,3,12991,2023-11-26,96,2,1,5,1
51,8,77,79,2025-10-12,2,2,4,15000,2025-09-08,34,1,2,7,3
491,4,37,31,2023-05-29,10,10,1,12229,2023-01-10,139,2,1,1,3
93,7,62,65,2025-03-26,3,3,2,15000,2025-02-06,48,5,2,3,1
349,3,21,28,2023-10-17,10,10,4,15000,2023-05-15,155,4,3,2,2
33,5,46,50,2025-02-23,8,8,4,15000,2025-01-16,38,8,1,7,2
165,6,58,59,2024-01-18,7,7,1,10696,2023-12-06,43,6,4,4,2
489,1,6,4,2024-08-10,4,4,2,15000,2024-06-18,53,3,2,6,3
8,2,20,12,2024-03-25,8,8,2,15000,2023-09-28,179,8,1,1,1
129,9,83,85,2024-03-05,6,6,2,15000,2024-02-25,9,6,4,2,2
233,8,79,78,2023-03-29,9,9,3,14235,2022-12-22,97,8,2,3,2
236,4,35,32,2024-01-30,1,1,2,15000,2024-01-17,13,6,2,2,3
302,6,55,52,2025-05-11,6,6,1,7650,2025-02-15,85,9,1,7,1
23,2,19,13,2023-09-18,8,8,3,5843,2023-09-03,15,7,4,1,1
321,10,93,92,2024-11-02,2,2,3,15000,2024-10-12,21,6,2,6,1
5,1,1,6,2024-09-03,9,9,3,15000,2024-08-06,28,7,2,2,1
236,4,33,40,2024-06-15,10,10,3,15000,2024-02-20,116,3,3,6,1
99,5,46,42,2023-04-13,10,10,2,15000,2023-02-22,50,10,1,4,3
84,2,18,20,2024-11-18,5,5,2,12910,2024-06-07,164,9,2,1,1
445,6,53,52,2025-07-02,9,9,3,15000,2025-04-06,87,10,5,3,3
78,9,83,90,2025-12-10,6,6,3,15000,2025-08-21,111,4,2,3,1
135,1,3,6,2024-01-28,4,4,2,15000,2023-09-11,139,6,3,7,2
118,7,61,70,2023-03-08,8,8,4,15000,2023-01-07,60,10,3,3,2
365,9,85,81,2025-05-21,6,6,1,6125,2025-03-12,70,6,1,3,3
140,5,44,46,2024-11-29,7,7,1,9123,2024-06-07,175,5,3,5,1
59,8,80,73,2025-09-13,10,10,4,8111,2025-04-30,136,5,4,6,2
392,9,82,89,2025-08-13,6,6,2,6029,2025-07-24,20,10,3,3,1
339,7,70,69,2024-03-22,2,2,1,6448,2023-12-21,92,3,3,5,2
422,3,24,30,2024-03-01,4,4,4,15000,2023-12-13,79,8,4,5,1
133,6,56,58,2023-05-23,2,2,1,7635,2023-04-04,49,5,3,2,2
286,2,19,17,2024-02-13,7,7,1,15000,2023-10-18,118,7,5,2,3
469,4,40,32,2023-03-29,4,4,3,15000,2023-01-03,85,6,5,3,2
425,5,41,44,2023-11-22,3,3,2,15000,2023-08-21,93,1,2,3,1
218,9,81,86,2024-04-15,3,3,3,15000,2023-12-29,108,7,1,1,2
27,9,83,84,2024-09-18,4,4,1,3428,2024-05-27,114,2,5,3,2
408,9,89,81,2023-11-22,2,2,3,15000,2023-05-31,175,7,3,3,2
339,10,99,96,2024-03-17,5,5,1,11919,2024-02-29,17,3,3,7,1
419,7,61,68,2024-04-04,8,8,1,10903,2024-03-22,13,10,3,4,1
150,8,80,75,2025-02-20,6,6,4,15000,2024-11-29,83,3,4,4,2
287,9,83,82,2024-11-30,8,8,3,15000,2024-08-01,121,9,5,6,1
453,4,38,40,2025-04-04,8,8,1,5093,2025-03-29,6,1,3,5,1
100,1,1,5,2023-06-27,3,3,1,2048,2023-03-21,98,1,3,2,1
123,2,12,15,2025-11-30,6,6,4,10058,2025-08-27,95,3,3,7,2
350,3,27,21,2023-08-13,2,2,4,15000,2023-05-25,80,2,1,7,3
139,4,40,37,2024-01-12,9,9,4,15000,2023-10-22,82,10,1,5,1
373,5,50,48,2023-03-18,10,10,1,12669,2022-10-31,138,1,5,6,1
109,1,1,10,2023-09-17,9,9,3,15000,2023-09-07,10,9,2,7,2
37,3,26,30,2025-02-22,9,9,1,9802,2025-02-07,15,1,3,6,1
51,5,50,45,2023-11-09,4,4,3,15000,2023-11-04,5,7,5,4,3
324,5,41,46,2024-06-07,2,2,1,715,2024-04-15,53,3,5,5,2
481,8,74,75,2023-08-23,10,10,3,15000,2023-05-18,97,7,1,3,3
159,2,17,12,2025-05-05,8,8,1,3882,2025-04-30,5,8,2,1,3
130,4,32,39,2023-08-11,3,3,4,15000,2023-06-10,62,8,2,5,2
442,4,36,38,2025-09-17,1,1,1,14504,2025-09-04,13,7,4,3,3
239,10,92,93,2025-12-22,10,10,2,6910,2025-09-16,97,5,2,1,1
345,9,90,89,2025-04-28,10,10,2,12405,2025-03-18,41,7,3,1,1
65,8,80,72,2023-06-17,9,9,3,10878,2023-04-22,56,1,1,6,3
382,7,70,62,2024-08-18,10,10,1,7367,2024-04-29,111,2,3,7,3
216,1,8,3,2024-11-01,8,8,2,1801,2024-05-24,161,6,3,5,1
481,1,1,10,2025-01-24,6,6,4,10423,2024-09-29,117,9,2,5,1
360,2,19,14,2023-04-01,10,10,4,15000,2023-01-11,80,10,4,6,2
34,3,27,23,2023-05-07,5,5,3,15000,2023-03-02,66,4,2,7,1
302,4,40,31,2023-08-16,5,5,4,15000,2023-04-21,117,2,4,3,1
46,3,30,26,2025-06-26,3,3,4,15000,2025-03-31,87,7,1,4,1
262,9,88,84,2023-11-27,5,5,3,15000,2023-07-20,130,9,2,1,2
310,6,55,53,2025-04-29,7,7,4,15000,2025-02-11,77,1,1,2,3
489,9,84,82,2025-05-24,3,3,1,11544,2025-03-04,81,2,1,6,1
285,5,50,49,2023-11-03,2,2,2,15000,2023-10-07,27,8,2,5,2
358,9,86,83,2025-02-23,3,3,2,15000,2024-11-19,96,10,1,7,3
163,10,99,93,2023-02-10,1,1,4,15000,2023-01-22,19,3,2,5,2
160,9,85,89,2024-05-11,5,5,1,262,2024-01-14,118,4,3,6,1
99,2,14,13,2024-09-29,5,5,3,15000,2024-07-12,79,5,1,7,2
166,1,6,7,2023-05-30,6,6,4,15000,2022-12-21,160,9,3,2,3
354,6,54,52,2025-04-27,4,4,1,15000,2025-03-27,31,4,5,7,3
452,4,39,34,2024-12-27,3,3,1,12250,2024-11-25,32,4,2,5,2
25,9,84,86,2024-09-26,7,7,1,10238,2024-06-15,103,6,5,4,3
210,9,84,82,2025-10-31,10,10,4,15000,2025-09-03,58,9,1,5,1
147,3,23,29,2024-09-20,1,1,2,15000,2024-07-18,64,9,3,5,1
484,6,52,53,2023-05-13,7,7,3,12062,2023-04-03,40,1,5,6,2
125,10,92,91,2025-06-08,7,7,2,2495,2025-01-15,144,10,1,7,3
140,7,61,68,2024-05-10,2,2,3,15000,2024-03-19,52,2,5,5,3
316,7,68,64,2023-07-15,3,3,1,4894,2023-06-15,30,7,2,6,2
198,8,72,75,2025-09-14,1,1,4,10424,2025-05-21,116,5,2,7,1
253,1,4,3,2023-04-28,10,10,3,15000,2023-02-11,76,8,2,5,3
28,6,51,54,2025-10-03,10,10,2,15000,2025-08-25,39,8,4,5,1
286,7,65,69,2023-06-13,9,9,4,15000,2023-04-17,57,5,2,2,1
365,7,66,69,2025-01-08,8,8,4,10063,2024-11-24,45,1,5,3,1
30,2,14,16,2025-03-23,4,4,4,15000,2025-02-25,26,6,2,7,1
227,4,38,33,2023-10-09,9,9,2,15000,2023-05-23,139,1,1,1,1
310,8,79,73,2025-06-08,4,4,2,15000,2025-03-20,80,3,2,7,1
8,2,14,11,2024-11-28,8,8,2,8524,2024-11-05,23,2,4,4,2
119,10,100,95,2025-01-16,7,7,2,15000,2025-01-09,7,7,2,4,3
57,8,75,76,2025-03-21,6,6,1,11332,2024-12-31,80,6,2,5,2
218,4,32,39,2023-02-27,9,9,1,1497,2022-10-30,120,10,3,1,1
160,1,5,6,2025-02-11,3,3,1,15000,2024-10-27,107,5,3,2,3
247,2,11,15,2025-09-14,5,5,3,15000,2025-07-23,53,1,4,7,3
491,3,21,23,2023-07-12,2,2,1,9719,2023-04-27,76,7,2,3,1
265,10,92,91,2024-11-26,7,7,1,5062,2024-11-22,4,6,5,2,1
116,3,23,30,2025-04-22,7,7,4,15000,2024-12-16,127,2,5,2,1
73,2,14,18,2025-01-31,7,7,2,15000,2025-01-21,10,9,2,5,3
209,6,57,51,2023-03-17,1,1,3,15000,2022-11-22,115,10,5,5,1
453,6,51,60,2024-09-27,8,8,3,15000,2024-07-11,78,5,4,5,2
29,9,90,88,2024-10-28,6,6,2,15000,2024-06-28,122,2,5,1,2
395,3,23,27,2023-03-14,5,5,2,12118,2023-03-03,11,10,4,2,3
484,10,98,95,2023-04-23,9,9,3,15000,2023-03-06,48,8,3,7,1
83,6,51,55,2023-09-01,1,1,1,1386,2023-04-04,150,5,1,5,2
205,3,29,23,2023-02-15,5,5,4,15000,2022-12-08,69,1,4,3,3
106,1,1,8,2025-09-23,6,6,3,15000,2025-06-02,113,7,4,2,1
192,5,50,49,2023-04-06,3,3,4,15000,2023-02-26,39,3,5,4,3
42,5,50,46,2025-09-12,2,2,2,15000,2025-07-31,43,9,2,5,2
118,4,35,33,2024-11-04,8,8,2,5394,2024-06-16,141,10,5,1,2
222,2,16,12,2025-08-25,10,10,2,5013,2025-03-31,147,4,4,1,1
436,6,58,59,2023-03-09,4,4,4,15000,2022-11-07,122,9,5,4,2
356,8,79,75,2024-05-25,8,8,1,15000,2024-03-02,84,10,5,6,3
186,7,63,67,2024-09-24,10,10,2,15000,2024-03-30,178,6,5,2,1
422,3,28,26,2025-07-01,10,10,4,15000,2025-02-19,132,9,2,2,3
386,1,9,7,2024-05-27,5,5,4,15000,2024-04-01,56,1,2,1,2
390,7,68,63,2025-12-11,4,4,4,1944,2025-07-12,152,2,1,4,2
47,4,31,32,2023-12-17,4,4,1,5334,2023-08-10,129,9,4,7,2
466,4,35,38,2025-04-21,9,9,4,15000,2024-12-28,114,9,5,1,1
365,9,87,90,2024-09-02,8,8,4,15000,2024-07-07,57,10,2,1,2
442,2,14,15,2025-02-17,9,9,4,11142,2024-12-30,49,1,1,1,1
403,2,13,17,2025-08-19,8,8,3,1274,2025-06-18,62,4,2,2,1
410,8,80,79,2025-12-02,2,2,3,9239,2025-06-08,177,6,5,2,2
171,9,86,90,2025-09-07,4,4,1,4901,2025-03-13,178,3,1,7,1
121,6,54,53,2023-07-31,3,3,3,15000,2023-04-16,106,4,3,1,1
400,10,96,94,2024-12-11,3,3,3,12160,2024-07-11,153,3,3,3,2
172,4,39,38,2023-09-27,3,3,2,15000,2023-04-29,151,7,1,3,1
188,7,64,63,2023-10-14,6,6,2,15000,2023-07-28,78,4,3,6,2
379,9,85,87,2023-08-12,10,10,4,15000,2023-02-18,175,2,5,6,2
421,9,86,87,2025-09-08,10,10,2,7110,2025-05-31,100,4,2,1,1
132,3,26,24,2025-06-30,5,5,3,15000,2025-05-15,46,1,3,1,1
211,2,13,16,2023-07-23,6,6,1,12798,2023-05-26,58,2,1,7,1
175,6,53,58,2024-01-15,1,1,1,11972,2023-11-09,67,6,4,1,2
72,2,14,17,2023-10-26,8,8,2,10030,2023-09-25,31,10,1,4,3
382,2,16,17,2024-06-06,10,10,2,15000,2024-04-14,53,1,4,4,2
38,5,44,46,2023-11-21,8,8,1,5338,2023-06-18,156,3,4,2,2
499,9,83,86,2023-03-18,2,2,4,15000,2023-01-26,51,3,3,6,1
439,5,47,46,2025-04-15,5,5,3,1141,2024-11-09,157,10,5,2,1
157,7,67,63,2024-02-20,3,3,4,15000,2023-10-17,126,1,5,2,3
413,10,92,99,2024-03-16,9,9,1,1042,2023-09-30,168,9,1,6,2
346,4,40,37,2024-05-06,5,5,4,15000,2024-03-11,56,8,3,1,3
458,1,6,9,2024-02-29,2,2,1,1617,2023-09-04,178,8,3,4,2
67,7,64,63,2025-02-01,5,5,3,11948,2024-11-17,76,6,1,6,1
362,10,97,100,2024-02-28,9,9,1,8847,2023-10-24,127,6,5,3,3
465,5,45,49,2025-12-27,3,3,3,4978,2025-08-01,148,4,2,6,3
463,1,6,8,2024-01-25,2,2,1,891,2023-09-05,142,5,4,4,1
381,10,92,95,2023-01-30,10,10,3,15000,2022-09-23,129,7,2,1,1
21,3,29,25,2023-09-02,2,2,4,15000,2023-06-04,90,5,3,6,2
199,1,9,1,2025-05-24,1,1,4,15000,2025-03-29,56,8,3,6,1
194,5,44,48,2025-10-27,2,2,2,7249,2025-07-12,107,1,4,1,3
487,9,83,86,2025-12-01,8,8,3,15000,2025-06-06,178,8,3,1,3
301,10,91,99,2025-04-11,3,3,2,15000,2025-01-20,81,2,2,5,1
362,1,10,8,2023-12-05,8,8,3,15000,2023-06-16,172,3,3,2,2
96,2,12,11,2025-04-23,3,3,2,15000,2025-01-28,85,2,2,3,3
52,1,7,6,2025-07-12,4,4,3,15000,2025-02-01,161,4,2,6,1
451,5,43,44,2023-01-24,6,6,2,10775,2022-12-01,54,5,5,2,2
14,8,73,78,2025-08-17,5,5,2,15000,2025-05-22,87,3,5,7,2
212,9,87,90,2023-11-10,1,1,1,7383,2023-09-21,50,4,4,5,1
80,5,43,50,2025-10-18,6,6,3,15000,2025-06-17,123,7,3,6,2
265,10,99,92,2023-10-07,3,3,4,15000,2023-09-26,11,7,2,6,3
116,6,55,51,2023-11-29,4,4,3,13724,2023-09-20,70,1,3,3,3
233,8,72,79,2025-01-15,7,7,3,15000,2024-08-29,139,7,3,3,2
319,8,80,79,2025-04-22,1,1,3,15000,2024-12-14,129,1,2,2,2
480,10,94,92,2023-12-31,9,9,3,14123,2023-12-22,9,3,2,7,1
168,8,71,73,2024-08-23,8,8,4,15000,2024-04-07,138,6,1,5,2
487,2,11,15,2024-06-04,7,7,4,15000,2024-03-03,93,5,1,2,1
101,2,15,11,2025-06-22,4,4,2,2606,2025-04-08,75,2,5,7,1
71,2,12,13,2024-08-20,2,2,3,7495,2024-05-04,108,10,2,2,2
221,2,16,19,2024-07-25,9,9,1,756,2024-02-22,154,7,2,4,3
144,3,23,26,2025-04-04,5,5,3,15000,2025-03-01,34,4,2,5,1
318,4,34,36,2025-01-20,9,9,4,15000,2025-01-03,17,6,1,1,2
18,9,82,81,2024-03-21,5,5,4,15000,2024-01-15,66,2,4,4,3
150,5,49,42,2025-06-07,4,4,4,15000,2024-12-19,170,3,4,6,3
144,9,85,81,2024-06-07,2,2,4,8631,2024-03-13,86,5,4,5,2
30,6,54,58,2025-09-14,6,6,3,15000,2025-04-27,140,2,4,7,2
67,4,35,40,2023-06-25,5,5,2,8532,2023-01-25,151,9,5,7,1
53,2,18,19,2024-05-20,8,8,2,15000,2024-04-13,37,9,4,1,3
306,7,70,66,2024-04-08,1,1,2,15000,2024-03-22,17,3,4,1,1
322,7,69,63,2024-10-25,4,4,1,5583,2024-06-25,122,6,4,5,1
239,7,64,62,2023-11-17,2,2,3,15000,2023-10-14,34,9,2,5,2
315,8,77,76,2023-09-08,6,6,1,10623,2023-08-27,12,1,4,5,2
399,3,21,22,2025-06-04,7,7,2,15000,2025-04-22,43,10,2,3,3
111,8,76,74,2024-06-14,2,2,4,15000,2024-04-09,66,6,4,5,2
217,8,78,75,2024-09-18,7,7,2,15000,2024-06-18,92,7,5,3,1
217,2,11,16,2025-03-15,1,1,4,15000,2024-11-09,126,8,3,6,2
99,5,49,42,2023-10-10,6,6,4,15000,2023-09-19,21,3,2,2,1
313,6,58,56,2024-07-15,9,9,3,15000,2024-06-10,35,6,3,1,1
4,8,74,78,2025-05-15,4,4,1,9714,2025-03-21,55,10,2,4,2
416,2,20,11,2024-06-15,9,9,3,15000,2024-06-07,8,10,3,6,1
155,1,10,5,2024-03-06,1,1,3,15000,2023-11-27,100,6,4,3,1
204,1,2,1,2025-02-20,2,2,2,15000,2025-01-04,47,10,5,4,3
196,6,52,53,2024-04-21,6,6,1,3302,2023-12-15,128,1,3,7,1
340,3,21,28,2023-11-24,9,9,2,12369,2023-06-06,171,4,4,5,1
280,10,93,96,2023-09-02,9,9,3,8664,2023-04-06,149,9,4,6,1
197,7,70,61,2025-04-12,6,6,1,14551,2024-11-28,135,5,5,6,1
310,9,84,85,2023-12-12,7,7,4,15000,2023-12-10,2,1,2,2,1
227,2,12,11,2023-03-29,3,3,1,15000,2022-11-28,121,2,5,3,3
299,5,46,41,2025-04-22,2,2,3,15000,2024-12-07,136,6,4,2,2
326,10,99,94,2025-07-27,5,5,4,15000,2025-03-07,142,6,4,7,2
183,1,10,6,2024-06-26,3,3,2,15000,2024-02-27,120,3,5,3,2
327,9,81,89,2023-10-29,1,1,1,14115,2023-07-18,103,3,4,7,1
18,5,49,47,2025-09-21,5,5,2,15000,2025-04-26,148,7,3,7,1
90,6,53,54,2023-11-28,6,6,4,15000,2023-07-06,145,4,5,2,3
102,9,86,84,2023-06-13,4,4,4,15000,2023-03-28,77,10,3,2,2
5,8,73,80,2023-04-22,8,8,3,15000,2023-03-28,25,10,1,6,2
163,3,21,26,2023-07-08,2,2,1,7743,2023-06-05,33,3,5,6,2
86,5,42,43,2024-04-27,3,3,3,14716,2023-11-07,172,10,5,6,1
75,2,11,18,2024-01-15,4,4,3,15000,2024-01-09,6,5,4,1,1
225,7,68,65,2024-02-25,6,6,2,15000,2024-02-14,11,4,5,7,1
4,10,92,100,2025-09-10,7,7,2,15000,2025-04-07,156,6,2,3,2
274,1,1,8,2025-06-18,8,8,1,5744,2025-06-08,10,2,5,3,1
292,6,55,58,2023-12-03,4,4,2,15000,2023-08-18,107,5,1,7,3
145,5,42,50,2025-09-23,2,2,3,15000,2025-08-20,34,3,4,2,1
403,3,26,25,2025-07-22,6,6,1,15000,2025-02-19,153,9,3,2,3
179,7,70,62,2024-11-13,10,10,1,1211,2024-11-04,9,5,1,3,1
59,1,6,1,2024-08-11,8,8,3,15000,2024-07-26,16,7,2,7,1
30,5,43,46,2023-08-07,6,6,3,15000,2023-04-18,111,2,5,1,2
343,1,3,7,2024-06-25,6,6,4,15000,2024-04-10,76,8,3,2,1
185,2,20,13,2024-06-24,9,9,4,1552,2024-04-18,67,5,2,1,1
170,1,2,6,2024-03-04,5,5,1,9078,2024-01-04,60,7,2,1,3
341,10,96,95,2023-11-30,8,8,2,11833,2023-10-06,55,10,5,4,1
95,8,79,76,2024-12-25,9,9,3,9915,2024-08-05,142,5,3,3,1
100,3,29,22,2024-06-06,1,1,2,2929,2024-03-29,69,5,5,4,2
88,8,73,74,2024-05-31,9,9,2,15000,2024-03-17,75,10,5,5,1
105,3,23,24,2025-03-06,6,6,1,15000,2024-09-14,173,7,3,4,2
404,1,10,3,2025-04-24,5,5,2,5896,2025-01-31,83,2,3,4,1
214,9,88,87,2023-03-05,1,1,3,15000,2023-01-23,41,1,5,7,2
425,10,92,94,2024-01-15,10,10,3,15000,2023-12-27,19,4,3,1,1
179,8,79,78,2023-10-12,9,9,1,10821,2023-05-04,161,5,1,4,1
262,3,30,23,2024-03-08,9,9,1,3064,2023-12-15,84,9,5,5,2
165,5,48,46,2023-08-07,4,4,3,15000,2023-07-05,33,4,4,1,3
160,6,54,59,2025-08-16,5,5,4,15000,2025-04-16,122,4,5,6,2
105,4,38,33,2023-07-06,10,10,3,15000,2023-02-17,139,2,5,4,2
142,9,82,88,2024-04-02,4,4,1,4537,2024-03-31,2,6,3,2,2
90,3,22,23,2023-05-12,10,10,1,3940,2023-02-24,77,7,4,5,1
54,9,87,82,2024-05-06,2,2,4,15000,2024-01-06,121,8,4,1,3
49,6,54,52,2023-11-14,6,6,4,15000,2023-08-27,79,8,4,2,2
269,10,93,95,2025-09-05,2,2,3,15000,2025-07-28,39,9,4,5,1
484,4,37,32,2025-03-29,3,3,4,15000,2025-03-26,3,2,3,6,2
109,4,35,38,2024-09-01,1,1,3,15000,2024-08-21,11,7,1,7,2
493,7,67,68,2023-04-01,4,4,4,15000,2022-10-29,154,5,4,6,3
3,5,48,46,2024-03-18,1,1,4,15000,2024-01-28,50,2,1,1,2
287,4,33,38,2025-07-07,6,6,2,15000,2025-04-28,70,10,2,1,2
468,8,75,77,2024-09-28,2,2,2,15000,2024-04-08,173,3,3,6,1
56,10,100,96,2025-08-13,6,6,2,15000,2025-04-15,120,5,4,3,2
450,3,28,25,2024-03-10,4,4,3,15000,2024-02-11,28,1,2,7,3
427,1,2,9,2023-05-20,6,6,1,15000,2023-01-06,134,3,4,6,2
132,10,99,98,2024-05-18,3,3,3,15000,2024-02-18,90,1,2,6,3
321,8,72,71,2024-08-15,6,6,2,15000,2024-08-10,5,4,4,4,1
416,4,40,35,2023-03-15,5,5,2,15000,2022-11-03,132,2,5,3,3
103,2,14,13,2023-02-18,7,7,3,4127,2022-11-11,99,1,5,6,3
488,5,41,43,2025-04-24,3,3,1,9794,2025-04-11,13,10,4,4,2
23,3,24,25,2023-12-21,9,9,3,15000,2023-12-05,16,4,1,4,3
452,4,36,32,2023-12-29,7,7,3,9549,2023-09-16,104,2,2,5,1
499,6,55,52,2025-03-29,7,7,1,2551,2024-10-13,167,3,5,6,2
136,2,19,18,2024-01-18,8,8,1,7717,2023-09-23,117,8,5,4,1
278,6,52,60,2023-01-10,3,3,2,10706,2022-10-30,72,10,3,2,2
275,1,7,6,2025-03-11,9,9,4,15000,2025-03-02,9,8,2,2,1
215,9,83,90,2023-01-29,6,6,1,8898,2022-09-18,133,8,5,7,3
80,4,38,37,2024-07-08,3,3,4,15000,2024-02-17,142,1,3,1,2
400,4,40,36,2025-08-13,3,3,4,15000,2025-04-22,113,8,4,3,1
387,3,30,27,2023-02-09,1,1,2,15000,2022-10-07,125,9,5,4,2
240,10,95,94,2023-07-09,1,1,1,14015,2023-01-31,159,10,4,7,1
96,2,11,16,2024-07-19,6,6,3,15000,2024-03-27,114,9,3,5,3
151,6,55,51,2024-01-31,2,2,4,15000,2023-10-19,104,5,1,3,1
399,9,84,90,2024-07-31,2,2,1,15000,2024-05-16,76,2,3,3,3
423,9,86,88,2024-09-25,8,8,4,15000,2024-07-29,58,8,1,3,1
366,8,75,71,2023-09-15,2,2,3,15000,2023-06-18,89,10,4,5,3
443,3,22,23,2024-06-16,10,10,3,15000,2024-05-04,43,2,3,7,1
354,3,28,23,2023-04-17,7,7,1,10298,2023-02-22,54,2,5,1,3
485,7,64,61,2025-01-07,9,9,3,15000,2024-10-23,76,1,3,2,1
408,3,26,28,2024-10-27,4,4,1,4266,2024-08-13,75,9,2,7,2
64,2,16,19,2025-12-18,9,9,2,8986,2025-07-14,157,9,2,4,1
404,2,14,13,2025-08-20,4,4,2,15000,2025-08-13,7,3,1,3,3
226,7,67,66,2023-05-24,5,5,2,6292,2023-01-26,118,5,3,3,3
66,7,67,68,2023-07-20,10,10,3,15000,2023-02-22,148,6,3,4,1
134,1,2,9,2024-01-19,2,2,4,5388,2023-12-12,38,8,2,5,1
250,1,8,6,2025-05-02,5,5,2,15000,2024-11-16,167,8,3,5,1
48,8,75,76,2024-09-05,8,8,1,802,2024-05-23,105,10,5,4,1
143,2,20,14,2023-12-29,8,8,1,4238,2023-07-04,178,1,3,5,1
237,7,61,68,2025-12-18,7,7,2,15000,2025-09-13,96,10,1,4,2
470,5,42,47,2023-06-18,4,4,1,15000,2023-06-01,17,8,3,7,3
138,4,35,36,2025-09-03,5,5,2,15000,2025-06-27,68,1,2,3,2
370,5,44,43,2024-05-22,3,3,4,15000,2024-01-27,116,5,1,3,1
75,5,46,49,2024-01-26,3,3,2,3722,2023-09-28,120,4,2,5,1
230,10,94,99,2023-03-31,9,9,3,15000,2022-10-31,151,3,5,5,1
303,7,70,66,2023-05-08,6,6,3,14857,2023-02-17,80,7,5,1,2
289,9,85,90,2025-11-04,4,4,1,15000,2025-10-31,4,3,4,2,3
27,9,83,86,2024-09-30,1,1,3,15000,2024-06-03,119,8,2,1,2
411,10,94,99,2023-05-30,7,7,4,15000,2023-01-09,141,7,3,2,2
476,4,33,40,2024-12-22,4,4,1,9471,2024-08-09,135,5,5,7,2
47,5,43,49,2024-04-20,8,8,4,15000,2024-01-11,100,4,5,6,1
46,10,99,98,2023-07-09,9,9,2,13471,2023-04-23,77,5,5,7,2
448,6,55,53,2024-04-11,1,1,1,15000,2023-11-01,162,5,4,4,3
212,6,60,57,2024-09-28,10,10,4,15000,2024-05-22,129,9,1,6,1
129,4,39,34,2025-08-15,10,10,1,1275,2025-04-15,122,3,3,5,1
322,3,28,30,2024-03-30,3,3,4,15000,2024-02-07,52,9,5,6,3
190,8,79,77,2025-11-25,6,6,3,2210,2025-08-30,87,1,3,2,2
66,1,9,8,2023-08-09,5,5,2,15000,2023-04-22,109,3,3,3,3
4,7,66,69,2023-03-10,5,5,1,13562,2022-12-24,76,7,2,5,1
468,9,90,87,2023-07-19,2,2,1,3536,2023-02-27,142,4,2,3,1
272,1,1,2,2023-01-29,3,3,2,15000,2022-08-18,164,1,3,7,3
65,7,66,69,2025-10-09,7,7,2,9256,2025-05-19,143,2,4,4,2
6,6,59,58,2025-04-15,10,10,3,7689,2025-01-09,96,10,2,2,2
453,9,90,82,2023-11-02,3,3,1,12265,2023-06-03,152,5,2,4,1
353,3,24,23,2025-10-15,10,10,2,15000,2025-09-23,22,5,2,3,3
473,10,93,98,2023-03-08,8,8,3,6765,2023-02-23,13,7,2,3,2
43,2,12,11,2023-06-24,8,8,4,15000,2023-06-18,6,4,3,6,2
80,9,81,82,2024-04-01,6,6,1,3069,2023-10-05,179,8,1,1,2
395,10,100,94,2025-10-27,2,2,2,12950,2025-06-10,139,3,2,1,1
499,3,26,29,2024-09-16,4,4,4,15000,2024-06-04,104,6,2,1,2
180,6,52,57,2024-05-05,4,4,2,12761,2024-05-02,3,5,4,7,2
127,10,97,94,2024-11-08,9,9,3,15000,2024-09-24,45,9,4,5,1
206,5,48,46,2025-06-28,7,7,4,9831,2025-06-21,7,4,3,6,3
50,8,77,74,2023-09-13,1,1,4,15000,2023-04-02,164,8,5,3,1
391,10,92,100,2024-08-13,4,4,1,14339,2024-05-17,88,2,4,2,1
80,2,13,15,2023-09-20,3,3,1,11319,2023-07-14,68,5,1,3,1
368,10,92,95,2024-03-01,5,5,1,5039,2023-11-13,109,10,2,5,2
199,1,6,4,2025-01-17,10,10,1,9622,2024-12-19,29,3,2,5,1
148,3,29,21,2024-01-31,10,10,1,3217,2023-08-05,179,10,3,3,1
364,5,43,49,2024-04-10,1,1,4,15000,2023-11-25,137,3,3,3,2
256,5,50,41,2025-07-27,5,5,2,15000,2025-05-04,84,7,2,7,2
448,7,62,65,2025-10-23,3,3,1,3179,2025-10-15,8,3,4,4,2
403,10,94,96,2025-03-29,9,9,3,15000,2024-11-01,148,9,4,6,3
2,10,91,97,2023-09-06,10,10,4,15000,2023-07-02,66,3,4,3,1
297,4,32,40,2023-07-26,4,4,2,15000,2023-05-07,80,8,1,3,2
431,9,84,88,2024-03-10,4,4,4,15000,2023-11-05,126,5,1,7,2
37,9,82,81,2024-10-16,1,1,3,15000,2024-09-21,25,1,1,3,2
181,2,18,12,2024-07-18,9,9,1,14460,2024-01-29,171,10,4,4,2
26,5,49,44,2024-11-10,7,7,3,15000,2024-09-07,64,10,3,7,2
13,9,83,87,2023-07-18,1,1,4,15000,2023-05-09,70,9,3,2,2
317,9,90,83,2025-01-18,10,10,2,15000,2025-01-10,8,5,1,6,2
12,1,7,6,2023-01-01,9,9,1,9415,2022-07-13,172,1,3,7,1
448,2,11,17,2023-09-18,8,8,2,5031,2023-06-17,93,1,4,1,1
326,8,80,76,2025-11-20,5,5,3,6392,2025-09-30,51,6,1,4,1
216,7,62,68,2023-01-26,2,2,4,3628,2022-12-13,44,4,5,4,3
184,4,38,39,2025-06-16,7,7,3,15000,2025-06-09,7,6,1,1,2
333,5,49,42,2025-04-20,5,5,1,360,2025-04-15,5,5,5,7,1
288,7,66,62,2025-02-11,6,6,2,15000,2024-08-29,166,2,3,2,2
108,1,1,8,2024-09-16,10,10,4,15000,2024-05-14,125,8,4,1,1
307,4,40,35,2024-10-02,5,5,2,15000,2024-07-20,74,3,5,3,3
131,4,40,34,2023-06-20,2,2,3,15000,2023-04-14,67,9,5,2,2
80,4,40,33,2023-10-14,4,4,1,14190,2023-09-13,31,3,2,6,1
404,8,75,78,2025-05-25,8,8,3,15000,2025-05-22,3,8,1,7,3
273,5,43,46,2025-03-04,9,9,4,15000,2025-01-10,53,3,3,2,2
487,1,2,3,2024-06-16,8,8,3,1961,2024-03-25,83,4,4,7,1
79,2,19,11,2024-09-05,9,9,3,8197,2024-04-07,151,2,2,4,2
40,1,6,1,2024-12-23,3,3,1,7538,2024-09-23,91,9,3,1,2
226,4,32,35,2024-10-09,1,1,1,1968,2024-10-06,3,6,2,3,1
183,5,46,45,2023-11-21,5,5,2,3583,2023-08-31,82,8,4,2,3
152,2,15,11,2024-03-20,7,7,4,15000,2023-10-05,167,10,2,3,1
9,10,99,92,2025-08-23,9,9,4,14821,2025-08-08,15,5,2,6,1
484,9,83,87,2025-09-24,1,1,4,15000,2025-08-11,44,9,4,3,1
307,7,65,63,2024-06-10,1,1,2,15000,2024-04-15,56,1,5,1,2
89,9,89,81,2023-02-16,3,3,2,3607,2022-09-07,162,1,2,4,3
425,5,41,44,2024-06-03,1,1,2,15000,2024-01-08,147,5,3,1,3
297,8,73,71,2023-01-20,6,6,2,15000,2022-10-24,88,5,3,5,2
51,2,14,16,2025-06-14,1,1,1,5264,2025-02-09,125,2,3,6,2
298,9,90,89,2023-11-06,10,10,1,14462,2023-07-20,109,1,5,1,1
153,9,82,81,2023-05-13,10,10,2,5513,2023-02-19,83,4,3,6,2
311,7,70,66,2023-01-14,6,6,2,15000,2022-09-19,117,7,5,6,1
390,6,54,59,2023-05-27,3,3,1,15000,2022-12-24,154,5,3,6,3
188,10,97,100,2024-01-20,1,1,2,15000,2023-11-02,79,9,2,6,2
423,10,92,95,2024-08-08,2,2,1,4688,2024-05-11,89,2,2,4,2
329,4,31,36,2024-06-10,4,4,4,15000,2024-04-24,47,1,5,1,1
221,6,56,60,2023-04-04,8,8,2,15000,2023-01-14,80,10,4,2,3
60,6,52,55,2024-03-09,8,8,4,15000,2023-10-04,157,8,2,6,3
142,8,78,72,2023-03-11,5,5,4,15000,2022-10-23,139,8,1,6,1
456,4,31,37,2025-05-09,10,10,2,12903,2025-02-21,77,10,1,5,1
165,4,32,39,2024-11-18,8,8,3,2393,2024-10-02,47,9,3,1,2
68,7,70,67,2025-02-04,4,4,4,15000,2024-08-28,160,4,4,2,3
278,6,60,57,2025-05-19,7,7,1,10264,2024-12-25,145,9,1,1,3
12,4,34,37,2023-10-07,3,3,1,1637,2023-08-24,44,3,4,6,1
300,8,76,78,2025-10-05,5,5,1,15000,2025-08-11,55,10,2,7,3
490,10,92,99,2023-10-31,8,8,3,15000,2023-09-22,39,1,1,2,3
176,10,94,93,2025-06-08,8,8,1,14859,2025-02-28,100,3,3,7,2
381,4,35,40,2025-01-20,2,2,1,15000,2024-09-30,112,9,5,1,2
455,10,98,93,2023-01-27,2,2,3,15000,2022-09-17,132,3,2,5,3
41,5,50,44,2023-05-24,2,2,2,12986,2023-04-29,25,10,4,3,2
487,3,27,23,2025-11-06,9,9,4,8417,2025-09-01,66,8,1,4,2
421,3,22,24,2023-06-21,8,8,4,15000,2023-06-20,1,7,5,3,1
28,8,78,73,2024-07-15,2,2,2,15000,2024-02-21,145,4,4,1,2
366,9,81,90,2024-01-20,6,6,1,5936,2023-08-24,149,9,5,6,2
292,8,79,75,2023-06-13,4,4,2,13279,2023-04-14,60,8,4,2,3
479,4,38,35,2025-08-10,2,2,2,6856,2025-04-19,113,2,5,7,2
329,5,43,46,2024-05-24,7,7,3,15000,2024-05-13,11,6,5,5,2
48,8,76,78,2023-11-23,1,1,2,15000,2023-11-10,13,2,5,4,2
142,2,19,12,2024-07-16,10,10,3,6877,2024-02-27,140,10,4,2,2
407,3,21,25,2023-07-21,4,4,2,15000,2023-03-12,131,4,3,5,3
177,1,4,9,2025-11-04,2,2,2,15000,2025-10-02,33,10,5,2,2
307,1,10,2,2024-05-09,2,2,4,15000,2024-04-22,17,2,3,4,3
145,8,80,79,2025-12-25,5,5,3,9831,2025-08-11,136,8,2,4,2
196,10,94,96,2023-04-02,4,4,2,15000,2022-10-14,170,4,4,7,2
157,9,87,89,2023-03-18,2,2,1,11282,2022-09-26,173,4,3,6,2
200,10,94,98,2024-06-30,5,5,1,5398,2024-05-26,35,1,2,7,2
392,9,86,85,2025-08-27,3,3,1,9911,2025-07-01,57,4,5,3,3
320,4,36,35,2023-08-01,9,9,1,1984,2023-03-18,136,6,4,2,2
387,6,56,53,2023-11-15,1,1,4,15000,2023-08-06,101,9,3,3,2
482,6,52,54,2024-03-22,3,3,3,15000,2024-02-22,29,10,4,5,2
133,9,86,88,2025-07-19,8,8,3,733,2025-02-20,149,8,2,6,1
470,4,37,36,2023-05-26,2,2,1,10718,2023-02-26,89,6,5,5,1
53,4,34,38,2023-06-18,2,2,1,3736,2023-05-23,26,7,4,7,1
280,9,86,84,2025-08-26,2,2,2,5357,2025-04-19,129,4,2,2,2
13,10,98,97,2023-01-28,10,10,4,10459,2022-10-01,119,6,4,6,3
448,6,53,57,2023-03-26,10,10,2,15000,2023-02-07,47,6,3,7,1
288,9,81,86,2023-12-28,3,3,3,15000,2023-12-25,3,4,4,4,1
76,3,27,23,2023-10-22,3,3,2,13853,2023-05-11,164,7,3,7,1
406,3,26,23,2023-04-02,5,5,4,15000,2022-10-17,167,4,2,7,2
279,4,32,35,2024-07-27,3,3,4,15000,2024-07-01,26,2,5,6,2
427,5,50,47,2024-09-27,6,6,4,15000,2024-08-10,48,7,1,5,1
488,1,6,3,2024-12-15,10,10,1,11362,2024-09-27,79,10,1,7,1
138,8,79,72,2024-10-28,7,7,4,1286,2024-10-15,13,7,3,1,1
290,1,1,10,2025-04-25,2,2,1,6097,2025-04-14,11,1,4,5,1
303,6,56,60,2024-09-19,2,2,4,15000,2024-05-05,137,5,3,4,2
191,1,6,8,2024-12-21,1,1,4,15000,2024-12-17,4,9,5,6,3
404,10,96,91,2024-07-09,9,9,1,9359,2024-04-15,85,8,2,2,1
294,2,20,12,2023-10-11,2,2,4,15000,2023-09-12,29,6,1,3,2
335,7,70,66,2023-01-16,10,10,3,15000,2022-11-20,57,10,3,1,2
346,1,9,3,2023-11-19,10,10,4,12180,2023-10-05,45,6,3,7,2
136,7,69,67,2024-05-20,7,7,1,8208,2023-11-29,173,5,2,1,2
12,2,11,18,2024-07-01,1,1,2,1561,2024-03-11,112,2,2,1,1
302,6,56,52,2024-08-06,9,9,4,15000,2024-06-23,44,6,4,2,2
21,3,24,25,2023-01-20,3,3,2,15000,2022-12-06,45,3,1,5,2
93,3,30,21,2024-07-19,5,5,2,15000,2024-06-27,22,8,3,5,3
238,9,86,84,2025-03-24,1,1,2,825,2024-10-29,146,6,3,1,1
94,8,75,74,2023-01-04,7,7,1,11097,2022-10-04,92,1,3,3,1
252,8,74,73,2025-12-22,5,5,4,3872,2025-12-06,16,8,2,1,3
395,3,28,24,2024-12-09,3,3,4,15000,2024-08-07,124,1,1,1,2
117,8,78,80,2023-12-20,2,2,1,4707,2023-10-10,71,10,1,3,1
317,8,75,73,2023-01-02,1,1,4,15000,2022-09-02,122,6,2,1,3
315,3,22,30,2024-07-28,6,6,4,15000,2024-06-22,36,5,1,7,3
369,5,47,49,2023-06-13,4,4,1,2093,2023-02-19,114,5,1,2,2
348,7,68,64,2024-10-02,1,1,1,11213,2024-08-19,44,5,4,3,1
174,10,100,93,2025-09-10,5,5,3,15000,2025-05-28,105,9,1,3,1
409,1,6,3,2023-09-04,8,8,3,15000,2023-08-09,26,1,5,1,2
430,3,24,29,2023-05-09,4,4,3,15000,2023-01-09,120,1,3,2,3
162,7,65,69,2024-07-01,9,9,2,12009,2024-02-20,132,5,4,1,3
465,3,26,29,2025-11-17,4,4,3,15000,2025-08-05,104,6,1,1,2
352,9,90,82,2025-12-27,8,8,3,15000,2025-10-24,64,7,2,6,1
89,8,75,73,2025-12-20,8,8,1,7065,2025-11-23,27,3,5,6,3
120,5,50,43,2025-08-28,4,4,2,5472,2025-08-25,3,4,2,4,2
87,2,13,17,2023-08-01,5,5,4,15000,2023-04-04,119,9,4,2,2
406,9,86,88,2025-01-09,1,1,2,15000,2024-10-17,84,6,4,4,3
272,6,60,51,2023-01-21,3,3,2,15000,2022-07-28,177,10,1,6,2
77,9,81,89,2024-01-28,10,10,2,10003,2024-01-06,22,1,2,7,2
98,6,60,53,2025-03-16,10,10,3,15000,2025-02-22,22,6,2,7,3
458,1,3,7,2024-06-24,8,8,1,1331,2024-01-31,145,4,1,1,2
152,2,16,12,2024-04-01,8,8,3,15000,2023-10-27,157,1,4,1,3
331,10,92,97,2025-02-20,8,8,4,15000,2024-09-12,161,10,5,4,2
95,5,41,42,2023-12-09,7,7,3,8743,2023-07-09,153,5,1,6,2
66,4,35,36,2025-05-24,8,8,1,11040,2024-11-27,178,1,1,6,3
259,3,29,26,2025-04-04,3,3,1,13948,2024-12-26,99,9,1,5,3
274,4,34,39,2025-10-11,4,4,3,14418,2025-10-09,2,8,2,6,3
140,7,66,67,2024-05-15,6,6,4,3506,2024-04-13,32,8,2,3,1
407,5,42,47,2023-08-01,6,6,2,15000,2023-05-06,87,5,2,2,2
183,8,74,75,2023-09-24,8,8,2,3474,2023-06-23,93,6,2,7,3
79,2,19,14,2023-02-19,7,7,1,6179,2023-01-11,39,7,4,7,1
472,4,34,37,2023-07-25,10,10,4,15000,2023-04-24,92,6,4,2,1
142,6,54,56,2024-08-23,10,10,2,15000,2024-07-04,50,9,5,5,1
451,7,69,66,2025-04-30,10,10,2,2513,2024-12-23,128,10,5,3,1
48,2,16,12,2025-12-13,1,1,1,14502,2025-09-24,80,7,5,6,1
127,4,38,37,2025-07-23,4,4,1,2110,2025-06-16,37,10,2,3,1
202,1,10,5,2024-12-23,6,6,1,12587,2024-10-07,77,4,4,1,2
115,1,1,6,2024-01-05,4,4,2,15000,2023-09-02,125,9,5,5,1
488,6,58,52,2023-05-11,5,5,4,15000,2023-02-26,74,10,4,4,1
376,5,49,42,2023-09-13,4,4,1,13833,2023-05-23,113,7,5,3,1
162,8,76,78,2024-12-07,2,2,1,3328,2024-06-28,162,8,3,6,1
183,6,58,59,2025-11-18,8,8,2,460,2025-08-13,97,6,4,2,1
186,7,70,62,2023-05-22,1,1,4,15000,2023-01-09,133,10,3,1,3
436,9,90,83,2023-12-29,1,1,2,15000,2023-12-06,23,8,1,5,2
195,4,40,33,2023-10-16,3,3,3,15000,2023-08-06,71,1,4,1,2
356,7,70,63,2024-08-22,6,6,2,15000,2024-07-03,50,6,1,4,2
325,3,29,22,2025-11-22,3,3,4,15000,2025-06-08,167,2,4,6,2
199,9,81,85,2024-04-01,4,4,3,12456,2024-01-19,73,7,2,1,1
264,2,20,12,2024-03-02,7,7,2,15000,2024-02-09,22,1,2,6,3
479,3,21,29,2024-07-22,3,3,3,15000,2024-05-21,62,9,3,1,3
456,4,36,39,2025-07-03,7,7,2,10365,2025-05-11,53,10,1,4,2
77,8,73,76,2023-05-02,6,6,4,15000,2023-03-19,44,5,2,2,2
241,9,88,83,2025-03-21,9,9,1,1081,2025-02-19,30,8,2,5,3
209,8,80,78,2024-06-06,10,10,4,15000,2023-12-20,169,5,3,4,1
385,4,32,35,2025-04-28,5,5,4,15000,2024-11-22,157,2,2,1,1
127,1,10,4,2025-01-12,2,2,3,15000,2024-12-15,28,7,3,7,1
369,7,68,62,2024-09-08,4,4,2,15000,2024-07-20,50,6,3,7,3
267,8,78,77,2025-04-30,1,1,3,15000,2025-03-15,46,3,1,3,2
425,9,82,85,2024-09-17,1,1,3,15000,2024-08-19,29,7,4,2,1
483,10,98,91,2023-09-25,7,7,2,15000,2023-06-22,95,3,1,1,1
136,3,24,22,2025-06-22,6,6,4,15000,2025-02-08,134,2,2,7,3
221,3,25,24,2025-07-31,7,7,1,1327,2025-07-14,17,2,5,4,3
176,10,98,91,2025-11-28,7,7,2,14722,2025-09-29,60,10,4,5,3
435,6,51,53,2025-03-10,10,10,2,15000,2024-09-21,170,4,4,1,3
238,2,16,13,2023-08-01,9,9,3,14465,2023-07-20,12,2,1,2,2
69,8,77,80,2024-04-08,5,5,3,15000,2024-02-12,56,10,1,1,1
200,9,84,85,2025-10-28,7,7,1,11769,2025-08-14,75,3,1,2,1
296,7,67,69,2025-04-27,6,6,2,15000,2025-01-13,104,2,2,7,2
296,5,49,44,2024-04-26,6,6,4,15000,2024-03-30,27,5,5,5,1
62,8,71,79,2023-11-16,8,8,4,15000,2023-09-06,71,4,1,4,1
178,3,24,21,2024-07-20,4,4,2,15000,2024-06-04,46,10,1,6,3
302,8,76,78,2023-06-26,8,8,4,15000,2023-02-04,142,6,2,1,2
478,7,64,62,2023-10-07,4,4,2,15000,2023-06-25,104,1,1,6,3
233,1,8,2,2024-05-09,1,1,1,5143,2023-12-03,158,2,3,4,1
67,6,51,57,2025-04-15,9,9,2,13677,2025-03-12,34,9,4,2,3
16,8,77,79,2025-11-14,10,10,2,13630,2025-09-06,69,3,3,5,1
84,10,98,93,2025-12-09,8,8,4,15000,2025-07-22,140,6,1,2,2
367,10,96,95,2023-10-04,3,3,4,15000,2023-09-22,12,8,2,3,1
75,10,94,91,2023-11-08,2,2,1,14815,2023-10-21,18,9,1,3,3
454,1,2,3,2023-11-26,1,1,1,12351,2023-09-05,82,9,2,7,1
52,1,6,7,2023-09-13,4,4,3,15000,2023-07-28,47,6,2,3,3
166,3,25,28,2024-09-04,5,5,3,15000,2024-04-17,140,9,1,3,2
351,3,24,27,2025-03-03,6,6,3,15000,2025-01-28,34,4,1,1,2
228,7,69,66,2023-07-04,4,4,1,15000,2023-04-19,76,10,5,2,2
331,6,51,55,2024-01-15,4,4,4,15000,2023-08-13,155,2,5,1,2
416,3,24,25,2024-06-26,4,4,4,15000,2024-01-22,156,10,2,3,3
235,2,13,19,2025-12-12,9,9,4,15000,2025-06-19,176,6,3,5,3
495,6,53,55,2023-10-23,7,7,3,9228,2023-05-04,172,2,1,1,3
402,8,71,79,2025-05-19,10,10,3,1257,2025-04-13,36,10,4,1,2
158,5,41,45,2023-05-17,2,2,1,3437,2022-11-20,178,1,4,3,1
271,10,91,96,2024-05-23,9,9,1,5121,2024-04-23,30,5,1,4,2
286,6,56,60,2024-06-29,7,7,2,15000,2024-06-02,27,6,5,6,3
323,1,1,6,2024-03-17,5,5,2,5562,2024-03-09,8,1,5,7,2
214,4,35,37,2024-01-11,6,6,3,15000,2023-09-05,128,9,4,4,3
350,7,67,64,2024-06-20,1,1,4,15000,2024-04-14,67,7,3,4,2
210,10,94,93,2023-11-20,3,3,1,15000,2023-11-15,5,4,1,1,2
437,2,16,17,2024-12-21,1,1,1,15000,2024-09-17,95,7,5,6,3
299,5,42,48,2023-01-30,3,3,2,12356,2022-12-31,30,6,3,1,1
140,8,78,80,2025-05-08,1,1,2,15000,2024-12-08,151,3,5,4,2
37,8,76,72,2025-01-14,7,7,3,13245,2024-12-10,35,6,2,2,2
133,8,76,75,2024-03-25,1,1,3,4465,2024-01-19,66,8,4,1,2
100,8,79,74,2025-07-14,3,3,2,7614,2025-04-22,83,5,1,1,3
347,7,66,69,2024-06-12,4,4,3,15000,2024-04-25,48,8,1,3,1
308,7,67,61,2025-08-11,9,9,1,8853,2025-03-10,154,3,1,1,1
162,3,21,27,2024-09-12,2,2,2,1298,2024-03-25,171,3,3,4,2
161,10,96,100,2024-05-23,8,8,2,15000,2024-04-30,23,4,4,4,1
308,9,88,81,2025-03-31,10,10,2,11321,2025-01-05,85,10,5,1,3
62,1,7,6,2024-04-08,3,3,2,1042,2023-11-30,130,7,4,1,2
220,8,78,71,2024-08-27,1,1,4,13618,2024-08-08,19,3,2,2,3
19,4,33,32,2025-11-27,9,9,4,15000,2025-11-14,13,5,3,4,3
350,6,57,53,2025-02-24,6,6,1,3336,2024-12-26,60,9,1,1,1
6,8,75,71,2023-04-01,6,6,1,14703,2023-02-27,33,1,1,6,1
85,5,49,47,2025-07-19,5,5,2,15000,2025-02-12,157,7,4,6,1
119,9,82,81,2025-01-20,8,8,3,15000,2025-01-03,17,5,3,1,2
263,10,95,96,2023-04-30,9,9,1,13291,2022-11-29,152,4,1,7,1
389,9,82,84,2024-11-03,9,9,2,8589,2024-08-18,77,9,1,7,2
38,2,14,20,2023-05-14,4,4,3,15000,2023-01-20,114,10,1,7,2
68,5,47,42,2025-02-23,10,10,2,14967,2024-09-05,171,8,5,7,3
63,5,44,43,2025-01-17,3,3,4,15000,2024-11-04,74,2,4,5,2
187,5,47,46,2025-09-19,5,5,1,1916,2025-04-29,143,5,3,5,2
242,10,95,96,2023-10-18,2,2,1,11009,2023-08-25,54,1,3,3,2
93,10,97,91,2023-04-19,4,4,4,15000,2023-03-24,26,8,5,3,3
247,6,55,54,2025-08-31,5,5,4,15000,2025-07-15,47,9,4,7,2
433,6,52,51,2024-08-14,1,1,3,15000,2024-02-24,172,3,4,3,3
157,4,35,34,2024-02-23,2,2,3,11809,2023-09-17,159,9,1,5,2
40,5,41,50,2025-05-15,2,2,3,15000,2024-12-27,139,1,4,4,1
118,3,22,27,2024-07-23,6,6,3,15000,2024-05-13,71,2,5,2,2
78,1,9,7,2025-01-19,1,1,2,15000,2024-08-27,145,10,5,7,2
160,2,16,12,2024-06-03,7,7,3,15000,2023-12-20,166,8,5,1,3
466,5,43,46,2023-10-29,9,9,3,15000,2023-10-20,9,4,2,7,1
320,3,22,23,2023-04-28,2,2,4,15000,2022-11-23,156,7,4,5,1
285,8,76,72,2025-02-09,1,1,2,8220,2024-11-05,96,3,5,7,2
57,9,87,81,2023-06-17,2,2,3,15000,2023-03-09,100,4,3,6,3
76,7,61,67,2024-06-29,5,5,1,4037,2024-01-19,162,10,1,6,1
18,8,74,77,2025-04-06,6,6,4,11007,2024-11-23,134,5,3,7,2
320,7,66,69,2025-09-06,3,3,4,15000,2025-06-11,87,3,4,6,1
93,5,49,48,2024-12-28,10,10,4,15000,2024-08-22,128,8,3,6,3
279,6,54,52,2025-06-10,8,8,3,4143,2025-02-07,123,1,3,2,1
435,6,53,57,2025-04-30,2,2,2,15000,2024-12-16,135,9,3,3,1
179,10,93,96,2024-09-05,4,4,3,7675,2024-08-22,14,7,5,4,2
379,7,62,66,2024-07-25,9,9,2,15000,2024-07-17,8,10,4,4,1
68,5,50,42,2024-06-23,8,8,1,4128,2024-04-19,65,3,1,7,2
249,10,92,94,2024-09-09,3,3,3,1952,2024-03-31,162,10,3,1,2
415,10,98,97,2023-03-14,4,4,2,15000,2023-02-17,25,8,4,2,2
310,3,25,28,2023-10-27,5,5,1,10585,2023-07-17,102,3,5,5,2
81,2,12,20,2024-12-15,8,8,4,15000,2024-08-27,110,8,4,7,2
331,2,17,14,2025-05-04,5,5,3,11572,2025-01-25,99,3,2,7,1
333,6,54,55,2025-09-30,7,7,2,10451,2025-07-10,82,3,3,2,3
426,2,16,12,2023-07-11,2,2,1,3685,2023-05-25,47,2,5,2,2
84,5,42,50,2024-11-15,3,3,2,15000,2024-10-10,36,7,4,5,2
284,4,34,40,2025-12-27,3,3,4,15000,2025-11-27,30,7,1,6,1
278,4,33,34,2024-03-27,5,5,4,15000,2023-12-15,103,3,3,3,2
188,1,6,3,2023-12-26,4,4,2,14147,2023-08-29,119,2,5,2,1
314,10,98,99,2024-12-06,7,7,1,15000,2024-11-26,10,7,4,5,3
282,10,91,98,2023-11-05,5,5,4,15000,2023-09-09,57,8,5,7,2
186,2,18,16,2023-08-23,4,4,2,15000,2023-05-02,113,9,5,3,1
204,7,69,67,2025-09-05,3,3,3,15000,2025-04-09,149,7,5,5,1
14,1,3,9,2024-04-14,4,4,2,8376,2024-01-07,98,8,5,7,2
282,9,85,84,2024-01-25,1,1,2,5158,2023-08-31,147,2,4,4,2
450,6,53,57,2023-06-28,10,10,2,15000,2023-04-25,64,9,3,3,2
294,2,18,19,2025-12-01,2,2,4,15000,2025-07-07,147,1,5,1,3
313,4,36,37,2025-02-27,4,4,1,15000,2025-02-25,2,9,2,4,1
23,8,71,72,2024-04-24,4,4,2,7828,2024-02-20,64,1,5,3,1
71,4,40,36,2023-12-14,4,4,4,15000,2023-08-02,134,2,2,4,2
452,4,36,39,2025-08-21,5,5,4,15000,2025-07-05,47,8,2,4,2
130,5,50,41,2024-09-07,7,7,4,15000,2024-03-27,164,9,1,6,3
278,10,93,91,2023-03-13,9,9,2,15000,2022-11-26,107,4,4,1,2
286,3,23,24,2023-04-15,7,7,1,13980,2023-02-02,72,10,5,6,2
272,1,3,4,2023-10-09,3,3,2,15000,2023-06-27,104,2,2,1,3
183,10,93,95,2025-09-01,8,8,3,2089,2025-07-02,61,2,5,1,2
371,1,7,6,2025-02-26,2,2,1,10276,2024-11-05,113,5,3,3,1
369,8,79,80,2023-11-30,10,10,1,12839,2023-07-06,147,9,1,4,2
110,1,10,8,2025-04-20,3,3,2,11488,2025-04-15,5,10,5,7,2
112,7,69,64,2023-12-20,3,3,4,15000,2023-10-27,54,1,1,3,1
429,9,81,86,2024-07-31,2,2,1,463,2024-07-29,2,5,2,3,1
227,9,85,90,2025-09-15,4,4,4,7567,2025-07-30,47,3,4,1,2
88,5,44,47,2024-04-23,6,6,1,1985,2024-02-06,77,1,4,2,1
50,2,13,14,2025-09-30,3,3,4,9107,2025-04-17,166,8,4,2,3
338,4,40,36,2024-04-15,7,7,2,3827,2023-11-02,165,8,1,1,1
3,10,98,92,2024-12-03,3,3,3,15000,2024-06-06,180,9,5,2,1
214,1,3,10,2024-06-09,3,3,2,15000,2024-04-02,68,3,4,7,2
60,7,65,66,2024-12-20,4,4,3,15000,2024-07-26,147,10,5,5,2
119,8,77,71,2025-03-01,6,6,1,13781,2024-10-21,131,6,1,6,1
188,6,59,60,2025-02-24,7,7,4,15000,2024-11-21,95,1,3,1,1
184,8,73,78,2023-08-01,5,5,2,2041,2023-07-02,30,10,4,2,1
220,5,49,45,2024-09-05,1,1,1,1499,2024-05-22,106,5,5,4,2
460,6,54,57,2023-07-11,10,10,2,14980,2023-03-26,107,5,2,2,1
52,2,16,14,2023-06-07,9,9,4,15000,2023-02-13,114,3,3,3,1
94,4,34,35,2023-06-17,10,10,1,7407,2022-12-28,171,9,5,6,2
346,10,94,97,2024-10-03,1,1,3,15000,2024-07-13,82,7,1,4,2
169,7,68,64,2025-12-01,3,3,3,7022,2025-06-20,164,8,1,1,2
467,9,90,82,2023-06-05,8,8,4,10096,2023-05-21,15,5,2,1,3
76,8,73,78,2024-02-06,8,8,2,15000,2023-08-11,179,4,2,2,1
185,1,10,1,2024-04-13,7,7,2,15000,2024-01-02,102,5,1,6,1
230,3,29,26,2023-03-10,10,10,2,15000,2022-11-06,124,8,4,5,3
466,9,86,87,2024-06-25,8,8,4,15000,2024-03-08,109,6,4,2,1
82,7,67,61,2025-10-28,5,5,3,15000,2025-08-21,68,1,5,2,3
238,7,67,69,2024-03-19,8,8,2,15000,2023-12-20,90,6,3,2,3
13,7,63,62,2023-02-22,10,10,2,11071,2022-10-14,131,8,1,3,2
470,3,21,27,2025-12-06,2,2,4,15000,2025-07-24,135,9,5,6,2
127,2,13,11,2025-09-05,7,7,2,15000,2025-03-25,164,4,1,5,1
88,8,74,71,2025-06-13,1,1,4,15000,2025-02-05,128,7,2,5,1
488,7,70,69,2025-02-17,7,7,4,15000,2024-08-28,173,3,4,1,2
236,10,93,98,2023-01-21,8,8,4,15000,2022-08-24,150,9,5,6,2
159,6,56,51,2023-01-14,8,8,1,15000,2022-12-26,19,7,5,6,1
379,2,11,18,2025-07-07,1,1,1,7707,2025-04-13,85,6,1,1,1
28,4,38,40,2025-12-15,7,7,3,15000,2025-06-23,175,2,1,1,2
211,2,16,18,2025-06-26,3,3,3,15000,2025-04-12,75,6,3,4,3
343,6,52,59,2023-12-05,8,8,2,15000,2023-11-05,30,4,1,2,1
78,1,8,6,2025-08-17,7,7,4,15000,2025-06-10,68,10,2,7,3
254,7,61,64,2024-11-01,7,7,3,15000,2024-09-05,57,4,4,5,1
16,1,5,9,2024-07-19,8,8,1,8473,2024-06-07,42,10,3,5,2
277,4,31,32,2023-05-20,6,6,4,15000,2023-04-09,41,8,3,6,2
115,1,5,3,2024-09-12,6,6,1,9807,2024-07-28,46,6,3,4,2
258,4,37,33,2023-04-07,1,1,1,15000,2022-12-04,124,3,5,5,2
246,3,22,30,2023-03-23,8,8,3,15000,2023-02-20,31,6,3,4,3
263,8,75,79,2023-01-14,8,8,2,15000,2022-09-13,123,5,1,6,2
387,2,16,15,2025-06-17,8,8,1,14195,2025-06-05,12,5,4,2,2
427,7,61,63,2023-12-07,7,7,3,15000,2023-07-11,149,9,2,4,2
402,8,73,71,2023-01-16,2,2,2,15000,2022-09-02,136,3,1,1,3
466,9,87,90,2025-06-02,1,1,4,15000,2024-12-13,171,5,1,1,2
473,9,89,87,2023-01-04,10,10,1,13168,2022-11-11,54,9,5,3,2
341,5,47,48,2023-07-25,10,10,2,15000,2023-07-21,4,5,5,2,3
271,10,92,93,2023-08-02,10,10,3,15000,2023-07-14,19,5,1,3,1
413,7,61,66,2023-02-19,6,6,4,4270,2022-10-02,140,2,2,7,1
486,6,52,60,2025-10-27,6,6,2,5142,2025-06-30,119,7,5,1,1
322,7,66,68,2023-05-25,10,10,3,2337,2023-03-02,84,9,4,4,1
197,1,8,3,2023-12-21,4,4,1,1181,2023-10-07,75,2,3,4,2
356,1,6,8,2024-05-29,7,7,3,979,2024-05-14,15,1,3,3,1
182,1,2,5,2023-12-18,4,4,4,12948,2023-10-06,73,5,4,1,2
97,4,40,35,2024-04-07,6,6,2,15000,2024-01-09,89,1,3,7,3
317,1,4,6,2023-12-27,7,7,2,10781,2023-10-31,57,7,4,3,1
218,1,6,2,2025-04-21,7,7,4,15000,2025-03-18,34,2,1,1,1
150,3,27,28,2023-05-05,4,4,1,15000,2023-01-02,123,9,4,5,2
198,9,87,86,2024-06-30,5,5,1,4525,2024-03-04,118,2,2,7,1
491,8,71,80,2023-10-09,1,1,4,7014,2023-07-05,96,1,1,1,2
271,5,48,49,2023-01-07,5,5,2,5453,2022-07-22,169,9,3,6,2
463,10,95,98,2023-02-04,1,1,1,8797,2022-12-11,55,2,2,6,2
490,6,53,57,2024-04-09,8,8,3,15000,2024-02-04,65,4,4,2,2
75,9,81,87,2024-12-23,7,7,4,15000,2024-07-11,165,6,3,1,2
295,6,59,52,2023-02-16,5,5,1,10480,2022-10-08,131,4,5,4,3
470,3,24,30,2024-07-30,1,1,4,15000,2024-07-13,17,1,3,2,1
383,6,51,57,2025-10-19,10,10,2,10328,2025-06-06,135,2,3,7,2
326,10,95,99,2024-08-20,8,8,4,15000,2024-07-23,28,4,1,2,2
93,8,73,74,2025-06-02,7,7,3,15000,2025-04-21,42,9,1,1,2
406,3,27,25,2025-09-14,1,1,4,15000,2025-04-26,141,3,2,7,1
466,9,83,86,2025-08-22,6,6,1,14811,2025-02-23,180,8,3,5,1
377,9,88,89,2024-09-22,10,10,1,15000,2024-09-09,13,3,2,7,2
416,5,48,42,2023-07-07,5,5,2,15000,2023-04-24,74,2,2,5,1
179,5,43,41,2025-02-04,1,1,2,8578,2024-10-27,100,6,4,2,1
394,1,9,4,2024-01-10,4,4,4,15000,2023-07-21,173,8,5,3,1
490,1,8,10,2024-03-27,1,1,3,15000,2023-11-07,141,7,2,3,1
270,8,77,78,2023-08-13,1,1,2,15000,2023-02-18,176,1,3,7,1
404,6,51,57,2023-02-27,4,4,1,2777,2022-09-13,167,9,5,1,1
146,9,86,81,2023-06-01,5,5,3,15000,2023-05-13,19,4,3,4,3
253,8,76,77,2023-09-27,3,3,1,6289,2023-06-11,108,7,1,3,1
327,7,70,69,2024-08-03,8,8,2,9283,2024-06-29,35,6,4,6,1
418,9,81,84,2024-02-05,6,6,3,15000,2023-12-03,64,3,4,1,2
33,3,29,23,2023-11-17,3,3,2,8870,2023-07-18,122,6,1,5,2
18,2,16,13,2025-11-14,5,5,4,15000,2025-06-05,162,1,4,5,2
54,9,90,87,2025-06-24,8,8,2,8703,2025-06-16,8,8,1,2,1
102,6,60,51,2023-01-22,3,3,1,7662,2023-01-19,3,10,5,7,2
6,5,45,46,2023-04-29,9,9,1,3631,2022-11-16,164,8,4,6,3
401,4,31,35,2023-04-02,3,3,1,3665,2022-11-11,142,3,4,7,2
386,9,84,81,2023-11-13,9,9,4,15000,2023-08-20,85,7,4,1,3
17,7,68,67,2024-04-01,3,3,1,2006,2023-11-19,134,5,2,1,1
159,1,1,3,2024-04-14,5,5,1,15000,2024-01-18,87,2,4,7,3
438,9,86,89,2024-01-25,3,3,3,15000,2023-08-10,168,9,2,4,2
279,6,54,60,2025-06-01,2,2,2,8238,2025-03-10,83,4,2,7,1
299,4,40,35,2025-04-23,8,8,1,8718,2025-01-18,95,5,2,3,1
343,4,39,33,2025-05-11,3,3,1,11388,2025-04-25,16,3,1,7,3
326,1,4,3,2024-02-13,10,10,2,6173,2023-11-18,87,5,2,2,2
94,2,19,12,2024-05-14,5,5,3,15000,2024-02-01,103,2,1,2,1
294,8,80,73,2023-06-14,4,4,4,2286,2023-03-02,104,7,5,3,3
54,8,77,75,2024-09-12,5,5,1,5207,2024-04-13,152,10,2,4,1
413,6,52,59,2025-03-27,4,4,4,15000,2024-12-01,116,6,5,4,1
92,6,53,59,2025-06-19,5,5,4,15000,2025-01-29,141,4,1,4,1
135,10,96,98,2024-04-27,3,3,2,4810,2024-03-11,47,3,2,6,1
278,4,37,35,2025-03-10,3,3,2,15000,2024-12-15,85,3,5,1,1
4,5,43,48,2023-03-25,6,6,1,11401,2022-11-05,140,4,3,6,1
26,9,90,85,2025-08-09,7,7,3,14178,2025-03-01,161,6,5,6,1
328,3,27,30,2025-11-13,6,6,1,7154,2025-06-22,144,8,2,4,2
424,9,86,89,2025-02-15,5,5,4,15000,2024-09-21,147,10,2,6,1
156,4,39,35,2024-11-07,1,1,1,1557,2024-08-15,84,8,1,4,1
56,8,75,74,2024-03-30,4,4,4,15000,2024-03-05,25,9,2,6,1
312,4,31,32,2025-04-27,7,7,2,7099,2025-03-07,51,1,2,7,3
277,5,47,43,2025-11-21,3,3,1,13597,2025-10-15,37,2,2,5,2
73,8,72,80,2023-11-17,3,3,2,15000,2023-06-30,140,2,2,5,3
334,8,73,79,2023-05-03,2,2,4,15000,2022-11-10,174,5,2,3,2
329,7,65,68,2023-07-16,5,5,3,15000,2023-01-29,168,9,4,7,1
291,4,32,36,2024-06-10,5,5,4,15000,2024-01-11,151,2,3,1,3
287,10,98,96,2023-01-04,1,1,3,15000,2022-08-25,132,1,3,3,3
228,9,87,86,2024-07-09,8,8,1,2597,2024-06-11,28,1,5,2,2
99,8,78,74,2024-09-11,8,8,3,15000,2024-06-04,99,9,1,3,1
332,6,56,59,2024-11-11,10,10,2,15000,2024-09-17,55,7,5,1,2
286,9,90,87,2023-02-04,3,3,4,13982,2022-08-09,179,1,2,6,1
86,6,58,51,2025-01-26,4,4,1,5972,2024-11-20,67,4,3,7,3
282,4,32,36,2024-05-15,8,8,3,9618,2024-02-13,92,7,3,3,2
433,2,16,15,2024-05-19,7,7,3,13036,2024-03-09,71,7,5,7,1
390,1,5,6,2024-12-20,1,1,2,4241,2024-09-16,95,5,3,5,3
316,6,58,53,2024-12-14,7,7,4,5668,2024-08-14,122,2,5,6,2
383,9,83,85,2024-05-20,3,3,4,15000,2024-05-09,11,9,2,1,1
70,8,79,78,2023-10-29,7,7,1,12177,2023-08-28,62,1,1,7,1
137,10,94,92,2024-05-27,2,2,3,15000,2024-05-13,14,9,3,1,2
491,10,100,94,2025-01-16,2,2,3,15000,2024-07-25,175,5,3,4,1
289,4,39,31,2023-01-18,6,6,3,2902,2022-11-09,70,5,1,3,1
340,3,26,24,2023-05-12,5,5,1,6976,2023-03-26,47,8,2,5,1
139,4,32,37,2023-07-02,9,9,1,1127,2023-05-22,41,4,1,7,2
21,7,63,69,2025-10-03,3,3,3,15000,2025-09-28,5,2,2,5,1
97,3,23,28,2025-05-26,10,10,1,3379,2025-04-27,29,9,2,1,2
255,4,31,38,2025-09-10,1,1,2,15000,2025-05-29,104,8,1,3,3
238,5,43,47,2023-11-23,5,5,2,15000,2023-11-10,13,9,3,4,2
226,6,57,55,2023-06-18,10,10,2,15000,2023-03-29,81,5,3,7,1
341,9,86,83,2024-04-07,1,1,4,14493,2024-03-28,10,10,4,7,2
185,8,78,76,2024-10-21,7,7,1,7473,2024-08-26,56,7,2,1,3
344,8,73,78,2024-11-22,7,7,3,8724,2024-06-28,147,1,1,5,2
34,6,53,59,2023-11-17,2,2,4,15000,2023-11-01,16,10,1,5,3
146,1,5,4,2025-10-08,2,2,4,4036,2025-07-14,86,2,3,3,3
205,5,48,47,2024-09-05,7,7,1,3568,2024-05-08,120,4,1,4,2
3,5,45,41,2023-03-10,3,3,4,15000,2022-11-08,122,1,4,5,2
256,2,14,13,2025-08-30,3,3,2,15000,2025-04-19,133,8,4,6,1
463,9,86,87,2025-02-01,10,10,3,15000,2024-12-17,46,7,2,6,2
65,4,32,31,2024-01-04,7,7,2,15000,2023-07-30,158,2,3,4,2
74,6,53,52,2025-12-14,7,7,3,15000,2025-08-06,130,7,2,7,2
464,7,69,62,2023-01-20,4,4,1,14025,2022-11-19,62,1,4,5,1
385,5,48,46,2023-07-07,7,7,3,15000,2023-04-03,95,7,2,5,1
8,10,92,91,2024-05-16,10,10,4,7617,2023-11-20,178,9,5,4,3
284,4,32,38,2025-03-14,6,6,3,3846,2024-12-19,85,7,2,5,2
30,6,53,59,2024-12-23,5,5,4,8675,2024-09-19,95,10,4,1,1
427,7,62,66,2025-10-08,10,10,1,15000,2025-07-20,80,3,2,3,3
141,3,25,23,2023-07-20,8,8,4,15000,2023-06-18,32,2,2,4,2
250,9,89,85,2025-04-22,4,4,3,15000,2025-01-03,109,4,4,2,1
459,1,5,6,2025-12-23,1,1,3,15000,2025-09-05,109,8,5,2,2
62,3,28,21,2024-11-12,8,8,1,13771,2024-08-12,92,3,5,2,1
120,7,68,65,2025-06-08,2,2,2,8558,2024-12-14,176,6,1,7,2
465,8,79,80,2025-03-02,3,3,4,15000,2025-01-13,48,3,5,7,1
329,3,24,22,2025-08-08,4,4,1,12957,2025-08-02,6,4,1,5,2
343,4,40,33,2025-11-15,5,5,2,1516,2025-06-05,163,10,2,6,2
301,3,28,21,2025-02-23,5,5,1,11778,2024-09-29,147,2,4,7,2
139,1,6,1,2025-12-28,3,3,3,15000,2025-12-06,22,9,4,7,3
151,10,93,92,2024-03-26,4,4,2,15000,2023-10-04,174,7,5,2,1
90,7,69,62,2024-02-19,8,8,4,15000,2023-11-27,84,5,5,1,1
432,4,40,34,2024-11-26,2,2,1,924,2024-06-18,161,1,3,2,1
118,7,70,68,2023-04-20,7,7,4,15000,2022-12-30,111,1,4,4,2
16,7,70,66,2025-08-30,3,3,2,15000,2025-08-11,19,1,2,6,3
471,5,46,45,2024-02-08,3,3,4,15000,2023-12-13,57,10,1,4,2
334,6,60,57,2025-07-23,5,5,1,11843,2025-03-14,131,9,1,3,1
433,3,25,24,2025-10-14,2,2,1,9216,2025-04-18,179,2,2,2,2
486,10,96,92,2023-09-18,5,5,1,872,2023-09-15,3,10,3,1,2
275,4,31,39,2025-04-24,8,8,3,15000,2025-01-29,85,7,1,4,3
419,10,98,91,2025-11-07,5,5,2,507,2025-06-04,156,7,5,5,1
475,9,85,89,2025-08-06,6,6,4,15000,2025-07-31,6,5,1,3,2
229,8,77,78,2024-06-30,6,6,1,14430,2024-02-18,133,2,4,7,1
446,5,44,42,2024-09-14,4,4,4,15000,2024-03-26,172,9,3,6,1
235,8,74,73,2024-07-16,1,1,1,12915,2024-05-29,48,1,3,2,2
216,2,11,20,2024-04-02,4,4,3,15000,2023-11-05,149,2,5,2,1
183,4,36,34,2024-07-27,8,8,3,15000,2024-03-08,141,9,5,6,2
500,7,68,69,2025-08-08,1,1,2,15000,2025-03-12,149,5,4,5,2
20,2,12,18,2023-04-01,1,1,2,15000,2022-11-20,132,3,3,6,2
257,3,25,29,2025-11-20,10,10,2,15000,2025-08-30,82,6,4,4,2
31,10,97,98,2025-12-02,10,10,3,15000,2025-07-17,138,2,5,2,2
273,10,97,95,2023-03-04,8,8,2,15000,2022-09-23,162,10,1,6,2
389,1,8,6,2025-11-28,5,5,4,12461,2025-10-18,41,10,3,5,1
179,3,24,29,2023-11-16,2,2,4,2389,2023-10-08,39,1,5,4,1
450,6,55,59,2024-01-26,2,2,3,15000,2023-11-24,63,3,1,5,2
147,9,89,86,2023-02-07,9,9,1,8379,2023-01-26,12,4,4,2,1
151,4,33,34,2025-10-02,4,4,4,15000,2025-06-09,115,5,2,4,1
445,10,97,93,2023-02-25,10,10,3,15000,2023-02-02,23,9,5,6,1
210,2,17,18,2025-01-22,5,5,2,15000,2024-09-08,136,3,3,3,2
203,8,76,75,2025-01-03,8,8,1,2323,2024-11-07,57,9,5,5,3
346,10,94,96,2024-08-27,4,4,3,15000,2024-05-17,102,9,4,2,3
408,4,37,35,2023-06-15,3,3,4,15000,2023-06-14,1,4,1,4,1
311,7,61,70,2024-12-16,7,7,1,4298,2024-08-13,125,7,4,1,2
445,2,18,20,2023-09-04,2,2,2,9297,2023-08-10,25,10,1,1,3
144,4,33,31,2024-06-24,5,5,4,15000,2024-02-04,141,8,3,1,2
393,5,45,41,2025-03-19,1,1,4,15000,2024-11-26,113,9,3,3,3
166,10,96,93,2023-09-17,3,3,1,13453,2023-06-27,82,10,3,7,1
432,2,14,20,2024-01-07,6,6,4,15000,2023-11-08,60,6,4,7,1
253,8,74,77,2023-05-30,2,2,4,15000,2023-01-24,126,1,1,2,1
383,8,72,79,2023-07-28,6,6,4,15000,2023-02-04,174,9,2,5,1
148,4,40,39,2025-09-03,3,3,3,5119,2025-03-15,172,9,5,3,2
449,9,86,82,2023-09-24,10,10,1,15000,2023-08-15,40,10,5,7,3
206,1,4,9,2025-08-22,5,5,4,7395,2025-07-25,28,6,3,5,3
461,3,28,26,2023-01-11,2,2,3,8631,2023-01-05,6,4,3,3,2
472,8,73,75,2024-12-08,10,10,3,10710,2024-07-26,135,2,1,7,1
244,3,26,23,2025-12-30,5,5,1,6328,2025-08-19,133,9,4,2,2
312,4,37,32,2023-10-16,6,6,2,14628,2023-04-21,178,6,1,1,3
54,1,1,8,2023-10-22,2,2,3,15000,2023-05-07,168,10,3,7,2
485,3,26,28,2023-03-10,8,8,1,4694,2022-10-26,135,1,4,5,1
118,4,37,39,2025-04-21,5,5,4,15000,2025-03-01,51,2,4,1,1
365,9,89,81,2023-10-22,7,7,3,14792,2023-09-16,36,3,3,7,2
414,1,5,10,2025-09-02,3,3,2,15000,2025-04-07,148,4,4,2,1
28,8,75,72,2024-12-19,10,10,1,6131,2024-12-07,12,8,5,4,1
255,2,18,14,2024-10-24,3,3,2,15000,2024-06-27,119,9,2,4,2
253,2,16,20,2025-09-09,2,2,3,13725,2025-09-07,2,9,4,2,1
368,10,96,91,2023-02-20,8,8,2,7421,2022-12-11,71,2,4,1,1
205,5,50,49,2024-12-05,3,3,2,10524,2024-10-11,55,5,4,4,2
493,6,52,57,2025-02-13,6,6,1,15000,2024-11-20,85,10,4,4,3
82,2,14,17,2025-08-05,5,5,3,15000,2025-06-05,61,1,4,2,2
111,5,46,49,2023-12-20,9,9,3,15000,2023-11-17,33,1,5,3,2
52,9,90,83,2025-08-21,8,8,3,15000,2025-03-28,146,1,5,4,3
493,2,17,14,2023-01-23,6,6,1,13811,2022-09-26,119,6,4,1,3
393,8,79,75,2024-01-27,8,8,2,15000,2023-12-20,38,2,1,6,3
316,1,2,10,2023-12-14,6,6,1,1252,2023-10-30,45,9,5,4,2
376,10,98,96,2024-05-15,6,6,4,15000,2024-02-22,83,3,3,3,1
490,4,37,36,2025-06-26,7,7,2,15000,2025-04-04,83,1,2,4,1
447,10,92,95,2024-02-24,10,10,1,12607,2023-11-18,98,10,3,6,1
372,1,5,10,2023-06-02,3,3,2,15000,2023-03-12,82,9,3,5,1
294,1,4,6,2025-06-15,7,7,3,15000,2025-04-12,64,4,4,7,2
160,6,56,58,2025-10-03,1,1,2,14468,2025-07-23,72,2,1,5,1
121,3,28,30,2023-07-15,8,8,3,12543,2023-03-23,114,5,3,6,2
417,5,42,41,2023-06-30,9,9,3,15000,2023-03-28,94,5,2,5,2
361,2,20,18,2023-10-17,4,4,2,9299,2023-07-01,108,4,2,2,1
144,8,80,72,2025-02-25,8,8,1,14736,2024-09-01,177,3,1,2,3
401,2,13,15,2023-11-22,7,7,4,13084,2023-09-23,60,8,3,3,3
428,4,40,36,2023-05-22,9,9,1,14584,2023-04-23,29,6,3,1,1
400,5,45,47,2023-12-14,4,4,3,11123,2023-12-05,9,2,1,4,2
492,4,36,32,2025-09-14,5,5,4,13689,2025-07-11,65,9,2,7,2
416,5,50,41,2023-01-18,10,10,3,15000,2022-10-03,107,4,3,3,2
299,1,9,7,2023-03-24,5,5,2,15000,2022-12-19,95,6,3,5,2
345,10,96,93,2023-05-01,2,2,3,1638,2023-02-01,89,2,1,1,2
297,1,4,9,2023-06-14,2,2,4,2474,2022-12-26,170,2,1,3,2
66,10,93,92,2025-06-18,7,7,1,12504,2025-04-06,73,5,2,3,1
45,6,57,60,2025-12-05,3,3,1,2589,2025-11-30,5,5,5,5,2
113,4,33,39,2023-01-10,7,7,3,15000,2023-01-02,8,7,5,2,2
443,1,9,8,2025-02-24,1,1,1,9483,2024-11-03,113,6,1,1,3
358,10,94,98,2024-06-30,10,10,1,3699,2024-02-19,132,1,5,7,1
35,8,73,76,2023-01-12,6,6,3,15000,2022-12-11,32,1,1,4,2
179,3,22,23,2023-10-18,2,2,1,14418,2023-06-28,112,9,2,3,2
189,5,43,44,2023-04-22,1,1,4,15000,2023-01-10,102,7,4,6,1
187,3,23,27,2024-09-23,7,7,4,15000,2024-04-29,147,1,5,1,2
455,6,58,59,2024-01-07,9,9,2,15000,2023-09-13,116,7,2,7,2
79,10,97,98,2025-01-05,2,2,2,6200,2024-10-15,82,8,4,7,1
312,10,96,93,2025-08-25,10,10,4,15000,2025-03-03,175,6,2,1,3
17,10,99,97,2023-01-26,3,3,4,15000,2023-01-25,1,3,3,4,3
407,10,91,92,2024-04-09,3,3,4,15000,2024-02-08,61,6,3,2,1
291,1,9,1,2025-02-02,3,3,1,2440,2024-12-12,52,2,2,7,1
334,5,46,48,2024-06-03,7,7,4,15000,2024-03-06,89,9,1,1,2
313,4,35,34,2025-04-03,8,8,4,15000,2024-10-21,164,8,4,4,2
426,9,84,87,2025-01-01,10,10,1,14249,2024-07-29,156,7,3,3,3
21,3,26,24,2025-04-22,5,5,1,14462,2025-02-01,80,8,1,2,1
302,10,92,98,2024-06-09,8,8,4,15000,2024-01-02,159,5,5,7,2
491,6,58,56,2025-05-05,10,10,4,15000,2025-02-03,91,1,3,1,2
57,1,9,10,2024-02-14,7,7,3,15000,2023-11-27,79,5,1,3,1
150,2,14,17,2025-02-24,8,8,3,15000,2024-09-12,165,1,1,1,2
29,2,20,14,2025-04-15,7,7,2,15000,2024-12-29,107,2,5,2,2
238,4,38,31,2023-12-08,6,6,1,7288,2023-09-22,77,1,1,5,1
268,9,81,83,2025-03-06,2,2,1,15000,2025-03-05,1,3,4,4,1
48,9,85,84,2023-10-24,7,7,4,5524,2023-09-13,41,10,1,2,3
448,2,11,13,2024-10-04,5,5,3,15000,2024-06-27,99,3,4,5,2
223,1,4,9,2025-09-29,8,8,1,15000,2025-07-08,83,7,4,1,3
129,1,9,8,2023-11-20,6,6,3,15000,2023-11-13,7,5,2,1,1
2,7,68,70,2023-03-31,1,1,1,15000,2022-11-18,133,9,1,5,3
188,9,90,89,2024-01-10,9,9,1,8483,2023-08-03,160,10,2,3,1
304,10,91,92,2024-07-31,7,7,4,5594,2024-06-15,46,8,2,3,1
189,6,51,56,2024-04-18,6,6,4,11106,2024-02-21,57,3,4,4,1
320,8,72,79,2023-04-13,8,8,1,5528,2023-02-17,55,2,2,4,1
169,10,98,97,2023-01-22,6,6,4,15000,2022-12-22,31,6,4,7,1
32,2,17,11,2025-10-26,5,5,1,9694,2025-07-07,111,1,4,7,3
409,1,3,6,2024-05-11,8,8,2,8745,2024-03-29,43,7,3,6,2
33,5,41,44,2025-06-21,4,4,4,15000,2025-03-18,95,9,3,6,2
142,5,45,49,2025-01-13,5,5,1,15000,2024-09-26,109,5,5,1,2
301,10,94,100,2025-04-08,2,2,2,15000,2024-11-03,156,6,1,2,1
281,5,44,49,2023-05-14,9,9,4,15000,2022-12-22,143,7,5,7,2
50,10,95,91,2025-11-18,5,5,2,15000,2025-06-26,145,4,1,2,1
477,7,61,68,2023-06-22,3,3,4,15000,2023-01-03,170,1,2,4,1
25,8,80,74,2023-08-08,4,4,3,15000,2023-02-15,174,2,3,2,1
389,4,38,31,2024-02-03,4,4,3,15000,2024-01-02,32,9,1,6,3
269,2,18,15,2023-12-13,4,4,3,15000,2023-06-19,177,3,4,3,2
139,10,100,92,2024-05-18,3,3,3,15000,2024-04-03,45,8,2,6,3
228,5,47,41,2023-07-10,8,8,2,3538,2023-04-22,79,5,5,1,2
48,3,24,21,2023-11-06,3,3,1,490,2023-07-19,110,4,1,1,2
362,8,75,80,2025-04-22,9,9,4,15000,2025-04-13,9,9,2,2,3
162,1,5,2,2025-12-16,3,3,4,15000,2025-12-10,6,3,4,2,2
38,1,7,9,2023-10-16,6,6,4,2733,2023-06-11,127,6,3,1,2
127,1,10,1,2025-07-06,4,4,3,15000,2025-02-27,129,3,1,7,1
435,1,4,2,2025-12-23,4,4,2,5510,2025-08-03,142,3,5,2,3
475,4,39,35,2023-10-01,7,7,4,15000,2023-04-06,178,10,4,7,1
78,7,66,67,2024-04-02,7,7,2,15000,2024-03-10,23,10,4,2,1
282,2,19,12,2025-03-09,9,9,3,15000,2024-09-20,170,10,4,7,2
312,1,10,7,2025-07-27,8,8,2,15000,2025-07-24,3,7,1,7,2
355,3,24,28,2023-02-19,3,3,2,2072,2022-12-12,69,9,1,7,2
402,10,91,97,2025-01-14,1,1,1,3542,2024-11-16,59,8,4,2,1
258,3,29,21,2023-08-25,10,10,1,15000,2023-03-16,162,6,1,5,2
159,5,41,45,2025-06-29,6,6,4,13352,2025-02-05,144,1,2,7,3
62,6,56,58,2024-04-26,6,6,3,9282,2023-11-18,160,8,2,5,1
318,8,78,74,2025-10-20,5,5,3,15000,2025-08-28,53,9,1,1,1
97,1,10,3,2023-07-19,9,9,2,15000,2023-06-14,35,10,3,3,2
244,5,49,41,2025-01-14,10,10,3,11207,2024-11-01,74,7,3,2,1
425,2,18,14,2025-05-02,1,1,2,10746,2025-04-03,29,9,4,5,1
186,1,1,3,2025-04-09,3,3,3,15000,2025-02-16,52,7,2,3,3
84,10,92,100,2025-08-20,7,7,2,15000,2025-06-11,70,5,4,3,3
65,4,35,38,2025-07-22,10,10,4,15000,2025-02-09,163,7,2,2,2
218,1,1,3,2024-05-03,2,2,1,1445,2024-04-08,25,4,4,5,2
481,3,21,30,2023-03-05,1,1,2,15000,2023-03-04,1,9,4,7,1
449,7,70,63,2025-10-23,4,4,4,7030,2025-07-16,99,5,2,4,1
450,5,48,49,2025-01-03,8,8,1,1440,2024-12-08,26,9,3,5,2
498,9,81,86,2024-10-06,9,9,4,15000,2024-09-07,29,5,3,7,2
80,4,39,33,2023-03-30,2,2,1,15000,2022-10-26,155,1,5,4,3
269,4,39,33,2024-02-22,6,6,2,4144,2023-10-20,125,10,5,4,2
73,1,9,4,2025-07-27,10,10,2,15000,2025-05-28,60,9,3,7,2
278,7,69,65,2024-06-10,2,2,2,12509,2024-02-18,113,10,1,1,1
207,9,90,87,2024-07-04,1,1,4,15000,2024-03-23,103,3,4,4,2
34,2,15,16,2023-03-06,4,4,2,15000,2022-12-16,80,3,2,1,3
47,10,91,100,2023-04-02,4,4,3,15000,2022-12-24,99,10,4,7,2
186,1,9,4,2023-02-18,8,8,2,2794,2022-11-02,108,4,1,6,3
321,4,37,36,2025-09-12,8,8,3,15000,2025-03-23,173,7,4,5,2
414,4,34,39,2023-11-24,8,8,3,15000,2023-11-15,9,5,3,5,1
236,1,10,9,2023-04-01,1,1,1,13165,2023-01-07,84,8,5,6,2
245,1,6,5,2024-10-02,7,7,3,15000,2024-06-11,113,2,3,3,3
16,4,33,32,2023-08-29,9,9,1,7419,2023-04-05,146,3,5,2,1
472,10,92,96,2024-07-16,9,9,3,15000,2024-05-31,46,10,3,2,2
472,7,69,67,2023-02-07,7,7,3,15000,2022-08-27,164,2,4,2,2
493,6,57,51,2025-11-18,7,7,3,3288,2025-09-07,72,8,4,2,2
291,7,70,68,2025-02-25,5,5,1,14950,2024-12-18,69,8,5,2,2
122,4,38,33,2023-08-29,7,7,4,15000,2023-06-01,89,5,4,2,2
105,6,55,56,2025-01-27,5,5,4,15000,2024-09-22,127,4,3,1,1
484,6,55,54,2024-03-31,10,10,2,15000,2023-10-09,174,3,2,7,2
2,8,73,72,2023-05-27,8,8,4,15000,2022-12-18,160,6,1,6,1
388,3,21,26,2023-01-19,10,10,4,15000,2022-12-15,35,3,5,4,1
80,4,38,36,2024-02-16,4,4,2,15000,2023-10-02,137,6,4,5,1
12,3,28,25,2023-01-19,10,10,1,15000,2022-09-29,112,8,5,4,2
63,3,22,23,2024-02-06,9,9,3,15000,2023-08-27,163,2,4,2,2
269,2,11,12,2025-11-01,2,2,4,15000,2025-09-23,39,7,5,6,3
450,4,31,33,2025-08-02,3,3,4,15000,2025-07-15,18,8,5,6,2
153,7,66,70,2024-06-28,2,2,2,4524,2024-02-25,124,8,4,5,2
93,4,35,34,2023-07-18,2,2,3,15000,2023-05-10,69,6,3,2,3
176,10,96,97,2025-10-17,10,10,2,15000,2025-09-09,38,10,3,5,2
215,8,74,79,2023-01-12,7,7,2,15000,2022-10-31,73,10,1,4,2
194,7,65,61,2023-11-24,6,6,2,15000,2023-08-23,93,2,3,5,1
146,6,58,60,2023-01-14,10,10,1,12398,2022-09-16,120,9,2,6,1
368,3,22,30,2023-08-01,4,4,2,1742,2023-04-07,116,8,1,2,1
103,10,97,98,2023-06-03,6,6,2,15000,2023-05-02,32,7,5,6,3
377,5,45,50,2025-12-06,7,7,2,15000,2025-09-22,75,6,4,6,1
124,4,37,32,2023-01-30,9,9,2,10395,2023-01-05,25,10,4,1,1
51,4,32,33,2023-12-13,10,10,1,9623,2023-08-10,125,8,4,3,1
223,4,32,31,2023-07-13,6,6,2,15000,2023-06-30,13,6,3,4,3
280,6,58,60,2024-08-22,9,9,1,9714,2024-06-16,67,5,2,4,3
442,5,46,42,2023-09-15,2,2,3,15000,2023-08-21,25,4,1,5,2
45,1,4,9,2024-11-24,9,9,1,7057,2024-06-02,175,10,5,7,1
365,3,27,25,2023-02-28,3,3,2,15000,2023-01-19,40,1,2,2,2
6,2,11,14,2023-11-21,5,5,3,11761,2023-07-24,120,3,1,2,1
166,8,72,73,2025-05-22,5,5,1,2312,2025-03-02,81,4,1,4,3
4,9,86,88,2023-02-21,8,8,4,15000,2022-10-13,131,9,4,2,3
131,2,14,11,2024-07-25,5,5,4,15000,2024-03-08,139,5,1,4,1
396,8,74,71,2023-11-03,4,4,1,3567,2023-05-23,164,5,2,5,1
136,2,19,11,2024-02-04,5,5,2,15000,2023-12-01,65,9,2,7,1
186,6,54,57,2023-05-15,6,6,4,15000,2023-01-01,134,2,4,1,2
370,5,44,42,2024-11-28,10,10,2,14704,2024-08-25,95,9,4,4,2
61,3,30,23,2024-09-30,10,10,4,15000,2024-09-26,4,10,2,1,3
91,2,18,20,2025-06-11,10,10,4,15000,2025-04-13,59,10,2,3,2
28,9,82,81,2025-09-05,5,5,1,15000,2025-05-30,98,1,2,5,3
144,7,67,68,2023-04-12,8,8,4,10084,2023-02-02,69,7,3,3,1
498,9,84,82,2025-09-08,3,3,1,2422,2025-05-19,112,7,1,1,2
374,5,48,47,2024-11-02,4,4,3,13778,2024-10-09,24,4,1,6,1
101,10,91,94,2023-02-01,5,5,3,15000,2022-08-17,168,3,4,3,2
364,5,47,45,2025-09-06,5,5,3,11490,2025-04-02,157,1,3,6,1
376,2,13,12,2023-11-25,3,3,4,15000,2023-10-14,42,7,5,6,2
396,8,74,71,2023-04-23,9,9,4,15000,2022-12-13,131,1,3,7,1
171,6,55,58,2023-03-25,1,1,4,15000,2023-03-16,9,6,1,6,3
165,5,47,45,2023-02-06,2,2,1,14760,2022-10-18,111,9,2,1,1
479,9,82,86,2024-07-06,4,4,4,5075,2024-02-13,144,10,1,6,2
312,1,6,7,2024-05-12,10,10,4,8018,2024-03-17,56,7,1,7,2
202,8,74,76,2025-01-05,3,3,2,15000,2024-12-06,30,9,3,7,3
71,8,74,76,2025-09-09,3,3,2,4970,2025-07-16,55,10,3,2,1
345,10,96,92,2025-09-15,3,3,2,15000,2025-04-25,143,1,1,1,1
426,10,91,99,2023-08-25,10,10,4,11255,2023-04-03,144,8,4,5,2
67,2,14,12,2023-11-27,8,8,4,15000,2023-06-15,165,10,2,1,1
139,3,24,30,2023-08-18,5,5,4,15000,2023-05-30,80,4,3,5,1
288,5,46,45,2023-01-24,10,10,3,15000,2022-12-28,27,5,3,2,1
316,5,48,45,2024-02-21,1,1,1,15000,2024-02-16,5,3,3,3,1
158,5,42,43,2024-04-09,9,9,3,15000,2024-04-06,3,2,3,2,2
208,10,98,91,2024-10-21,2,2,1,14861,2024-07-26,87,10,4,1,3
410,3,26,24,2025-01-17,7,7,1,12563,2024-10-25,84,4,1,5,1
361,6,55,56,2023-08-10,1,1,2,9146,2023-04-20,112,7,1,4,1
410,4,31,36,2023-10-04,7,7,2,2655,2023-04-12,175,2,4,3,1
256,4,35,38,2024-07-20,1,1,4,15000,2024-02-03,168,4,4,6,3
410,5,47,43,2023-09-09,5,5,4,2108,2023-04-22,140,5,2,6,2
99,1,9,6,2023-04-09,7,7,4,15000,2022-12-13,117,10,5,7,1
14,10,95,92,2023-09-06,6,6,2,688,2023-07-10,58,1,5,3,2
297,3,27,23,2023-06-26,2,2,4,15000,2023-02-28,118,1,2,1,3
157,3,29,23,2024-11-04,8,8,1,4071,2024-06-27,130,6,1,1,2
394,10,97,100,2024-01-19,10,10,4,15000,2023-09-06,135,3,1,5,1
294,8,78,73,2023-03-03,2,2,3,8533,2023-02-24,7,3,1,5,2
26,1,5,2,2023-11-15,1,1,3,15000,2023-05-28,171,8,3,3,1
500,3,28,26,2025-06-22,1,1,2,15000,2025-03-14,100,2,4,7,2
356,6,52,57,2023-10-02,7,7,1,7954,2023-09-06,26,7,3,1,2
382,7,63,68,2023-11-23,4,4,1,5896,2023-07-16,130,8,3,4,1
247,9,89,86,2024-07-20,2,2,1,10872,2024-07-15,5,3,4,6,2
329,1,8,3,2023-11-25,4,4,3,14150,2023-11-10,15,1,5,6,3
182,5,50,43,2023-08-21,3,3,4,15000,2023-08-14,7,6,3,1,1
421,5,42,43,2025-10-16,7,7,1,14159,2025-08-07,70,9,5,4,1
116,5,48,45,2024-11-21,10,10,1,7261,2024-09-04,78,5,4,4,1
214,4,31,33,2024-09-06,1,1,3,9694,2024-07-15,53,1,5,5,2
99,1,5,1,2025-10-10,1,1,4,15000,2025-04-26,167,7,2,5,2
199,2,13,20,2024-12-10,7,7,4,15000,2024-08-28,104,10,2,2,3
317,5,41,44,2024-04-07,1,1,3,15000,2023-12-03,126,4,2,7,2
256,1,7,5,2024-03-18,5,5,1,12366,2023-10-07,163,5,1,1,1
488,3,30,26,2025-05-16,7,7,2,13666,2025-05-04,12,7,2,5,3
91,9,87,85,2025-05-10,8,8,2,15000,2025-03-19,52,7,2,6,2
292,6,52,56,2024-11-17,5,5,1,11497,2024-07-21,119,10,2,7,1
177,2,14,20,2025-10-19,1,1,3,15000,2025-10-06,13,9,3,7,2
339,3,24,22,2023-01-18,10,10,2,4587,2022-12-15,34,2,5,3,2
478,2,17,13,2025-10-26,9,9,1,1901,2025-07-30,88,8,5,7,2
346,6,58,56,2024-11-02,5,5,1,5757,2024-05-23,163,6,5,6,1
312,2,16,19,2024-05-14,9,9,1,10096,2024-02-27,77,1,5,2,3
279,9,90,85,2024-08-19,2,2,3,15000,2024-04-16,125,8,4,1,3
208,4,32,35,2025-02-10,8,8,2,15000,2024-11-24,78,6,2,1,2
338,2,16,18,2025-11-13,1,1,4,15000,2025-10-31,13,6,3,4,2
284,2,13,11,2025-01-05,5,5,2,5368,2024-12-26,10,5,2,7,1
6,5,46,45,2025-03-08,3,3,1,9670,2025-02-19,17,10,4,6,2
132,5,41,43,2025-09-30,9,9,2,15000,2025-08-09,52,1,2,2,3
433,3,27,22,2025-03-12,6,6,1,15000,2024-09-26,167,7,2,3,2
40,6,54,58,2025-08-13,2,2,3,15000,2025-08-09,4,7,3,3,1
138,2,17,13,2024-09-28,9,9,2,15000,2024-09-19,9,4,4,6,2
301,9,83,84,2023-04-11,1,1,4,15000,2023-03-27,15,7,4,2,2
304,8,76,73,2024-07-09,1,1,4,15000,2024-06-22,17,5,4,2,2
57,2,12,13,2025-09-05,5,5,2,10557,2025-04-16,142,7,1,5,1
414,8,77,72,2023-08-19,2,2,4,15000,2023-06-09,71,7,3,6,2
346,3,25,24,2023-07-04,9,9,1,7547,2023-06-23,11,5,1,2,1
84,9,83,85,2024-11-28,3,3,1,1322,2024-06-23,158,6,4,4,3
275,5,50,42,2025-05-03,1,1,3,6980,2024-11-17,167,1,1,6,1
105,6,56,51,2025-06-24,8,8,2,5024,2025-04-06,79,6,4,2,1
108,5,45,48,2024-10-04,8,8,1,4025,2024-08-25,40,5,4,5,1
88,1,9,6,2023-06-24,10,10,2,5880,2023-04-20,65,4,1,6,2
406,9,89,83,2025-06-22,2,2,4,4246,2025-05-26,27,5,3,7,1
96,2,18,12,2023-08-28,10,10,2,15000,2023-04-07,143,7,2,1,2
320,1,9,3,2023-07-13,3,3,1,5131,2023-03-13,122,4,1,4,1
265,7,69,70,2023-11-17,1,1,2,15000,2023-08-19,90,7,1,5,1
229,7,68,65,2025-03-25,10,10,1,8945,2025-03-04,21,8,3,2,1
120,8,78,72,2025-02-05,9,9,1,8185,2025-01-28,8,4,4,3,1
65,4,36,32,2025-12-15,2,2,1,10241,2025-07-14,154,5,4,1,1
165,5,46,47,2023-05-07,6,6,2,15000,2023-03-25,43,1,4,7,2
120,9,81,82,2023-04-11,5,5,4,15000,2023-03-20,22,8,5,2,2
441,4,32,39,2025-03-22,5,5,4,15000,2025-03-19,3,6,2,6,2
175,5,42,50,2025-03-05,1,1,3,15000,2024-10-13,143,2,5,3,2
344,5,49,50,2023-08-03,8,8,3,15000,2023-03-03,153,7,1,4,2
156,3,26,23,2025-08-20,2,2,3,15000,2025-06-15,66,5,5,3,3
291,1,4,7,2024-10-30,6,6,1,14516,2024-05-16,167,7,2,3,3
412,2,18,16,2024-04-29,4,4,4,15000,2024-02-17,72,8,1,1,3
371,9,83,82,2025-06-07,5,5,2,12293,2025-03-13,86,3,1,6,1
246,9,86,88,2023-04-14,7,7,4,12829,2023-02-15,58,6,2,5,2
471,1,2,5,2024-10-05,6,6,4,15000,2024-09-06,29,3,4,6,1
71,1,1,2,2025-06-03,3,3,2,15000,2025-05-21,13,4,1,2,3
158,3,30,28,2024-11-25,5,5,1,4230,2024-11-15,10,6,2,1,3
158,2,20,17,2024-12-06,7,7,1,8189,2024-07-24,135,10,2,5,2
376,7,67,69,2023-08-16,4,4,4,15000,2023-06-04,73,1,3,3,2
127,9,90,87,2025-11-25,7,7,3,15000,2025-08-06,111,2,4,2,3
137,8,77,72,2025-07-12,4,4,1,12477,2025-05-27,46,5,5,6,1
200,4,33,35,2023-02-26,3,3,4,15000,2023-01-14,43,3,2,7,2
316,1,5,6,2023-12-08,4,4,4,15000,2023-07-30,131,1,3,5,1
166,4,33,35,2025-08-13,10,10,1,15000,2025-05-28,77,10,1,3,3
275,1,5,9,2024-06-06,7,7,4,4200,2024-03-12,86,4,3,4,2
409,8,76,75,2025-07-10,9,9,2,766,2025-06-15,25,2,3,4,2
189,6,57,55,2024-03-26,8,8,2,8797,2023-10-14,164,5,2,2,1
46,10,91,95,2024-10-13,2,2,1,4979,2024-08-13,61,5,1,7,2
194,1,7,5,2025-07-12,8,8,1,12881,2025-04-18,85,3,5,6,2
335,7,64,70,2025-06-16,6,6,3,15000,2025-02-14,122,7,4,1,2
380,7,62,68,2025-03-14,4,4,3,15000,2024-10-31,134,10,4,5,1
369,8,73,72,2025-09-28,10,10,3,15000,2025-07-05,85,1,2,7,1
246,2,19,16,2023-03-26,10,10,3,13374,2023-03-25,1,6,4,7,3
328,4,32,35,2023-05-31,9,9,1,2696,2023-04-22,39,7,1,3,3
377,1,5,10,2025-12-16,3,3,2,15000,2025-09-07,100,8,2,2,1
275,4,34,40,2023-01-14,1,1,2,12906,2022-12-09,36,6,2,6,3
299,9,83,87,2024-12-27,5,5,3,15000,2024-12-21,6,1,2,5,2
361,5,46,49,2023-07-03,1,1,4,15000,2023-06-24,9,2,1,1,2
482,5,50,43,2024-03-18,6,6,2,15000,2023-11-16,123,5,3,1,3
487,3,30,25,2023-01-21,10,10,1,8590,2022-10-11,102,10,3,6,1
153,5,50,43,2024-06-10,1,1,1,6060,2024-04-23,48,1,3,1,2
437,1,1,6,2023-05-09,5,5,4,15000,2022-12-30,130,10,2,2,2
186,8,77,71,2024-02-29,7,7,2,3187,2024-02-14,15,9,1,4,1
36,2,18,20,2024-02-04,3,3,2,15000,2024-01-11,24,5,4,7,3
231,8,74,75,2024-10-04,2,2,4,15000,2024-09-05,29,7,5,5,1
140,8,75,72,2023-09-05,3,3,2,15000,2023-05-13,115,1,5,2,3
360,7,67,66,2024-06-16,6,6,1,13253,2024-03-18,90,3,1,7,1
244,8,79,73,2025-07-02,2,2,3,2097,2025-05-29,34,9,3,3,2
401,2,14,15,2023-10-21,7,7,3,10350,2023-07-21,92,9,4,6,1
57,10,98,94,2024-10-02,3,3,4,15000,2024-06-12,112,5,5,3,3
179,8,71,73,2024-07-25,5,5,3,15000,2024-04-01,115,6,3,4,1
451,5,46,45,2023-07-08,9,9,1,15000,2023-07-07,1,6,4,6,1
371,5,43,44,2023-05-27,9,9,2,15000,2023-03-30,58,7,1,6,2
182,4,38,31,2024-10-29,9,9,1,1211,2024-09-03,56,9,5,2,1
184,5,42,41,2023-11-12,3,3,3,15000,2023-06-23,142,7,1,7,1
398,6,60,55,2024-01-16,9,9,4,15000,2023-08-20,149,8,3,2,3
19,2,20,19,2024-01-26,2,2,1,15000,2024-01-15,11,9,1,5,3
55,10,96,95,2023-06-23,7,7,4,15000,2023-02-16,127,6,2,5,3
397,9,84,90,2023-08-11,3,3,3,15000,2023-07-20,22,2,3,5,2
136,5,46,50,2024-11-03,7,7,4,15000,2024-05-21,166,9,5,7,2
495,4,36,31,2024-12-13,2,2,3,15000,2024-06-20,176,7,4,5,1
212,3,27,30,2023-11-14,10,10,4,15000,2023-10-19,26,4,2,2,2
478,5,46,42,2025-06-10,7,7,4,15000,2025-05-28,13,3,2,2,3
357,4,36,34,2023-10-26,8,8,4,8193,2023-05-28,151,1,2,4,1
496,10,95,91,2023-02-13,9,9,1,15000,2022-11-27,78,6,5,1,2
487,7,70,65,2023-09-04,8,8,4,10876,2023-03-12,176,4,2,1,1
425,2,13,11,2023-09-30,4,4,3,15000,2023-05-19,134,4,4,6,2
307,5,42,41,2023-04-30,2,2,4,15000,2023-02-23,66,9,5,7,2
34,4,35,38,2024-12-04,10,10,3,15000,2024-11-06,28,7,1,3,3
265,4,40,38,2025-05-21,9,9,3,15000,2025-05-12,9,7,4,3,1
186,5,45,49,2023-05-31,8,8,4,15000,2023-05-24,7,7,4,3,2
135,8,72,76,2024-11-26,7,7,4,15000,2024-06-30,149,2,4,2,2
235,4,33,38,2025-12-24,6,6,1,15000,2025-07-10,167,2,2,3,2
10,10,95,91,2024-03-15,7,7,1,1476,2023-11-30,106,4,1,5,2
101,7,65,64,2023-12-04,2,2,1,5048,2023-11-16,18,3,1,1,1
90,9,83,89,2024-04-17,1,1,3,10082,2023-12-25,114,1,5,3,3
189,7,61,63,2023-04-25,3,3,4,15000,2023-03-20,36,6,3,2,1
77,8,71,73,2025-09-06,3,3,2,11914,2025-07-11,57,5,5,6,3
390,9,83,81,2023-10-13,6,6,2,15000,2023-07-07,98,4,4,5,1
297,1,8,2,2024-11-09,6,6,4,15000,2024-07-16,116,4,4,6,2
306,8,72,80,2024-07-01,8,8,2,7820,2024-03-21,102,7,4,1,2
196,6,51,56,2023-01-20,9,9,2,15000,2022-08-08,165,3,2,5,2
127,5,49,44,2025-02-05,1,1,4,3848,2024-10-12,116,9,2,3,2
447,7,65,66,2023-04-09,5,5,4,15000,2023-01-05,94,6,2,7,1
396,4,31,40,2023-01-05,5,5,4,15000,2022-10-30,67,3,2,4,1
79,4,39,37,2023-09-11,6,6,4,15000,2023-09-07,4,10,4,1,2
197,5,47,43,2024-05-10,3,3,4,15000,2024-02-12,88,4,5,5,3
136,3,30,29,2024-02-11,3,3,4,10120,2023-08-24,171,9,3,7,2
8,1,7,2,2025-02-12,9,9,4,15000,2024-10-16,119,3,3,3,2
89,7,64,65,2024-03-14,4,4,3,9078,2024-02-12,31,5,3,4,2
208,9,85,88,2025-06-28,6,6,3,15000,2025-06-23,5,3,4,6,1
251,7,61,63,2024-11-12,2,2,1,2113,2024-07-05,130,9,4,2,3
61,4,37,31,2024-03-17,4,4,4,15000,2024-01-08,69,7,3,7,2
295,6,59,58,2023-12-12,8,8,1,15000,2023-08-08,126,2,2,2,2
52,3,21,26,2024-05-19,3,3,3,15000,2024-04-30,19,3,2,7,2
222,5,48,43,2025-12-12,4,4,3,15000,2025-11-21,21,4,4,5,1
428,10,98,96,2025-01-04,5,5,2,11219,2024-09-28,98,6,5,6,3
492,6,51,56,2024-01-06,5,5,2,15000,2023-08-22,137,7,2,6,1
132,10,100,99,2023-11-16,3,3,4,15000,2023-08-15,93,4,3,4,1
137,2,16,13,2023-07-30,5,5,4,15000,2023-04-20,101,6,2,7,3
201,10,93,91,2025-02-05,8,8,3,15000,2024-11-26,71,1,3,3,2
455,10,94,100,2025-02-15,7,7,2,15000,2024-10-25,113,4,1,6,1
483,7,66,69,2025-06-28,6,6,4,15000,2025-04-24,65,3,1,6,1
1,10,94,91,2023-01-15,5,5,4,15000,2022-08-06,162,3,1,7,1
149,7,67,68,2023-03-20,9,9,3,9805,2022-10-26,145,1,1,1,2
310,7,63,68,2024-04-14,5,5,4,6165,2023-11-10,156,10,2,7,2
208,8,78,74,2024-01-27,3,3,3,15000,2023-08-09,171,4,2,6,2
480,10,100,92,2023-02-25,9,9,4,15000,2023-01-13,43,3,4,6,3
226,3,24,29,2023-09-14,6,6,1,14413,2023-04-03,164,1,5,4,1
440,2,13,18,2025-12-29,6,6,2,12455,2025-09-28,92,6,2,1,1
297,3,21,30,2025-01-03,10,10,4,15000,2024-11-07,57,7,4,5,1
289,2,13,15,2024-06-15,4,4,2,8992,2024-05-12,34,1,4,6,2
284,8,73,76,2025-04-02,10,10,2,15000,2025-02-16,45,7,2,3,1
336,7,63,70,2024-12-29,7,7,3,15000,2024-11-12,47,1,5,7,2
499,5,49,45,2025-02-03,8,8,1,1588,2025-01-14,20,10,4,1,1
216,2,15,19,2023-05-30,3,3,2,5313,2023-01-30,120,5,3,2,1
382,6,59,53,2023-12-06,1,1,1,6405,2023-12-02,4,4,4,3,2
205,4,35,38,2024-06-11,10,10,2,15000,2024-01-05,158,10,2,2,1
352,9,89,87,2025-06-06,8,8,3,15000,2025-05-28,9,7,4,5,2
436,4,36,38,2025-06-08,9,9,4,15000,2025-01-09,150,5,4,7,2
51,8,77,75,2025-08-20,6,6,4,15000,2025-05-05,107,4,2,3,1
350,4,32,35,2023-09-20,7,7,2,15000,2023-09-13,7,6,2,3,2
381,8,71,80,2024-11-03,10,10,2,15000,2024-08-20,75,8,3,7,1
332,9,86,83,2025-08-15,9,9,4,15000,2025-04-28,109,10,4,5,2
379,4,39,38,2024-10-30,9,9,2,15000,2024-10-14,16,3,1,3,1
349,8,76,73,2023-06-06,7,7,1,11905,2023-02-18,108,10,5,2,3
333,4,34,35,2025-09-17,4,4,2,11302,2025-07-20,59,3,5,3,2
481,8,78,71,2023-07-07,10,10,4,15000,2023-02-24,133,6,1,5,1
329,8,76,75,2025-09-10,2,2,3,15000,2025-09-03,7,7,5,3,2
32,5,45,42,2023-10-27,5,5,4,15000,2023-07-05,114,9,2,5,2
307,9,85,90,2025-04-12,7,7,3,15000,2025-01-24,78,1,5,6,1
384,5,47,44,2025-10-22,6,6,4,15000,2025-06-14,130,2,5,3,2
30,5,50,45,2024-09-16,1,1,1,14205,2024-04-04,165,5,2,1,2
251,8,77,72,2023-07-07,9,9,1,15000,2023-01-17,171,7,4,5,3
439,7,63,68,2023-01-21,4,4,1,15000,2022-08-18,156,5,1,6,2
228,1,2,10,2024-03-21,10,10,3,15000,2023-12-06,106,5,5,4,1
47,4,32,33,2025-06-22,6,6,1,1750,2025-05-11,42,7,4,7,2
318,5,49,50,2024-05-03,2,2,2,15000,2023-11-15,170,7,5,5,1
73,7,62,67,2023-03-07,4,4,2,7396,2022-10-11,147,8,4,2,3
434,1,4,10,2024-09-10,9,9,3,14612,2024-05-19,114,2,4,2,3
215,5,47,41,2025-05-20,9,9,2,717,2025-02-09,100,6,5,2,2
41,1,6,7,2023-06-23,2,2,4,10568,2023-02-10,133,8,3,5,1
19,1,4,7,2023-07-27,9,9,3,15000,2023-03-22,127,1,1,4,1
67,6,53,60,2024-04-15,1,1,2,15000,2023-11-24,143,1,5,1,2
81,10,98,91,2023-03-13,5,5,3,15000,2022-12-22,81,7,1,1,1
215,5,45,48,2024-03-24,6,6,3,15000,2023-10-15,161,4,3,7,1
102,2,17,13,2025-02-11,5,5,3,15000,2024-10-03,131,1,3,2,2
406,5,48,42,2023-03-14,3,3,1,15000,2022-12-22,82,4,1,2,2
466,2,16,17,2025-01-15,1,1,3,15000,2024-08-05,163,5,1,3,1
488,6,54,52,2023-09-23,8,8,2,11281,2023-05-11,135,6,3,6,2
430,1,10,9,2023-01-26,5,5,4,15000,2022-11-12,75,6,2,4,3
486,10,100,96,2024-12-11,2,2,2,1991,2024-11-22,19,1,2,3,1
278,9,81,89,2024-01-22,10,10,2,14018,2023-07-30,176,3,5,1,2
133,6,51,55,2023-03-25,7,7,3,15000,2022-11-23,122,8,3,6,1
454,3,29,26,2023-01-26,2,2,4,15000,2022-12-06,51,9,3,4,1
295,9,81,85,2025-07-10,3,3,2,3578,2025-01-19,172,1,1,4,1
243,6,51,53,2023-05-03,7,7,2,6051,2022-12-19,135,2,5,3,2
32,2,14,18,2023-09-17,3,3,1,12370,2023-08-20,28,10,1,7,2
415,9,88,85,2023-04-22,6,6,2,15000,2023-03-16,37,7,3,6,1
140,8,79,73,2024-06-29,9,9,4,15000,2024-02-09,141,7,2,6,1
110,4,31,37,2023-06-30,4,4,4,15000,2023-05-06,55,2,3,5,3
90,4,32,40,2024-09-22,9,9,3,15000,2024-06-08,106,1,1,7,3
422,8,73,80,2025-03-09,3,3,3,15000,2024-09-17,173,1,2,7,2
383,2,14,19,2023-10-25,6,6,3,15000,2023-06-05,142,1,1,3,2
128,3,23,27,2024-10-23,7,7,2,15000,2024-10-11,12,2,2,3,2
274,6,57,56,2025-04-29,9,9,4,15000,2024-11-09,171,7,3,2,1
451,7,65,61,2023-12-01,4,4,1,14015,2023-11-14,17,1,1,5,1
328,5,48,42,2023-09-02,7,7,1,3581,2023-05-16,109,4,4,6,3
47,8,77,76,2024-04-04,5,5,4,15000,2023-10-08,179,3,1,4,2
423,5,41,42,2024-03-15,9,9,4,15000,2023-11-28,108,4,4,5,2
130,2,15,20,2024-07-11,5,5,2,15000,2024-06-02,39,8,1,4,2
216,7,61,65,2025-05-22,6,6,3,15000,2024-12-28,145,7,5,4,2
315,3,27,24,2024-05-08,6,6,3,1836,2023-12-13,147,8,4,3,1
461,8,71,74,2023-05-10,2,2,4,15000,2023-01-23,107,4,5,3,2
392,5,48,45,2023-09-04,8,8,1,6616,2023-08-06,29,9,3,1,2
261,8,76,71,2023-04-02,7,7,1,1038,2023-02-20,41,4,1,7,1
458,6,52,59,2024-04-16,8,8,1,3883,2024-01-17,90,8,3,2,1
56,1,1,6,2025-04-12,8,8,3,9617,2025-02-12,59,10,2,6,2
343,2,12,20,2024-08-12,6,6,2,15000,2024-08-10,2,5,3,1,2
94,4,32,33,2025-08-24,2,2,1,999,2025-06-13,72,5,2,7,3
455,8,77,71,2025-06-29,9,9,4,15000,2025-04-14,76,9,5,7,2
168,6,54,52,2024-07-25,2,2,3,15000,2024-05-10,76,3,4,4,1
259,7,62,61,2025-02-27,5,5,4,15000,2025-02-02,25,1,5,4,2
44,2,17,11,2025-04-26,2,2,4,15000,2025-04-10,16,5,5,6,1
199,1,7,4,2024-06-18,6,6,3,15000,2024-05-24,25,10,4,2,2
137,4,33,39,2025-06-05,2,2,3,15000,2025-05-22,14,10,5,4,1
41,9,88,84,2025-11-29,3,3,4,15000,2025-07-23,129,6,3,6,1
324,6,52,55,2025-12-16,2,2,1,7146,2025-08-11,127,9,3,2,2
29,7,66,65,2025-07-08,10,10,4,15000,2025-03-22,108,4,5,2,1
346,4,33,38,2023-11-13,8,8,4,15000,2023-07-20,116,2,4,1,3
377,7,69,62,2025-05-06,6,6,4,15000,2025-03-30,37,1,2,2,1
123,5,48,42,2023-09-02,5,5,2,5972,2023-03-21,165,4,4,6,3
23,5,50,46,2024-12-31,2,2,4,15000,2024-10-04,88,3,3,2,2
115,5,44,47,2023-09-05,10,10,2,12838,2023-04-03,155,4,5,2,1
394,2,12,18,2023-04-01,5,5,2,15000,2023-01-07,84,5,1,6,3
146,3,22,30,2024-09-28,5,5,4,15000,2024-06-13,107,3,3,6,1
409,10,95,100,2023-01-19,9,9,4,15000,2022-12-08,42,3,4,4,2
313,3,27,22,2024-12-11,4,4,1,15000,2024-07-17,147,4,3,3,3
406,6,51,59,2025-08-25,1,1,1,5257,2025-04-01,146,10,5,1,3
168,7,64,65,2025-02-11,1,1,2,15000,2024-12-28,45,9,4,2,2
255,9,85,84,2025-05-20,1,1,4,15000,2024-12-06,165,5,3,2,1
106,5,45,42,2023-12-28,2,2,1,2845,2023-07-05,176,10,1,4,1
18,10,97,93,2025-11-25,1,1,3,1743,2025-05-29,180,4,3,2,1
248,9,82,86,2023-03-08,9,9,1,15000,2022-09-09,180,2,5,3,2
110,6,53,60,2025-03-19,6,6,3,15000,2025-01-12,66,9,2,3,1
161,6,59,57,2023-07-04,10,10,2,15000,2023-02-14,140,9,3,2,1
480,6,53,60,2023-12-07,2,2,3,15000,2023-08-13,116,1,2,4,3
464,4,40,34,2023-01-05,8,8,1,3730,2022-10-14,83,2,1,4,1
283,4,36,37,2025-06-21,7,7,3,15000,2025-01-09,163,6,2,6,3
166,7,69,68,2023-02-28,2,2,4,15000,2023-01-22,37,7,5,2,2
467,4,40,33,2025-10-21,7,7,2,15000,2025-09-24,27,1,2,2,1
40,8,71,79,2025-11-01,6,6,1,5861,2025-07-25,99,9,5,6,2
435,8,75,73,2025-02-18,6,6,3,2274,2024-11-06,104,3,3,2,1
266,3,23,22,2023-05-26,6,6,3,15000,2023-01-13,133,7,4,5,1
259,5,50,46,2023-04-11,8,8,3,1806,2023-03-20,22,2,5,2,2
361,6,55,53,2023-11-30,9,9,2,8137,2023-07-03,150,1,1,4,2
415,2,20,18,2024-12-03,4,4,2,5133,2024-11-26,7,3,2,2,1
409,4,31,36,2024-08-27,4,4,2,15000,2024-07-08,50,2,1,2,1
289,4,37,34,2025-09-03,2,2,2,13379,2025-08-06,28,3,3,3,1
388,7,66,63,2025-10-07,10,10,2,15000,2025-09-02,35,4,3,2,3
148,8,80,79,2023-06-03,3,3,3,2765,2022-12-25,160,3,4,6,1
222,9,90,82,2025-08-14,4,4,4,12466,2025-05-02,104,7,4,4,2
168,5,43,48,2023-10-31,2,2,4,12342,2023-08-11,81,7,5,2,2
154,2,16,11,2024-11-11,5,5,4,15000,2024-07-07,127,7,1,1,1
89,3,28,27,2024-12-27,10,10,3,15000,2024-09-27,91,2,2,5,1
477,7,62,67,2023-03-12,2,2,4,14947,2022-11-28,104,8,1,7,1
140,8,73,78,2025-09-24,7,7,1,2112,2025-07-08,78,10,4,3,1
156,2,11,19,2023-12-31,10,10,2,7357,2023-08-29,124,4,3,7,2
13,9,85,88,2024-06-18,5,5,4,15000,2024-01-03,167,5,5,2,2
493,2,12,15,2024-01-27,1,1,1,14306,2023-11-03,85,10,4,6,1
344,7,68,64,2025-03-14,5,5,3,15000,2024-11-21,113,7,4,5,2
331,6,60,56,2024-03-28,6,6,2,15000,2023-10-02,178,8,2,4,2
241,9,83,90,2023-12-01,1,1,2,2846,2023-07-10,144,9,5,5,2
113,3,28,26,2025-05-09,5,5,4,15000,2025-04-01,38,1,1,5,2
312,10,100,98,2025-09-27,6,6,4,15000,2025-06-04,115,3,4,6,2
312,4,33,31,2025-07-06,8,8,4,3732,2025-05-03,64,9,5,7,3
148,5,47,46,2023-10-11,7,7,3,15000,2023-07-22,81,1,4,3,2
429,9,84,87,2025-12-31,2,2,3,3453,2025-10-06,86,7,1,3,1
338,9,88,81,2023-03-27,9,9,2,15000,2022-10-23,155,8,1,1,1
19,9,83,89,2023-06-28,5,5,1,11846,2023-04-09,80,5,3,3,2
15,4,32,33,2025-11-07,4,4,1,15000,2025-06-09,151,9,5,5,2
174,1,10,3,2023-09-08,3,3,4,8045,2023-05-19,112,9,2,5,2
425,8,73,71,2023-11-08,3,3,1,7977,2023-07-10,121,6,1,3,1
75,5,44,48,2025-11-07,10,10,3,12199,2025-06-29,131,10,1,5,2
295,8,73,78,2023-09-17,2,2,2,15000,2023-08-26,22,9,2,7,3
348,10,98,92,2024-06-23,6,6,4,15000,2024-02-29,115,9,5,7,3
168,1,9,10,2023-11-24,9,9,1,12872,2023-10-03,52,3,4,5,3
328,5,46,50,2024-02-06,7,7,3,15000,2023-12-21,47,3,2,2,3
325,2,16,14,2024-11-19,5,5,4,14144,2024-09-10,70,1,4,2,1
112,8,78,80,2024-05-27,2,2,1,9692,2024-01-23,125,2,2,1,1
480,10,94,98,2024-12-25,1,1,3,15000,2024-12-24,1,8,4,3,3
234,5,43,50,2025-01-27,6,6,3,15000,2024-12-22,36,1,1,1,1
412,7,61,67,2023-07-01,1,1,4,15000,2023-01-26,156,8,4,6,1
136,9,89,83,2025-08-23,7,7,3,15000,2025-08-04,19,3,2,6,2
466,1,10,5,2025-05-04,2,2,4,15000,2025-02-03,90,4,5,7,2
149,10,92,94,2025-06-23,8,8,4,15000,2025-05-28,26,7,1,1,2
275,2,15,13,2023-10-27,3,3,1,13791,2023-10-02,25,9,4,5,2
253,9,87,83,2025-07-21,10,10,2,1097,2025-03-08,135,9,5,1,2
106,9,86,83,2025-10-16,5,5,3,15000,2025-05-20,149,5,1,4,2
345,6,56,55,2023-09-29,6,6,1,4658,2023-05-27,125,2,5,5,2
85,10,94,95,2023-02-10,10,10,4,10990,2023-02-04,6,5,2,5,2
254,8,75,76,2023-01-06,3,3,3,12491,2022-08-15,144,4,1,5,1
129,1,1,7,2023-09-10,7,7,4,15000,2023-08-01,40,6,4,7,3
259,9,84,86,2024-09-05,9,9,3,15000,2024-05-05,123,5,5,4,2
14,1,7,1,2025-09-03,1,1,3,15000,2025-05-25,101,3,1,3,2
345,3,21,29,2023-11-14,7,7,3,14362,2023-10-28,17,10,2,2,2
292,6,59,58,2023-02-24,6,6,3,15000,2022-09-02,175,3,5,5,2
439,1,7,8,2023-02-14,2,2,4,15000,2023-01-25,20,7,5,2,2
362,9,88,89,2025-08-26,6,6,3,15000,2025-05-03,115,7,1,2,3
409,4,37,31,2024-09-02,7,7,1,8102,2024-07-22,42,5,3,1,2
442,5,47,49,2025-01-11,4,4,2,15000,2024-12-28,14,3,2,6,1
259,3,27,25,2024-05-29,5,5,1,15000,2023-12-31,150,10,4,3,2
460,2,18,17,2024-10-31,6,6,2,9533,2024-10-08,23,5,3,4,1
276,9,90,82,2025-02-15,6,6,4,15000,2024-08-19,180,1,3,6,2
411,5,44,49,2024-03-03,8,8,3,15000,2023-11-09,115,10,4,7,2
481,4,34,36,2023-02-17,8,8,4,15000,2022-10-19,121,7,1,5,2
230,3,26,23,2025-12-06,4,4,4,15000,2025-07-27,132,2,1,6,2
201,3,25,22,2024-09-15,2,2,3,15000,2024-08-26,20,1,2,7,2
162,5,47,42,2024-07-14,7,7,4,8655,2024-03-22,114,2,5,7,2
360,8,75,76,2024-07-21,1,1,2,11552,2024-05-05,77,1,2,7,1
279,6,57,51,2024-09-05,7,7,3,15000,2024-05-11,117,3,1,4,2
384,4,39,31,2023-11-02,1,1,3,15000,2023-08-25,69,5,2,4,2
386,10,99,97,2024-01-19,9,9,3,15000,2023-11-17,63,9,2,5,1
62,9,85,89,2024-09-27,5,5,3,15000,2024-08-29,29,6,5,5,2
138,6,60,55,2025-11-07,6,6,2,8423,2025-06-20,140,5,2,5,2
182,4,37,40,2024-03-02,4,4,4,15000,2023-11-10,113,5,5,6,1
410,2,14,19,2024-07-05,10,10,2,11856,2024-05-21,45,9,5,5,2
410,7,62,69,2024-03-31,7,7,1,2092,2023-12-30,92,10,2,7,1
5,5,47,50,2023-11-02,1,1,1,5964,2023-08-30,64,5,4,4,1
500,8,76,77,2024-03-29,10,10,2,15000,2023-10-12,169,8,3,5,1
468,10,93,91,2024-11-27,9,9,3,12209,2024-10-08,50,8,1,3,2
62,3,23,26,2024-06-23,5,5,2,14521,2024-03-27,88,10,4,7,1
432,4,31,39,2025-04-07,10,10,2,6012,2025-03-30,8,7,4,1,1
278,8,79,72,2025-06-11,7,7,1,7932,2024-12-17,176,10,5,3,2
164,1,10,1,2023-11-17,10,10,1,7729,2023-07-04,136,4,3,5,1
45,2,14,20,2023-04-12,4,4,3,15000,2022-12-14,119,8,4,3,2
367,2,14,18,2024-08-19,7,7,3,3657,2024-08-01,18,6,1,1,3
441,5,50,44,2024-06-13,2,2,4,6847,2024-01-03,162,5,3,4,1
206,2,16,17,2025-01-06,4,4,1,3111,2024-10-23,75,6,2,1,1
307,5,41,44,2025-11-13,8,8,4,15000,2025-08-12,93,8,3,4,2
399,10,96,98,2025-05-06,7,7,4,15000,2025-02-22,73,9,4,2,1
381,2,14,19,2024-01-12,9,9,1,8147,2023-08-30,135,3,3,5,1
21,2,12,18,2024-11-23,7,7,2,15000,2024-10-20,34,9,1,6,2
178,5,44,49,2023-11-04,1,1,2,5519,2023-05-23,165,10,4,6,1
123,3,30,28,2023-07-16,9,9,2,8404,2023-04-04,103,8,2,7,1
9,3,21,29,2023-04-24,7,7,1,875,2023-03-15,40,5,4,1,1
402,9,86,89,2024-10-07,9,9,2,15000,2024-05-18,142,4,5,1,3
116,5,48,47,2025-09-20,2,2,2,10048,2025-07-08,74,5,1,6,2
306,9,89,83,2025-11-18,8,8,3,15000,2025-06-01,170,4,5,2,3
78,9,87,89,2024-11-05,8,8,1,11315,2024-08-31,66,5,4,2,1
268,3,27,29,2023-04-08,10,10,4,15000,2023-01-20,78,4,3,6,2
342,9,85,82,2025-09-01,8,8,4,8773,2025-08-26,6,2,2,1,1
191,5,41,42,2023-05-10,9,9,1,2456,2022-12-01,160,5,2,3,2
321,10,93,96,2023-02-28,8,8,3,15000,2022-10-24,127,3,4,2,2
366,2,15,20,2023-03-17,5,5,4,15000,2022-12-20,87,1,1,5,1
152,3,24,29,2025-04-26,5,5,3,15000,2025-04-07,19,5,5,6,3
75,6,60,52,2023-04-02,6,6,2,15000,2022-11-01,152,4,3,7,1
461,4,31,32,2025-04-28,7,7,3,15000,2024-11-15,164,4,1,1,3
302,5,44,50,2024-08-03,3,3,3,15000,2024-06-27,37,10,5,6,2
394,3,27,23,2024-02-05,5,5,1,2484,2023-12-10,57,6,1,1,2
312,5,46,47,2025-03-01,10,10,4,15000,2024-11-27,94,7,2,6,1
274,9,87,84,2024-01-18,4,4,3,15000,2023-12-31,18,5,5,4,1
403,2,11,13,2025-02-07,5,5,4,15000,2025-01-02,36,1,1,5,3
81,2,20,14,2023-08-01,10,10,3,15000,2023-03-12,142,9,5,2,3
272,5,48,45,2023-10-15,7,7,4,9571,2023-04-22,176,5,5,7,3
124,3,24,28,2023-03-23,2,2,1,6187,2022-11-16,127,3,1,4,1
126,2,20,17,2023-04-04,3,3,2,1691,2023-01-04,90,8,2,2,2
240,8,72,71,2025-01-11,10,10,2,15000,2024-08-08,156,9,2,6,2
273,9,87,83,2023-01-12,3,3,2,15000,2022-10-25,79,7,5,4,3
243,6,56,60,2023-01-05,7,7,2,15000,2022-11-25,41,5,1,4,1
343,6,53,59,2024-05-22,10,10,2,15000,2024-05-03,19,2,4,3,1
46,10,100,93,2025-11-23,8,8,1,12626,2025-09-03,81,9,1,7,1
220,6,58,55,2025-08-22,4,4,1,13977,2025-04-21,123,7,3,5,1
90,2,11,12,2023-05-26,6,6,3,15000,2023-02-14,101,9,2,5,3
443,1,10,2,2024-08-07,6,6,2,15000,2024-02-15,174,8,2,3,2
359,7,61,68,2023-01-28,8,8,1,12531,2022-08-19,162,9,5,6,1
367,8,76,75,2025-02-16,7,7,3,15000,2024-12-19,59,8,1,7,2
493,1,6,3,2025-12-12,3,3,4,15000,2025-10-16,57,2,3,5,1
336,5,42,50,2023-05-04,1,1,2,15000,2023-04-12,22,3,5,4,1
179,3,23,22,2024-01-26,5,5,4,15000,2023-09-18,130,6,2,5,2
260,9,87,90,2025-07-05,3,3,3,15000,2025-04-21,75,9,3,6,1
74,6,58,57,2023-11-22,1,1,4,15000,2023-07-29,116,6,3,3,1
439,10,95,97,2023-03-04,6,6,1,7490,2022-11-02,122,3,4,6,1
158,9,86,85,2023-05-15,4,4,1,15000,2023-01-08,127,2,1,1,3
286,4,33,40,2025-01-07,8,8,4,10993,2024-08-11,149,4,2,2,2
172,5,50,42,2024-02-27,6,6,2,1074,2023-12-05,84,8,2,2,1
9,2,18,11,2025-01-21,3,3,2,15000,2024-09-21,122,4,2,2,3
173,5,48,46,2023-06-14,4,4,1,11125,2022-12-24,172,4,3,3,1
456,8,74,75,2025-07-29,2,2,1,9794,2025-07-19,10,4,4,2,1
175,1,1,4,2025-06-15,3,3,4,15000,2025-04-17,59,6,5,7,2
439,3,21,22,2023-06-19,3,3,2,8252,2023-05-19,31,9,2,1,2
71,2,16,17,2025-05-09,3,3,1,11834,2024-11-15,175,9,1,5,1
83,5,43,47,2023-08-08,2,2,2,15000,2023-05-27,73,5,3,2,1
49,8,79,77,2025-11-11,1,1,3,15000,2025-06-27,137,4,5,2,3
476,9,83,88,2025-06-16,4,4,1,13009,2025-05-09,38,5,2,1,2
346,3,23,24,2025-05-31,9,9,2,15000,2025-03-28,64,5,4,6,1
290,3,27,24,2023-09-15,4,4,2,11787,2023-05-08,130,10,1,5,2
457,7,63,67,2023-11-13,3,3,2,11047,2023-09-10,64,10,3,1,1
161,9,90,83,2024-03-19,10,10,4,15000,2023-10-04,167,4,3,2,3
466,6,51,52,2023-07-16,3,3,3,7528,2023-07-05,11,2,5,7,2
343,10,93,100,2023-04-12,10,10,4,15000,2023-04-07,5,3,4,3,3
318,3,30,21,2023-02-01,5,5,3,15000,2022-12-16,47,8,3,3,3
275,1,2,1,2025-01-23,2,2,3,15000,2025-01-11,12,4,3,4,2
268,6,51,56,2023-09-21,6,6,2,15000,2023-06-08,105,1,4,4,1
452,5,50,48,2024-05-01,8,8,2,9934,2024-02-10,81,4,2,3,3
389,2,16,15,2025-10-27,1,1,3,8463,2025-10-20,7,2,3,1,2
414,7,62,63,2023-03-28,8,8,1,7868,2023-01-06,81,6,5,2,3
464,7,67,61,2024-03-25,1,1,3,15000,2024-03-24,1,1,2,1,3
120,7,67,65,2025-11-04,3,3,4,15000,2025-10-07,28,7,5,2,3
10,2,11,15,2024-12-21,1,1,3,15000,2024-10-08,74,1,3,6,3
354,1,10,6,2023-03-28,2,2,1,3695,2023-01-10,77,8,3,2,2
498,2,17,16,2023-10-01,1,1,2,1764,2023-05-17,137,10,5,7,1
34,7,70,68,2025-11-26,9,9,4,15000,2025-11-12,14,1,3,3,3
389,8,72,78,2024-07-27,9,9,2,7734,2024-06-25,32,3,3,6,1
479,9,89,87,2023-04-16,1,1,4,15000,2023-03-31,16,5,3,7,3
275,10,96,95,2025-08-24,4,4,4,15000,2025-08-23,1,2,2,7,1
488,10,100,92,2023-10-14,7,7,2,3724,2023-08-26,49,7,5,6,2
363,4,32,38,2024-05-20,8,8,4,15000,2024-02-11,99,2,1,1,2
70,5,50,44,2023-03-29,10,10,3,15000,2022-11-14,135,4,5,3,2
393,5,45,41,2023-08-30,1,1,1,1681,2023-07-02,59,8,3,3,2
53,4,32,38,2025-05-24,6,6,4,15000,2024-12-17,158,7,4,6,2
361,1,9,1,2023-06-24,5,5,3,15000,2023-04-28,57,4,2,6,1
254,8,71,75,2023-04-03,4,4,4,15000,2022-10-29,156,10,1,1,1
272,4,33,36,2024-09-14,4,4,1,11272,2024-03-22,176,1,3,6,2
475,10,92,99,2025-04-15,1,1,3,15000,2025-03-29,17,4,5,2,2
49,4,38,39,2024-01-11,9,9,1,803,2023-09-17,116,3,3,4,3
320,2,12,15,2023-09-24,9,9,3,15000,2023-08-19,36,9,4,7,2
152,3,30,21,2023-03-29,2,2,3,7975,2023-01-08,80,5,5,3,2
477,9,81,83,2023-07-16,7,7,2,15000,2023-03-09,129,9,2,7,1
426,9,86,90,2025-01-06,10,10,1,4835,2024-10-04,94,8,5,1,1
447,4,35,40,2024-11-14,1,1,2,15000,2024-07-18,119,1,4,4,2
84,9,82,83,2023-02-02,8,8,3,15000,2022-10-09,116,10,1,4,2
319,10,95,100,2024-12-07,6,6,3,15000,2024-08-27,102,8,5,6,1
303,10,100,93,2023-11-02,3,3,1,4472,2023-05-12,174,8,2,4,1
365,2,13,20,2023-05-26,1,1,4,15000,2023-02-14,101,7,5,5,1
342,6,54,55,2025-11-07,2,2,4,4345,2025-07-01,129,5,1,5,3
336,1,10,4,2024-11-10,8,8,2,15000,2024-07-05,128,10,5,7,2
144,1,6,1,2024-01-22,2,2,4,6499,2024-01-04,18,6,2,1,3
492,5,44,43,2024-04-04,10,10,2,15000,2023-12-07,119,7,4,4,2
117,3,30,29,2025-04-18,3,3,4,15000,2025-03-28,21,6,3,5,1
204,2,19,12,2023-08-14,8,8,2,2680,2023-08-11,3,10,5,1,1
17,4,38,39,2025-09-20,8,8,2,15000,2025-03-28,176,4,5,6,2
112,10,97,95,2023-04-13,10,10,2,958,2023-03-15,29,9,2,4,3
333,4,35,37,2025-03-30,9,9,3,15000,2024-12-20,100,4,3,7,2
117,8,75,77,2024-05-23,10,10,1,313,2024-01-20,124,1,3,4,2
218,2,17,16,2025-07-16,5,5,2,15000,2025-02-26,140,8,1,3,3
309,2,13,15,2023-01-15,1,1,3,15000,2022-10-15,92,10,1,7,1
253,3,29,26,2025-05-22,1,1,1,9606,2025-03-17,66,3,2,4,2
449,8,73,79,2025-10-31,6,6,3,15000,2025-09-02,59,8,3,5,1
203,2,13,16,2023-04-05,10,10,1,6365,2022-12-07,119,4,3,3,3
15,2,11,17,2025-05-11,9,9,1,15000,2024-12-07,155,4,5,7,2
81,7,61,64,2025-01-02,4,4,2,4882,2024-10-06,88,2,5,4,1
295,1,1,10,2023-12-04,10,10,4,15000,2023-07-26,131,10,2,1,1
174,9,86,85,2025-01-10,10,10,1,11085,2024-11-10,61,2,1,5,2
500,9,84,89,2025-12-01,7,7,2,2001,2025-07-17,137,6,1,1,2
10,2,17,12,2023-01-17,3,3,4,15000,2022-10-04,105,4,4,2,1
485,4,39,37,2025-08-16,3,3,3,13397,2025-04-30,108,8,2,6,3
487,9,89,87,2023-10-11,4,4,3,15000,2023-09-29,12,8,5,3,2
419,1,7,6,2023-11-14,5,5,4,1037,2023-07-02,135,1,4,2,1
63,6,51,53,2023-05-29,1,1,3,15000,2023-05-26,3,3,3,1,1
4,1,8,9,2023-10-06,8,8,2,15000,2023-08-28,39,9,2,5,2
213,4,32,31,2024-09-20,1,1,4,15000,2024-09-02,18,10,5,5,2
221,5,47,45,2024-08-23,3,3,1,831,2024-07-16,38,9,1,5,3
456,9,82,81,2023-04-23,9,9,4,15000,2022-12-14,130,9,5,7,2
69,9,84,82,2025-12-28,9,9,4,15000,2025-07-24,157,3,1,7,2
363,3,22,25,2024-07-01,5,5,1,9928,2024-05-04,58,5,2,1,1
188,9,85,88,2025-11-29,9,9,2,1859,2025-08-10,111,9,1,6,2
74,2,15,14,2023-03-24,10,10,2,15000,2022-10-30,145,4,4,5,1
273,2,11,17,2023-09-25,10,10,1,12904,2023-07-14,73,3,4,1,1
93,9,82,87,2024-04-28,6,6,4,15000,2024-02-09,79,6,3,7,2
187,8,73,74,2023-09-17,4,4,1,15000,2023-06-28,81,8,3,7,3
77,4,32,36,2024-07-17,10,10,1,14293,2024-05-12,66,6,3,3,3
190,7,68,69,2025-03-08,2,2,1,4116,2024-09-15,174,3,5,6,1
422,4,36,38,2023-11-22,6,6,4,15000,2023-10-10,43,3,5,3,1
10,7,61,70,2023-12-05,6,6,3,11039,2023-07-29,129,1,4,2,2
305,2,20,18,2025-05-27,7,7,3,4819,2025-03-02,86,9,1,2,1
437,1,3,1,2024-08-30,1,1,1,11596,2024-04-12,140,7,3,5,1
440,2,17,16,2024-04-18,5,5,3,15000,2024-01-18,91,2,4,4,1
199,6,51,58,2025-08-25,2,2,2,15000,2025-06-29,57,3,3,1,1
169,2,11,19,2024-01-22,5,5,1,5889,2024-01-17,5,7,5,1,2
342,7,61,66,2024-02-20,3,3,4,15000,2024-02-04,16,5,1,2,2
277,4,40,38,2024-06-24,7,7,4,15000,2024-04-25,60,2,2,1,2
167,4,35,40,2024-11-25,7,7,2,15000,2024-06-04,174,5,4,1,1
69,5,47,43,2025-12-28,4,4,4,15000,2025-10-09,80,7,4,7,1
77,6,52,60,2024-07-11,2,2,4,15000,2024-03-23,110,6,5,4,3
257,3,28,25,2025-07-11,3,3,2,11452,2025-02-13,148,6,2,5,2
402,10,94,99,2023-11-10,4,4,1,874,2023-07-11,122,8,2,5,3
65,5,46,42,2024-09-05,3,3,1,12361,2024-05-07,121,10,4,4,1
321,4,38,32,2024-01-22,9,9,3,5752,2023-10-12,102,9,4,1,1
196,1,8,6,2024-07-02,1,1,4,3338,2024-05-05,58,1,4,2,2
121,6,53,58,2023-07-13,10,10,3,15000,2023-02-26,137,7,2,4,2
294,2,17,12,2024-02-07,8,8,4,15000,2023-08-28,163,1,1,3,2
234,6,60,51,2025-04-04,2,2,2,15000,2025-02-16,47,8,4,5,1
59,6,59,56,2025-11-06,1,1,2,15000,2025-10-24,13,7,5,4,2
465,8,71,78,2023-09-12,7,7,1,1263,2023-04-19,146,6,5,2,1
63,1,5,1,2024-09-20,7,7,2,15000,2024-05-12,131,8,5,5,3
17,5,45,49,2024-03-31,6,6,4,15000,2023-10-20,163,1,1,7,1
317,4,34,37,2024-06-25,6,6,4,15000,2024-01-02,175,7,5,2,2
96,8,77,71,2025-07-19,10,10,2,15000,2025-03-11,130,2,5,6,1
246,2,19,20,2025-01-11,3,3,4,15000,2024-08-12,152,10,2,6,3
27,2,11,16,2023-08-07,10,10,3,15000,2023-04-21,108,5,4,1,3
404,9,86,81,2025-07-27,3,3,3,15000,2025-06-12,45,10,5,7,2
3,7,70,68,2023-04-29,10,10,4,15000,2023-02-25,63,8,1,6,3
97,8,75,73,2023-05-16,5,5,4,15000,2023-03-13,64,7,1,2,2
306,4,37,39,2025-06-23,9,9,3,9585,2025-04-28,56,6,4,1,2
9,5,50,45,2025-03-06,4,4,3,15000,2024-10-14,143,9,2,4,2
290,8,77,80,2025-09-22,10,10,4,15000,2025-09-11,11,10,5,1,3
440,7,69,61,2023-09-25,6,6,3,15000,2023-07-15,72,9,5,1,3
8,9,82,88,2023-06-10,3,3,4,15000,2023-04-20,51,3,1,6,1
180,7,69,63,2023-05-26,1,1,3,15000,2023-03-23,64,7,5,5,1
238,4,40,35,2023-02-06,9,9,4,15000,2023-01-23,14,10,3,1,3
400,2,14,19,2023-01-14,9,9,4,15000,2023-01-13,1,3,3,6,1
400,7,62,64,2025-12-31,8,8,3,11208,2025-12-19,12,5,2,3,2
86,8,78,80,2024-01-19,5,5,4,15000,2023-09-12,129,5,4,5,1
1,1,8,7,2024-09-01,1,1,4,15000,2024-06-21,72,6,4,7,3
263,3,21,27,2025-07-23,10,10,4,15000,2025-06-14,39,9,4,3,2
355,2,20,16,2025-09-30,6,6,4,15000,2025-04-17,166,8,2,2,3
310,10,93,95,2025-07-22,8,8,2,9757,2025-07-11,11,4,5,2,1
436,8,71,78,2024-10-06,6,6,3,15000,2024-08-18,49,4,3,7,2
124,6,58,52,2023-11-01,10,10,4,15000,2023-10-03,29,8,2,3,3
105,7,64,62,2025-08-24,10,10,3,15000,2025-08-07,17,6,3,7,2
176,2,19,20,2024-07-05,2,2,3,13821,2024-05-06,60,10,3,5,3
97,9,90,89,2024-10-30,10,10,3,10076,2024-05-24,159,5,2,3,1
78,9,90,82,2024-03-18,7,7,2,15000,2024-02-05,42,10,4,1,2
388,2,12,11,2023-11-22,5,5,2,15000,2023-10-23,30,5,4,3,3
379,8,74,79,2023-08-19,5,5,1,8827,2023-07-01,49,10,5,6,1
255,3,24,29,2025-05-01,7,7,2,6759,2025-04-19,12,8,2,4,3
247,9,89,86,2023-05-28,3,3,2,15000,2023-02-26,91,4,2,7,1
289,6,60,59,2025-11-22,4,4,2,12716,2025-06-09,166,2,2,6,2
336,9,82,88,2024-07-02,9,9,4,15000,2024-03-26,98,6,3,2,2
175,4,39,37,2025-10-13,3,3,1,2400,2025-09-21,22,10,3,1,1
451,9,85,86,2025-09-16,1,1,1,12387,2025-04-06,163,4,3,2,3
439,1,5,7,2023-04-02,8,8,4,15000,2022-11-28,125,2,3,7,1
93,4,31,36,2023-09-08,9,9,2,8029,2023-05-02,129,3,4,5,3
375,8,75,79,2024-03-06,7,7,1,1719,2023-12-05,92,7,1,3,3
293,4,31,32,2024-07-28,5,5,3,15000,2024-02-22,157,7,3,7,2
238,9,83,81,2025-07-14,3,3,2,15000,2025-06-07,37,6,3,1,1
32,6,54,57,2024-12-14,10,10,4,15000,2024-07-27,140,2,3,6,2
278,9,89,81,2025-03-27,8,8,2,15000,2025-01-02,84,6,5,4,2
88,1,2,5,2023-10-10,5,5,1,6009,2023-08-08,63,6,1,2,2
415,1,1,9,2025-03-24,6,6,2,15000,2024-12-25,89,5,3,1,3
249,4,35,34,2025-12-08,6,6,1,12637,2025-12-01,7,10,4,1,1
82,4,39,38,2024-04-25,5,5,1,8471,2024-03-02,54,4,5,4,1
269,10,99,91,2025-08-19,7,7,2,15000,2025-05-20,91,10,4,2,2
40,8,73,74,2025-11-29,1,1,2,15000,2025-09-28,62,8,5,6,3
331,4,36,37,2023-10-20,8,8,3,14696,2023-09-26,24,9,2,5,1
324,4,35,38,2025-04-16,5,5,2,1170,2024-12-31,106,5,3,3,1
442,10,95,97,2023-04-25,10,10,4,15000,2023-01-23,92,9,1,2,1
191,1,7,4,2025-11-25,10,10,4,15000,2025-11-01,24,6,2,2,2
450,2,19,14,2023-03-15,10,10,2,15000,2023-01-10,64,10,4,3,3
329,10,93,91,2024-09-29,1,1,4,15000,2024-05-31,121,7,2,7,3
397,4,40,32,2023-01-17,9,9,3,2485,2022-08-16,154,9,2,2,2
220,4,37,38,2025-08-10,3,3,3,15000,2025-02-15,176,6,5,7,2
366,8,73,76,2023-04-29,2,2,4,15000,2022-12-05,145,6,3,6,2
281,1,2,4,2023-07-10,6,6,3,7644,2023-01-14,177,9,3,1,1
356,2,15,17,2024-04-29,5,5,4,15000,2024-02-10,79,2,4,1,2
19,1,4,5,2025-07-30,4,4,1,15000,2025-04-03,118,3,5,3,3
441,7,61,63,2025-10-30,8,8,2,5302,2025-06-17,135,5,5,4,1
25,1,3,9,2023-10-13,9,9,2,1510,2023-07-15,90,4,3,5,3
345,1,7,1,2023-02-18,4,4,1,15000,2022-12-09,71,10,2,6,2
394,1,7,1,2025-01-25,5,5,4,3510,2024-08-09,169,2,3,6,1
375,9,86,87,2023-04-23,9,9,4,15000,2023-01-13,100,1,3,7,2
22,7,63,70,2025-01-19,6,6,1,10449,2024-08-02,170,6,1,7,2
336,2,18,17,2025-03-18,10,10,1,6819,2024-12-25,83,2,1,2,1
425,1,9,6,2025-07-16,9,9,3,15000,2025-04-30,77,9,4,3,3
252,4,39,33,2024-06-04,2,2,2,14371,2023-12-07,180,1,2,2,1
90,7,68,70,2024-09-14,6,6,2,13308,2024-09-06,8,5,1,6,2
223,9,88,84,2024-04-06,3,3,2,7600,2024-03-20,17,6,5,6,2
432,9,84,90,2025-02-01,6,6,2,15000,2025-01-26,6,8,3,6,3
278,1,6,1,2024-12-08,2,2,3,5910,2024-07-11,150,8,1,7,1
342,4,37,38,2023-06-12,3,3,3,15000,2023-01-11,152,9,5,1,2
320,6,60,55,2023-11-05,1,1,4,15000,2023-08-26,71,6,4,7,1
146,10,96,91,2023-03-16,9,9,1,9579,2023-03-09,7,1,3,4,1
123,5,42,46,2023-03-11,3,3,3,12252,2023-02-04,35,3,3,6,2
464,2,12,14,2025-12-30,1,1,3,15000,2025-09-23,98,4,1,2,1
268,8,73,74,2024-09-18,6,6,4,15000,2024-06-21,89,5,3,3,1
48,9,82,87,2025-06-08,6,6,2,15000,2025-01-07,152,1,5,7,1
354,6,57,59,2024-06-25,5,5,4,15000,2024-04-19,67,8,4,2,1
270,6,56,58,2025-01-08,10,10,4,15000,2024-11-04,65,7,3,3,1
160,8,72,78,2024-01-23,4,4,4,15000,2023-09-16,129,7,2,2,3
20,7,63,64,2024-07-31,7,7,1,7770,2024-04-07,115,9,2,3,1
324,5,46,48,2024-07-13,3,3,1,3734,2024-06-06,37,1,1,6,1
447,7,69,61,2025-07-12,10,10,4,15000,2025-05-18,55,2,1,6,3
230,6,60,57,2025-10-11,3,3,4,15000,2025-05-18,146,8,2,6,2
190,1,7,4,2025-04-22,6,6,3,5564,2024-10-27,177,5,5,2,2
97,2,14,16,2025-11-07,10,10,4,15000,2025-05-22,169,5,3,5,1
102,3,24,26,2023-11-17,7,7,2,14755,2023-06-14,156,6,2,5,2
52,10,91,98,2025-10-20,1,1,3,6923,2025-10-06,14,2,3,1,2
152,7,63,70,2023-12-16,2,2,4,15000,2023-09-23,84,1,5,6,3
320,8,74,73,2025-03-21,10,10,2,10773,2025-03-03,18,1,2,5,3
114,5,50,48,2024-05-12,1,1,4,4532,2024-02-13,89,2,1,7,2
267,8,73,75,2025-07-30,2,2,3,15000,2025-04-10,111,2,4,3,2
25,5,45,43,2024-10-02,6,6,2,15000,2024-05-17,138,4,4,3,3
